ELF Header:
  Magic:   7f 45 4c 46 01 01 01 00 00 00 00 00 00 00 00 00 
  Class:                             ELF32
  Data:                              2's complement, little endian
  Version:                           1 (current)
  OS/ABI:                            UNIX - System V
  ABI Version:                       0
  Type:                              EXEC (Executable file)
  Machine:                           Tensilica Xtensa Processor
  Version:                           0x1
  Entry point address:               0x40375354
  Start of program headers:          52 (bytes into file)
  Start of section headers:          3334600 (bytes into file)
  Flags:                             0x300
  Size of this header:               52 (bytes)
  Size of program headers:           32 (bytes)
  Number of program headers:         8
  Size of section headers:           40 (bytes)
  Number of section headers:         37
  Section header string table index: 36

Section Headers:
  [Nr] Name              Type            Addr     Off    Size   ES Flg Lk Inf Al
  [ 0]                   NULL            00000000 000000 000000 00      0   0  0
  [ 1] .rtc.text         PROGBITS        600fe000 04e01c 000000 00   W  0   0  1
  [ 2] .rtc.force_fast   PROGBITS        600fe000 04e01c 000000 00   W  0   0  1
  [ 3] .rtc_noinit       PROGBITS        50000000 04e01c 000000 00   W  0   0  1
  [ 4] .rtc.force_slow   PROGBITS        50000000 04e000 00001c 00  WA  0   0  4
  [ 5] .rtc_reserved     NOBITS          600fffe8 04efe8 000018 00  WA  0   0  8
  [ 6] .iram0.vectors    PROGBITS        40374000 031000 000403 00  AX  0   0  4
  [ 7] .iram0.text       PROGBITS        40374404 031404 00d9a7 00  AX  0   0  4
  [ 8] .dram0.dummy      NOBITS          3fc88000 024000 009e00 00  WA  0   0  1
  [ 9] .dram0.data       PROGBITS        3fc91e00 02de00 00289c 00  WA  0   0 16
  [10] .noinit           NOBITS          3fc9469c 000000 000000 00  WA  0   0  1
  [11] .dram0.bss        NOBITS          3fc946a0 03069c 000728 00  WA  0   0  8
  [12] .flash.text       PROGBITS        42000020 03f020 00e65c 00  AX  0   0  4
  [13] .flash_rodata_dummy NOBITS          3c000020 001020 010000 00  WA  0   0  1
  [14] .flash.appdesc    PROGBITS        3c010020 001020 000100 00   A  0   0 16
  [15] .flash.rodata     PROGBITS        3c010120 001120 022e74 00  WA  0   0 16
  [16] .ext_ram.dummy    NOBITS          3c000020 001020 03ffe0 00  WA  0   0  1
  [17] .iram0.text_end   NOBITS          40381dab 03edab 000055 00  WA  0   0  1
  [18] .iram0.data       PROGBITS        40381e00 04e01c 000000 00   W  0   0  1
  [19] .iram0.bss        PROGBITS        40381e00 04e01c 000000 00   W  0   0  1
  [20] .dram0.heap_start PROGBITS        3fc94dc8 04e01c 000000 00   W  0   0  1
  [21] .debug_aranges    PROGBITS        00000000 04e020 0041e0 00      0   0  8
  [22] .debug_info       PROGBITS        00000000 052200 13df7f 00      0   0  1
  [23] .debug_abbrev     PROGBITS        00000000 19017f 0221ed 00      0   0  1
  [24] .debug_line       PROGBITS        00000000 1b236c 0ba2b5 00      0   0  1
  [25] .debug_frame      PROGBITS        00000000 26c624 009aa0 00      0   0  4
  [26] .debug_str        PROGBITS        00000000 2760c4 02bdfb 01  MS  0   0  1
  [27] .debug_loc        PROGBITS        00000000 2a1ebf 05236c 00      0   0  1
  [28] .debug_ranges     PROGBITS        00000000 2f4230 00da28 00      0   0  8
  [29] .debug_line_str   PROGBITS        00000000 301c58 000ffd 01  MS  0   0  1
  [30] .debug_loclists   PROGBITS        00000000 302c55 0095a2 00      0   0  1
  [31] .debug_rnglists   PROGBITS        00000000 30c1f7 0004e5 00      0   0  1
  [32] .comment          PROGBITS        00000000 30c6dc 000054 01  MS  0   0  1
  [33] .xtensa.info      NOTE            00000000 30c730 000038 00      0   0  1
  [34] .symtab           SYMTAB          00000000 30c768 0101d0 10     35 1213  4
  [35] .strtab           STRTAB          00000000 31c938 0116b8 00      0   0  1
  [36] .shstrtab         STRTAB          00000000 32dff0 0001d7 00      0   0  1
Key to Flags:
  W (write), A (alloc), X (execute), M (merge), S (strings), I (info),
  L (link order), O (extra OS processing required), G (group), T (TLS),
  C (compressed), x (unknown), o (OS specific), E (exclude),
  D (mbind), p (processor specific)

There are no section groups in this file.

Program Headers:
  Type           Offset   VirtAddr   PhysAddr   FileSiz MemSiz  Flg Align
  LOAD           0x000020 0x3c000020 0x3c000020 0x00000 0x10000 RW  0x1000
  LOAD           0x000020 0x3c000020 0x3c000020 0x00000 0x3ffe0 RW  0x1000
  LOAD           0x001020 0x3c010020 0x3c010020 0x22f74 0x22f74 RW  0x1000
  LOAD           0x024000 0x3fc88000 0x3fc88000 0x0c69c 0x0cdc8 RW  0x1000
  LOAD           0x031000 0x40374000 0x40374000 0x0ddab 0x0de00 RWE 0x1000
  LOAD           0x03f020 0x42000020 0x42000020 0x0e65c 0x0e65c R E 0x1000
  LOAD           0x04e000 0x50000000 0x50000000 0x0001c 0x0001c RW  0x1000
  LOAD           0x000fe8 0x600fffe8 0x600fffe8 0x00000 0x00018 RW  0x1000

 Section to Segment mapping:
  Segment Sections...
   00     .flash_rodata_dummy 
   01     .flash_rodata_dummy .ext_ram.dummy 
   02     .flash.appdesc .flash.rodata 
   03     .dram0.dummy .dram0.data .noinit .dram0.bss 
   04     .iram0.vectors .iram0.text .iram0.text_end 
   05     .flash.text 
   06     .rtc.force_slow 
   07     .rtc_reserved 

There is no dynamic section in this file.

There are no relocations in this file.

The decoding of unwind sections for machine type Tensilica Xtensa Processor is not currently supported.

Symbol table '.symtab' contains 4125 entries:
   Num:    Value  Size Type    Bind   Vis      Ndx Name
     0: 00000000     0 NOTYPE  LOCAL  DEFAULT  UND 
     1: 600fe000     0 SECTION LOCAL  DEFAULT    1 .rtc.text
     2: 600fe000     0 SECTION LOCAL  DEFAULT    2 .rtc.force_fast
     3: 50000000     0 SECTION LOCAL  DEFAULT    3 .rtc_noinit
     4: 50000000     0 SECTION LOCAL  DEFAULT    4 .rtc.force_slow
     5: 600fffe8     0 SECTION LOCAL  DEFAULT    5 .rtc_reserved
     6: 40374000     0 SECTION LOCAL  DEFAULT    6 .iram0.vectors
     7: 40374404     0 SECTION LOCAL  DEFAULT    7 .iram0.text
     8: 3fc88000     0 SECTION LOCAL  DEFAULT    8 .dram0.dummy
     9: 3fc91e00     0 SECTION LOCAL  DEFAULT    9 .dram0.data
    10: 3fc9469c     0 SECTION LOCAL  DEFAULT   10 .noinit
    11: 3fc946a0     0 SECTION LOCAL  DEFAULT   11 .dram0.bss
    12: 42000020     0 SECTION LOCAL  DEFAULT   12 .flash.text
    13: 3c000020     0 SECTION LOCAL  DEFAULT   13 .flash_rodata_dummy
    14: 3c010020     0 SECTION LOCAL  DEFAULT   14 .flash.appdesc
    15: 3c010120     0 SECTION LOCAL  DEFAULT   15 .flash.rodata
    16: 3c000020     0 SECTION LOCAL  DEFAULT   16 .ext_ram.dummy
    17: 40381dab     0 SECTION LOCAL  DEFAULT   17 .iram0.text_end
    18: 40381e00     0 SECTION LOCAL  DEFAULT   18 .iram0.data
    19: 40381e00     0 SECTION LOCAL  DEFAULT   19 .iram0.bss
    20: 3fc94dc8     0 SECTION LOCAL  DEFAULT   20 .dram0.heap_start
    21: 00000000     0 SECTION LOCAL  DEFAULT   21 .debug_aranges
    22: 00000000     0 SECTION LOCAL  DEFAULT   22 .debug_info
    23: 00000000     0 SECTION LOCAL  DEFAULT   23 .debug_abbrev
    24: 00000000     0 SECTION LOCAL  DEFAULT   24 .debug_line
    25: 00000000     0 SECTION LOCAL  DEFAULT   25 .debug_frame
    26: 00000000     0 SECTION LOCAL  DEFAULT   26 .debug_str
    27: 00000000     0 SECTION LOCAL  DEFAULT   27 .debug_loc
    28: 00000000     0 SECTION LOCAL  DEFAULT   28 .debug_ranges
    29: 00000000     0 SECTION LOCAL  DEFAULT   29 .debug_line_str
    30: 00000000     0 SECTION LOCAL  DEFAULT   30 .debug_loclists
    31: 00000000     0 SECTION LOCAL  DEFAULT   31 .debug_rnglists
    32: 00000000     0 SECTION LOCAL  DEFAULT   32 .comment
    33: 00000000     0 SECTION LOCAL  DEFAULT   33 .xtensa.info
    34: 00000000     0 FILE    LOCAL  DEFAULT  ABS sleep_modes.c
    35: 50000000    28 OBJECT  LOCAL  DEFAULT    4 s_sleep_sub_mode_ref_cnt
    36: 3fc91e80   112 OBJECT  LOCAL  DEFAULT    9 s_config
    37: 42005364    63 FUNC    LOCAL  DEFAULT   12 esp_sleep_sub_mode_config$part$0
    38: 420053a4    51 FUNC    LOCAL  DEFAULT   12 esp_sleep_sub_mode_force_disable$part$0
    39: 3c014698    28 OBJECT  LOCAL  DEFAULT   15 s_submode2str
    40: 00000000     0 FILE    LOCAL  DEFAULT  ABS xtensa_vectors.S.obj
    41: 00000000     0 NOTYPE  LOCAL  DEFAULT  ABS KEXC_pc
    42: 00000004     0 NOTYPE  LOCAL  DEFAULT  ABS KEXC_ps
    43: 00000008     0 NOTYPE  LOCAL  DEFAULT  ABS KEXC_areg
    44: 00000018     0 NOTYPE  LOCAL  DEFAULT  ABS KEXC_sar
    45: 0000001c     0 NOTYPE  LOCAL  DEFAULT  ABS KEXC_lcount
    46: 00000020     0 NOTYPE  LOCAL  DEFAULT  ABS KEXC_lbeg
    47: 00000024     0 NOTYPE  LOCAL  DEFAULT  ABS KEXC_lend
    48: 00000028     0 NOTYPE  LOCAL  DEFAULT  ABS KEXC_acclo
    49: 0000002c     0 NOTYPE  LOCAL  DEFAULT  ABS KEXC_acchi
    50: 00000030     0 NOTYPE  LOCAL  DEFAULT  ABS KEXC_mr
    51: 00000040     0 NOTYPE  LOCAL  DEFAULT  ABS KernelFrameSize
    52: 00000000     0 NOTYPE  LOCAL  DEFAULT  ABS UEXC_pc
    53: 00000004     0 NOTYPE  LOCAL  DEFAULT  ABS UEXC_ps
    54: 00000008     0 NOTYPE  LOCAL  DEFAULT  ABS UEXC_sar
    55: 0000000c     0 NOTYPE  LOCAL  DEFAULT  ABS UEXC_vpri
    56: 00000010     0 NOTYPE  LOCAL  DEFAULT  ABS UEXC_a2
    57: 00000014     0 NOTYPE  LOCAL  DEFAULT  ABS UEXC_a3
    58: 00000018     0 NOTYPE  LOCAL  DEFAULT  ABS UEXC_a4
    59: 0000001c     0 NOTYPE  LOCAL  DEFAULT  ABS UEXC_a5
    60: 00000020     0 NOTYPE  LOCAL  DEFAULT  ABS UEXC_exccause
    61: 00000024     0 NOTYPE  LOCAL  DEFAULT  ABS UEXC_lcount
    62: 00000028     0 NOTYPE  LOCAL  DEFAULT  ABS UEXC_lbeg
    63: 0000002c     0 NOTYPE  LOCAL  DEFAULT  ABS UEXC_lend
    64: 00000030     0 NOTYPE  LOCAL  DEFAULT  ABS UEXC_acclo
    65: 00000034     0 NOTYPE  LOCAL  DEFAULT  ABS UEXC_acchi
    66: 00000038     0 NOTYPE  LOCAL  DEFAULT  ABS UEXC_mr
    67: 00000048     0 NOTYPE  LOCAL  DEFAULT  ABS UEXC_pad
    68: 00000050     0 NOTYPE  LOCAL  DEFAULT  ABS UserFrameSize
    69: 00000100     0 NOTYPE  LOCAL  DEFAULT  ABS UserFrameTotalSize
    70: 00000000     0 NOTYPE  LOCAL  DEFAULT  ABS XT_STK_EXIT
    71: 00000004     0 NOTYPE  LOCAL  DEFAULT  ABS XT_STK_PC
    72: 00000008     0 NOTYPE  LOCAL  DEFAULT  ABS XT_STK_PS
    73: 0000000c     0 NOTYPE  LOCAL  DEFAULT  ABS XT_STK_A0
    74: 00000010     0 NOTYPE  LOCAL  DEFAULT  ABS XT_STK_A1
    75: 00000014     0 NOTYPE  LOCAL  DEFAULT  ABS XT_STK_A2
    76: 00000018     0 NOTYPE  LOCAL  DEFAULT  ABS XT_STK_A3
    77: 0000001c     0 NOTYPE  LOCAL  DEFAULT  ABS XT_STK_A4
    78: 00000020     0 NOTYPE  LOCAL  DEFAULT  ABS XT_STK_A5
    79: 00000024     0 NOTYPE  LOCAL  DEFAULT  ABS XT_STK_A6
    80: 00000028     0 NOTYPE  LOCAL  DEFAULT  ABS XT_STK_A7
    81: 0000002c     0 NOTYPE  LOCAL  DEFAULT  ABS XT_STK_A8
    82: 00000030     0 NOTYPE  LOCAL  DEFAULT  ABS XT_STK_A9
    83: 00000034     0 NOTYPE  LOCAL  DEFAULT  ABS XT_STK_A10
    84: 00000038     0 NOTYPE  LOCAL  DEFAULT  ABS XT_STK_A11
    85: 0000003c     0 NOTYPE  LOCAL  DEFAULT  ABS XT_STK_A12
    86: 00000040     0 NOTYPE  LOCAL  DEFAULT  ABS XT_STK_A13
    87: 00000044     0 NOTYPE  LOCAL  DEFAULT  ABS XT_STK_A14
    88: 00000048     0 NOTYPE  LOCAL  DEFAULT  ABS XT_STK_A15
    89: 0000004c     0 NOTYPE  LOCAL  DEFAULT  ABS XT_STK_SAR
    90: 00000050     0 NOTYPE  LOCAL  DEFAULT  ABS XT_STK_EXCCAUSE
    91: 00000054     0 NOTYPE  LOCAL  DEFAULT  ABS XT_STK_EXCVADDR
    92: 00000058     0 NOTYPE  LOCAL  DEFAULT  ABS XT_STK_LBEG
    93: 0000005c     0 NOTYPE  LOCAL  DEFAULT  ABS XT_STK_LEND
    94: 00000060     0 NOTYPE  LOCAL  DEFAULT  ABS XT_STK_LCOUNT
    95: 00000064     0 NOTYPE  LOCAL  DEFAULT  ABS XT_STK_TMP0
    96: 00000068     0 NOTYPE  LOCAL  DEFAULT  ABS XT_STK_TMP1
    97: 0000006c     0 NOTYPE  LOCAL  DEFAULT  ABS XT_STK_TMP2
    98: 00000070     0 NOTYPE  LOCAL  DEFAULT  ABS XtExcFrameSize
    99: 00000000     0 NOTYPE  LOCAL  DEFAULT  ABS XT_SOL_EXIT
   100: 00000004     0 NOTYPE  LOCAL  DEFAULT  ABS XT_SOL_PC
   101: 00000008     0 NOTYPE  LOCAL  DEFAULT  ABS XT_SOL_PS
   102: 0000000c     0 NOTYPE  LOCAL  DEFAULT  ABS XT_SOL_THREADPTR
   103: 00000010     0 NOTYPE  LOCAL  DEFAULT  ABS XT_SOL_A0
   104: 00000014     0 NOTYPE  LOCAL  DEFAULT  ABS XT_SOL_A1
   105: 00000018     0 NOTYPE  LOCAL  DEFAULT  ABS XT_SOL_A2
   106: 0000001c     0 NOTYPE  LOCAL  DEFAULT  ABS XT_SOL_A3
   107: 00000020     0 NOTYPE  LOCAL  DEFAULT  ABS XtSolFrameSize
   108: 40376a84     0 FUNC    LOCAL  DEFAULT    7 _xt_debugexception
   109: 40376a9c     0 NOTYPE  LOCAL  DEFAULT    7 _xt_kernel_exc
   110: 40376abc     0 FUNC    LOCAL  DEFAULT    7 _xt_user_exc
   111: 40376aac     0 NOTYPE  LOCAL  DEFAULT    7 _xt_to_alloca_exc
   112: 40376ab4     0 NOTYPE  LOCAL  DEFAULT    7 _xt_to_syscall_exc
   113: 40376b6c     0 FUNC    LOCAL  DEFAULT    7 _xt_syscall_exc
   114: 40376ab8     0 NOTYPE  LOCAL  DEFAULT    7 _xt_to_coproc_exc
   115: 40376bb4     0 FUNC    LOCAL  DEFAULT    7 _xt_coproc_exc
   116: 40376ac5     0 NOTYPE  LOCAL  DEFAULT    7 _xt_handle_exc
   117: 40376e5c     0 FUNC    LOCAL  DEFAULT    7 _xt_lowint1
   118: 3c031ae0     0 OBJECT  LOCAL  DEFAULT   15 _xt_coproc_mask
   119: 00000004     0 NOTYPE  LOCAL  DEFAULT  ABS i
   120: 40376ef8     0 FUNC    LOCAL  DEFAULT    7 _xt_medint2
   121: 40376fa8     0 FUNC    LOCAL  DEFAULT    7 _xt_medint3
   122: 40377058     0 FUNC    LOCAL  DEFAULT    7 _xt_highint4
   123: 40377060     0 FUNC    LOCAL  DEFAULT    7 _xt_highint5
   124: 40377068     0 FUNC    LOCAL  DEFAULT    7 _xt_nmi
   125: 00000000     0 FILE    LOCAL  DEFAULT  ABS system_time.c
   126: 3fc946a0     8 OBJECT  LOCAL  DEFAULT   11 s_correction_us
   127: 00000000     0 FILE    LOCAL  DEFAULT  ABS esp_timer_impl_systimer.c
   128: 3fc946a8    12 OBJECT  LOCAL  DEFAULT   11 systimer_hal
   129: 00000000     0 FILE    LOCAL  DEFAULT  ABS startup.c
   130: 3fc946d8     2 OBJECT  LOCAL  DEFAULT   11 s_system_inited
   131: 42000e9c    72 FUNC    LOCAL  DEFAULT   12 do_system_init_fn
   132: 3fc946d4     1 OBJECT  LOCAL  DEFAULT   11 s_system_full_inited
   133: 42000ee4   153 FUNC    LOCAL  DEFAULT   12 start_cpu0_default
   134: 4037520c    53 FUNC    LOCAL  DEFAULT    7 start_cpu_other_cores_default
   135: 00000000     0 FILE    LOCAL  DEFAULT  ABS cpu_start.c
   136: 3fc946f0     2 OBJECT  LOCAL  DEFAULT   11 s_cpu_up
   137: 3fc946ec     2 OBJECT  LOCAL  DEFAULT   11 s_cpu_inited
   138: 3fc946e8     1 OBJECT  LOCAL  DEFAULT   11 s_resume_cores
   139: 00000000     0 FILE    LOCAL  DEFAULT  ABS brownout.c
   140: 403755e0   165 FUNC    LOCAL  DEFAULT    7 rtc_brownout_isr_handler
   141: 00000000     0 FILE    LOCAL  DEFAULT  ABS highint_hdl.S.obj
   142: 00000000     0 NOTYPE  LOCAL  DEFAULT  ABS KEXC_pc
   143: 00000004     0 NOTYPE  LOCAL  DEFAULT  ABS KEXC_ps
   144: 00000008     0 NOTYPE  LOCAL  DEFAULT  ABS KEXC_areg
   145: 00000018     0 NOTYPE  LOCAL  DEFAULT  ABS KEXC_sar
   146: 0000001c     0 NOTYPE  LOCAL  DEFAULT  ABS KEXC_lcount
   147: 00000020     0 NOTYPE  LOCAL  DEFAULT  ABS KEXC_lbeg
   148: 00000024     0 NOTYPE  LOCAL  DEFAULT  ABS KEXC_lend
   149: 00000028     0 NOTYPE  LOCAL  DEFAULT  ABS KEXC_acclo
   150: 0000002c     0 NOTYPE  LOCAL  DEFAULT  ABS KEXC_acchi
   151: 00000030     0 NOTYPE  LOCAL  DEFAULT  ABS KEXC_mr
   152: 00000040     0 NOTYPE  LOCAL  DEFAULT  ABS KernelFrameSize
   153: 00000000     0 NOTYPE  LOCAL  DEFAULT  ABS UEXC_pc
   154: 00000004     0 NOTYPE  LOCAL  DEFAULT  ABS UEXC_ps
   155: 00000008     0 NOTYPE  LOCAL  DEFAULT  ABS UEXC_sar
   156: 0000000c     0 NOTYPE  LOCAL  DEFAULT  ABS UEXC_vpri
   157: 00000010     0 NOTYPE  LOCAL  DEFAULT  ABS UEXC_a2
   158: 00000014     0 NOTYPE  LOCAL  DEFAULT  ABS UEXC_a3
   159: 00000018     0 NOTYPE  LOCAL  DEFAULT  ABS UEXC_a4
   160: 0000001c     0 NOTYPE  LOCAL  DEFAULT  ABS UEXC_a5
   161: 00000020     0 NOTYPE  LOCAL  DEFAULT  ABS UEXC_exccause
   162: 00000024     0 NOTYPE  LOCAL  DEFAULT  ABS UEXC_lcount
   163: 00000028     0 NOTYPE  LOCAL  DEFAULT  ABS UEXC_lbeg
   164: 0000002c     0 NOTYPE  LOCAL  DEFAULT  ABS UEXC_lend
   165: 00000030     0 NOTYPE  LOCAL  DEFAULT  ABS UEXC_acclo
   166: 00000034     0 NOTYPE  LOCAL  DEFAULT  ABS UEXC_acchi
   167: 00000038     0 NOTYPE  LOCAL  DEFAULT  ABS UEXC_mr
   168: 00000048     0 NOTYPE  LOCAL  DEFAULT  ABS UEXC_pad
   169: 00000050     0 NOTYPE  LOCAL  DEFAULT  ABS UserFrameSize
   170: 00000100     0 NOTYPE  LOCAL  DEFAULT  ABS UserFrameTotalSize
   171: 00000000     0 NOTYPE  LOCAL  DEFAULT  ABS XT_STK_EXIT
   172: 00000004     0 NOTYPE  LOCAL  DEFAULT  ABS XT_STK_PC
   173: 00000008     0 NOTYPE  LOCAL  DEFAULT  ABS XT_STK_PS
   174: 0000000c     0 NOTYPE  LOCAL  DEFAULT  ABS XT_STK_A0
   175: 00000010     0 NOTYPE  LOCAL  DEFAULT  ABS XT_STK_A1
   176: 00000014     0 NOTYPE  LOCAL  DEFAULT  ABS XT_STK_A2
   177: 00000018     0 NOTYPE  LOCAL  DEFAULT  ABS XT_STK_A3
   178: 0000001c     0 NOTYPE  LOCAL  DEFAULT  ABS XT_STK_A4
   179: 00000020     0 NOTYPE  LOCAL  DEFAULT  ABS XT_STK_A5
   180: 00000024     0 NOTYPE  LOCAL  DEFAULT  ABS XT_STK_A6
   181: 00000028     0 NOTYPE  LOCAL  DEFAULT  ABS XT_STK_A7
   182: 0000002c     0 NOTYPE  LOCAL  DEFAULT  ABS XT_STK_A8
   183: 00000030     0 NOTYPE  LOCAL  DEFAULT  ABS XT_STK_A9
   184: 00000034     0 NOTYPE  LOCAL  DEFAULT  ABS XT_STK_A10
   185: 00000038     0 NOTYPE  LOCAL  DEFAULT  ABS XT_STK_A11
   186: 0000003c     0 NOTYPE  LOCAL  DEFAULT  ABS XT_STK_A12
   187: 00000040     0 NOTYPE  LOCAL  DEFAULT  ABS XT_STK_A13
   188: 00000044     0 NOTYPE  LOCAL  DEFAULT  ABS XT_STK_A14
   189: 00000048     0 NOTYPE  LOCAL  DEFAULT  ABS XT_STK_A15
   190: 0000004c     0 NOTYPE  LOCAL  DEFAULT  ABS XT_STK_SAR
   191: 00000050     0 NOTYPE  LOCAL  DEFAULT  ABS XT_STK_EXCCAUSE
   192: 00000054     0 NOTYPE  LOCAL  DEFAULT  ABS XT_STK_EXCVADDR
   193: 00000058     0 NOTYPE  LOCAL  DEFAULT  ABS XT_STK_LBEG
   194: 0000005c     0 NOTYPE  LOCAL  DEFAULT  ABS XT_STK_LEND
   195: 00000060     0 NOTYPE  LOCAL  DEFAULT  ABS XT_STK_LCOUNT
   196: 00000064     0 NOTYPE  LOCAL  DEFAULT  ABS XT_STK_TMP0
   197: 00000068     0 NOTYPE  LOCAL  DEFAULT  ABS XT_STK_TMP1
   198: 0000006c     0 NOTYPE  LOCAL  DEFAULT  ABS XT_STK_TMP2
   199: 00000070     0 NOTYPE  LOCAL  DEFAULT  ABS XtExcFrameSize
   200: 00000000     0 NOTYPE  LOCAL  DEFAULT  ABS XT_SOL_EXIT
   201: 00000004     0 NOTYPE  LOCAL  DEFAULT  ABS XT_SOL_PC
   202: 00000008     0 NOTYPE  LOCAL  DEFAULT  ABS XT_SOL_PS
   203: 0000000c     0 NOTYPE  LOCAL  DEFAULT  ABS XT_SOL_THREADPTR
   204: 00000010     0 NOTYPE  LOCAL  DEFAULT  ABS XT_SOL_A0
   205: 00000014     0 NOTYPE  LOCAL  DEFAULT  ABS XT_SOL_A1
   206: 00000018     0 NOTYPE  LOCAL  DEFAULT  ABS XT_SOL_A2
   207: 0000001c     0 NOTYPE  LOCAL  DEFAULT  ABS XT_SOL_A3
   208: 00000020     0 NOTYPE  LOCAL  DEFAULT  ABS XtSolFrameSize
   209: 40375711     0 NOTYPE  LOCAL  DEFAULT    7 jump_to_esp_ipc_isr_handler
   210: 00000000     0 FILE    LOCAL  DEFAULT  ABS clk.c
   211: 40375718    26 FUNC    LOCAL  DEFAULT    7 recalib_bbpll
   212: 42001060   157 FUNC    LOCAL  DEFAULT   12 select_rtc_slow_clk
   213: 3c013fe8    13 OBJECT  LOCAL  DEFAULT   15 __func__$0
   214: 00000000     0 FILE    LOCAL  DEFAULT  ABS reset_reason.c
   215: 3fc946f4     4 OBJECT  LOCAL  DEFAULT   11 s_reset_reason
   216: 3c013ff8    26 OBJECT  LOCAL  DEFAULT   15 __func__$0
   217: 420013e4   191 FUNC    LOCAL  DEFAULT   12 esp_reset_reason_init
   218: 00000000     0 FILE    LOCAL  DEFAULT  ABS system_internal.c
   219: 00000000     0 FILE    LOCAL  DEFAULT  ABS apb_backup_dma.c
   220: 3fc91e00     8 OBJECT  LOCAL  DEFAULT    9 s_apb_backup_dma_mutex
   221: 40375980    14 FUNC    LOCAL  DEFAULT    7 apb_backup_dma_unlock
   222: 40375990    18 FUNC    LOCAL  DEFAULT    7 apb_backup_dma_lock
   223: 00000000     0 FILE    LOCAL  DEFAULT  ABS int_wdt.c
   224: 3fc946fc     8 OBJECT  LOCAL  DEFAULT   11 iwdt_context
   225: 403759a4   104 FUNC    LOCAL  DEFAULT    7 tick_hook
   226: 00000000     0 FILE    LOCAL  DEFAULT  ABS panic.c
   227: 3fc91e08     8 OBJECT  LOCAL  DEFAULT    9 rtc_wdt_ctx
   228: 4200164c   134 FUNC    LOCAL  DEFAULT   12 esp_panic_handler_feed_wdts$part$0
   229: 4200d5ac     5 FUNC    LOCAL  DEFAULT   12 print_abort_details
   230: 3fc92590     8 OBJECT  LOCAL  DEFAULT    9 g_panic_entry_count
   231: 00000000     0 FILE    LOCAL  DEFAULT  ABS panic_handler.c
   232: 420019ec   107 FUNC    LOCAL  DEFAULT   12 print_state
   233: 420018b0   315 FUNC    LOCAL  DEFAULT   12 panic_handler
   234: 00000000     0 FILE    LOCAL  DEFAULT  ABS esp_ipc_isr.c
   235: 3fc94714     4 OBJECT  LOCAL  DEFAULT   11 s_stall_state
   236: 00000000     0 FILE    LOCAL  DEFAULT  ABS esp_ipc_isr_handler.S.obj
   237: 00000000     0 NOTYPE  LOCAL  DEFAULT  ABS KEXC_pc
   238: 00000004     0 NOTYPE  LOCAL  DEFAULT  ABS KEXC_ps
   239: 00000008     0 NOTYPE  LOCAL  DEFAULT  ABS KEXC_areg
   240: 00000018     0 NOTYPE  LOCAL  DEFAULT  ABS KEXC_sar
   241: 0000001c     0 NOTYPE  LOCAL  DEFAULT  ABS KEXC_lcount
   242: 00000020     0 NOTYPE  LOCAL  DEFAULT  ABS KEXC_lbeg
   243: 00000024     0 NOTYPE  LOCAL  DEFAULT  ABS KEXC_lend
   244: 00000028     0 NOTYPE  LOCAL  DEFAULT  ABS KEXC_acclo
   245: 0000002c     0 NOTYPE  LOCAL  DEFAULT  ABS KEXC_acchi
   246: 00000030     0 NOTYPE  LOCAL  DEFAULT  ABS KEXC_mr
   247: 00000040     0 NOTYPE  LOCAL  DEFAULT  ABS KernelFrameSize
   248: 00000000     0 NOTYPE  LOCAL  DEFAULT  ABS UEXC_pc
   249: 00000004     0 NOTYPE  LOCAL  DEFAULT  ABS UEXC_ps
   250: 00000008     0 NOTYPE  LOCAL  DEFAULT  ABS UEXC_sar
   251: 0000000c     0 NOTYPE  LOCAL  DEFAULT  ABS UEXC_vpri
   252: 00000010     0 NOTYPE  LOCAL  DEFAULT  ABS UEXC_a2
   253: 00000014     0 NOTYPE  LOCAL  DEFAULT  ABS UEXC_a3
   254: 00000018     0 NOTYPE  LOCAL  DEFAULT  ABS UEXC_a4
   255: 0000001c     0 NOTYPE  LOCAL  DEFAULT  ABS UEXC_a5
   256: 00000020     0 NOTYPE  LOCAL  DEFAULT  ABS UEXC_exccause
   257: 00000024     0 NOTYPE  LOCAL  DEFAULT  ABS UEXC_lcount
   258: 00000028     0 NOTYPE  LOCAL  DEFAULT  ABS UEXC_lbeg
   259: 0000002c     0 NOTYPE  LOCAL  DEFAULT  ABS UEXC_lend
   260: 00000030     0 NOTYPE  LOCAL  DEFAULT  ABS UEXC_acclo
   261: 00000034     0 NOTYPE  LOCAL  DEFAULT  ABS UEXC_acchi
   262: 00000038     0 NOTYPE  LOCAL  DEFAULT  ABS UEXC_mr
   263: 00000048     0 NOTYPE  LOCAL  DEFAULT  ABS UEXC_pad
   264: 00000050     0 NOTYPE  LOCAL  DEFAULT  ABS UserFrameSize
   265: 00000100     0 NOTYPE  LOCAL  DEFAULT  ABS UserFrameTotalSize
   266: 00000000     0 NOTYPE  LOCAL  DEFAULT  ABS XT_STK_EXIT
   267: 00000004     0 NOTYPE  LOCAL  DEFAULT  ABS XT_STK_PC
   268: 00000008     0 NOTYPE  LOCAL  DEFAULT  ABS XT_STK_PS
   269: 0000000c     0 NOTYPE  LOCAL  DEFAULT  ABS XT_STK_A0
   270: 00000010     0 NOTYPE  LOCAL  DEFAULT  ABS XT_STK_A1
   271: 00000014     0 NOTYPE  LOCAL  DEFAULT  ABS XT_STK_A2
   272: 00000018     0 NOTYPE  LOCAL  DEFAULT  ABS XT_STK_A3
   273: 0000001c     0 NOTYPE  LOCAL  DEFAULT  ABS XT_STK_A4
   274: 00000020     0 NOTYPE  LOCAL  DEFAULT  ABS XT_STK_A5
   275: 00000024     0 NOTYPE  LOCAL  DEFAULT  ABS XT_STK_A6
   276: 00000028     0 NOTYPE  LOCAL  DEFAULT  ABS XT_STK_A7
   277: 0000002c     0 NOTYPE  LOCAL  DEFAULT  ABS XT_STK_A8
   278: 00000030     0 NOTYPE  LOCAL  DEFAULT  ABS XT_STK_A9
   279: 00000034     0 NOTYPE  LOCAL  DEFAULT  ABS XT_STK_A10
   280: 00000038     0 NOTYPE  LOCAL  DEFAULT  ABS XT_STK_A11
   281: 0000003c     0 NOTYPE  LOCAL  DEFAULT  ABS XT_STK_A12
   282: 00000040     0 NOTYPE  LOCAL  DEFAULT  ABS XT_STK_A13
   283: 00000044     0 NOTYPE  LOCAL  DEFAULT  ABS XT_STK_A14
   284: 00000048     0 NOTYPE  LOCAL  DEFAULT  ABS XT_STK_A15
   285: 0000004c     0 NOTYPE  LOCAL  DEFAULT  ABS XT_STK_SAR
   286: 00000050     0 NOTYPE  LOCAL  DEFAULT  ABS XT_STK_EXCCAUSE
   287: 00000054     0 NOTYPE  LOCAL  DEFAULT  ABS XT_STK_EXCVADDR
   288: 00000058     0 NOTYPE  LOCAL  DEFAULT  ABS XT_STK_LBEG
   289: 0000005c     0 NOTYPE  LOCAL  DEFAULT  ABS XT_STK_LEND
   290: 00000060     0 NOTYPE  LOCAL  DEFAULT  ABS XT_STK_LCOUNT
   291: 00000064     0 NOTYPE  LOCAL  DEFAULT  ABS XT_STK_TMP0
   292: 00000068     0 NOTYPE  LOCAL  DEFAULT  ABS XT_STK_TMP1
   293: 0000006c     0 NOTYPE  LOCAL  DEFAULT  ABS XT_STK_TMP2
   294: 00000070     0 NOTYPE  LOCAL  DEFAULT  ABS XtExcFrameSize
   295: 00000000     0 NOTYPE  LOCAL  DEFAULT  ABS XT_SOL_EXIT
   296: 00000004     0 NOTYPE  LOCAL  DEFAULT  ABS XT_SOL_PC
   297: 00000008     0 NOTYPE  LOCAL  DEFAULT  ABS XT_SOL_PS
   298: 0000000c     0 NOTYPE  LOCAL  DEFAULT  ABS XT_SOL_THREADPTR
   299: 00000010     0 NOTYPE  LOCAL  DEFAULT  ABS XT_SOL_A0
   300: 00000014     0 NOTYPE  LOCAL  DEFAULT  ABS XT_SOL_A1
   301: 00000018     0 NOTYPE  LOCAL  DEFAULT  ABS XT_SOL_A2
   302: 0000001c     0 NOTYPE  LOCAL  DEFAULT  ABS XT_SOL_A3
   303: 00000020     0 NOTYPE  LOCAL  DEFAULT  ABS XtSolFrameSize
   304: 3fc91e14     0 NOTYPE  LOCAL  DEFAULT    9 _lx_intr_stack
   305: 00000000     0 FILE    LOCAL  DEFAULT  ABS debug_helpers.c
   306: 00000000     0 FILE    LOCAL  DEFAULT  ABS esp_ipc.c
   307: 3c014154     9 OBJECT  LOCAL  DEFAULT   15 __func__$0
   308: 3fc9472c     2 OBJECT  LOCAL  DEFAULT   11 s_no_block_func_and_arg_are_ready
   309: 3fc94730     8 OBJECT  LOCAL  DEFAULT   11 s_no_block_func
   310: 3fc94724     8 OBJECT  LOCAL  DEFAULT   11 s_no_block_func_arg
   311: 3fc94748     8 OBJECT  LOCAL  DEFAULT   11 s_func
   312: 3fc94740     8 OBJECT  LOCAL  DEFAULT   11 s_func_arg
   313: 3fc94738     8 OBJECT  LOCAL  DEFAULT   11 s_wait_for
   314: 3fc94750     8 OBJECT  LOCAL  DEFAULT   11 s_ipc_ack
   315: 40375d3c   223 FUNC    LOCAL  DEFAULT    7 ipc_task
   316: 3fc94760     8 OBJECT  LOCAL  DEFAULT   11 s_ipc_task_handle
   317: 3fc94758     8 OBJECT  LOCAL  DEFAULT   11 s_ipc_mutex
   318: 42001dd8   180 FUNC    LOCAL  DEFAULT   12 esp_ipc_call_and_wait$part$0
   319: 3fc92640   168 OBJECT  LOCAL  DEFAULT    9 s_ipc_mutex_buffer
   320: 3fc92598   168 OBJECT  LOCAL  DEFAULT    9 s_ipc_ack_buffer
   321: 3c014160    13 OBJECT  LOCAL  DEFAULT   15 __func__$1
   322: 42001e8c   135 FUNC    LOCAL  DEFAULT   12 esp_ipc_init
   323: 00000000     0 FILE    LOCAL  DEFAULT  ABS freertos_hooks.c
   324: 3fc94768    64 OBJECT  LOCAL  DEFAULT   11 tick_cb
   325: 3fc947a8    64 OBJECT  LOCAL  DEFAULT   11 idle_cb
   326: 3fc91e24     8 OBJECT  LOCAL  DEFAULT    9 hooks_spinlock
   327: 00000000     0 FILE    LOCAL  DEFAULT  ABS efuse_hal.c
   328: 00000000     0 FILE    LOCAL  DEFAULT  ABS heap_caps.c
   329: 3fc947f0     4 OBJECT  LOCAL  DEFAULT   11 alloc_failed_callback
   330: 40375ebc    22 FUNC    LOCAL  DEFAULT    7 heap_caps_alloc_failed
   331: 3c0141d0    17 OBJECT  LOCAL  DEFAULT   15 __func__$12
   332: 3fc91e30     4 OBJECT  LOCAL  DEFAULT    9 malloc_alwaysinternal_limit
   333: 3c0141b4    25 OBJECT  LOCAL  DEFAULT   15 __func__$11
   334: 3c014184    18 OBJECT  LOCAL  DEFAULT   15 __func__$6
   335: 3c014198    26 OBJECT  LOCAL  DEFAULT   15 __func__$10
   336: 3c014170    17 OBJECT  LOCAL  DEFAULT   15 __func__$5
   337: 00000000     0 FILE    LOCAL  DEFAULT  ABS heap_caps_base.c
   338: 3c01436c    15 OBJECT  LOCAL  DEFAULT   15 __func__$2
   339: 3c014354    24 OBJECT  LOCAL  DEFAULT   15 __func__$1
   340: 3c01433c    23 OBJECT  LOCAL  DEFAULT   15 __func__$0
   341: 00000000     0 FILE    LOCAL  DEFAULT  ABS esp_clk.c
   342: 3fc91e38     8 OBJECT  LOCAL  DEFAULT    9 s_esp_rtc_time_lock
   343: 3fc91e34     1 OBJECT  LOCAL  DEFAULT    9 first_call$0
   344: 600fffe8    24 OBJECT  LOCAL  DEFAULT    5 s_rtc_timer_retain_mem
   345: 00000000     0 FILE    LOCAL  DEFAULT  ABS intr_alloc.c
   346: 3fc91e40     8 OBJECT  LOCAL  DEFAULT    9 spinlock
   347: 40376330    57 FUNC    LOCAL  DEFAULT    7 shared_intr_isr
   348: 3c0143e0    20 OBJECT  LOCAL  DEFAULT   15 __func__$5
   349: 42002810   158 FUNC    LOCAL  DEFAULT   12 is_vect_desc_usable
   350: 3fc9480c     4 OBJECT  LOCAL  DEFAULT   11 vector_desc_head
   351: 420028b0   165 FUNC    LOCAL  DEFAULT   12 get_desc_for_int
   352: 3fc94804     8 OBJECT  LOCAL  DEFAULT   11 non_iram_int_mask
   353: 3c01437c    17 OBJECT  LOCAL  DEFAULT   15 __func__$0
   354: 3c0143f4    21 OBJECT  LOCAL  DEFAULT   15 __func__$6
   355: 3c0143c4    25 OBJECT  LOCAL  DEFAULT   15 __func__$3
   356: 3c0143ac    22 OBJECT  LOCAL  DEFAULT   15 __func__$2
   357: 3c014390    26 OBJECT  LOCAL  DEFAULT   15 __func__$1
   358: 42002e44   196 FUNC    LOCAL  DEFAULT   12 intr_free_for_current_cpu$isra$0
   359: 42002f08    10 FUNC    LOCAL  DEFAULT   12 intr_free_for_other_cpu
   360: 3fc947f8     2 OBJECT  LOCAL  DEFAULT   11 non_iram_int_disabled_flag
   361: 3fc947fc     8 OBJECT  LOCAL  DEFAULT   11 non_iram_int_disabled
   362: 00000000     0 FILE    LOCAL  DEFAULT  ABS periph_ctrl.c
   363: 42002f64   404 FUNC    LOCAL  DEFAULT   12 periph_ll_get_clk_en_mask
   364: 420030f8   394 FUNC    LOCAL  DEFAULT   12 periph_ll_get_rst_en_mask
   365: 3fc91e48     8 OBJECT  LOCAL  DEFAULT    9 periph_spinlock
   366: 3fc94810    42 OBJECT  LOCAL  DEFAULT   11 ref_counts
   367: 3c01440c    21 OBJECT  LOCAL  DEFAULT   15 __func__$2
   368: 00000000     0 FILE    LOCAL  DEFAULT  ABS rtc_module.c
   369: 3fc926e8     8 OBJECT  LOCAL  DEFAULT    9 s_rtc_isr_handler_list_lock
   370: 3fc926f0     4 OBJECT  LOCAL  DEFAULT    9 s_rtc_isr_handler_list
   371: 40376504    79 FUNC    LOCAL  DEFAULT    7 rtc_isr
   372: 3fc9483c     4 OBJECT  LOCAL  DEFAULT   11 s_rtc_isr_handle
   373: 3fc926f4     4 OBJECT  LOCAL  DEFAULT    9 rtc_isr_cpu
   374: 3fc926fc     4 OBJECT  LOCAL  DEFAULT    9 rtc_intr_cache
   375: 3fc926f8     4 OBJECT  LOCAL  DEFAULT    9 rtc_intr_enabled
   376: 00000000     0 FILE    LOCAL  DEFAULT  ABS regi2c_ctrl.c
   377: 3fc91e50     8 OBJECT  LOCAL  DEFAULT    9 mux
   378: 00000000     0 FILE    LOCAL  DEFAULT  ABS port.c
   379: 3c014a68    22 OBJECT  LOCAL  DEFAULT   15 __func__$4
   380: 3c014a54    17 OBJECT  LOCAL  DEFAULT   15 __func__$2
   381: 3c014a2c    17 OBJECT  LOCAL  DEFAULT   15 __func__$0
   382: 3c014a40    18 OBJECT  LOCAL  DEFAULT   15 __func__$1
   383: 00000000     0 FILE    LOCAL  DEFAULT  ABS locks.c
   384: 3fc91ef8     8 OBJECT  LOCAL  DEFAULT    9 lock_init_spinlock
   385: 3c014afc    21 OBJECT  LOCAL  DEFAULT   15 __func__$1
   386: 40376684   166 FUNC    LOCAL  DEFAULT    7 lock_acquire_generic
   387: 3c014ae4    21 OBJECT  LOCAL  DEFAULT   15 __func__$2
   388: 4037672c    92 FUNC    LOCAL  DEFAULT    7 lock_release_generic
   389: 3c014b14    12 OBJECT  LOCAL  DEFAULT   15 __func__$0
   390: 3c014ad0    19 OBJECT  LOCAL  DEFAULT   15 __func__$3
   391: 3fc94b98    84 OBJECT  LOCAL  DEFAULT   11 s_common_mutex
   392: 3fc94b44    84 OBJECT  LOCAL  DEFAULT   11 s_common_recursive_mutex
   393: 3c014ab8    22 OBJECT  LOCAL  DEFAULT   15 __func__$4
   394: 00000000     0 FILE    LOCAL  DEFAULT  ABS reent_init.c
   395: 00000000     0 FILE    LOCAL  DEFAULT  ABS time.c
   396: 3fc94bf8     8 OBJECT  LOCAL  DEFAULT   11 s_adjtime_start_us
   397: 3fc94bf0     8 OBJECT  LOCAL  DEFAULT   11 s_adjtime_total_correction_us
   398: 42005584   227 FUNC    LOCAL  DEFAULT   12 adjust_boot_time
   399: 3fc94bec     4 OBJECT  LOCAL  DEFAULT   11 s_time_lock
   400: 42005668   100 FUNC    LOCAL  DEFAULT   12 settimeofday$part$0
   401: 00000000     0 FILE    LOCAL  DEFAULT  ABS xtensa_intr.c
   402: 00000000     0 FILE    LOCAL  DEFAULT  ABS bootloader_flash.c
   403: 3c031af0    40 OBJECT  LOCAL  DEFAULT   15 __func__$1
   404: 00000000     0 FILE    LOCAL  DEFAULT  ABS flash_encrypt.c
   405: 00000000     0 FILE    LOCAL  DEFAULT  ABS esp_mmu_map.c
   406: 403773e0     8 FUNC    LOCAL  DEFAULT    7 s_stop_cache
   407: 403773e8    20 FUNC    LOCAL  DEFAULT    7 s_do_cache_invalidate
   408: 403773fc     8 FUNC    LOCAL  DEFAULT    7 s_start_cache
   409: 3c031b3c    20 OBJECT  LOCAL  DEFAULT   15 __func__$3
   410: 40377404   185 FUNC    LOCAL  DEFAULT    7 s_do_mapping
   411: 403774c0    21 FUNC    LOCAL  DEFAULT    7 s_do_unmapping
   412: 42006e10    21 FUNC    LOCAL  DEFAULT   12 s_get_bus_mask$part$0
   413: 3c031b68    17 OBJECT  LOCAL  DEFAULT   15 __func__$5
   414: 3c031b50    22 OBJECT  LOCAL  DEFAULT   15 __func__$4
   415: 3c031b24    22 OBJECT  LOCAL  DEFAULT   15 __func__$2
   416: 3fc94c14    48 OBJECT  LOCAL  DEFAULT   11 s_mmu_ctx
   417: 3c031b18    12 OBJECT  LOCAL  DEFAULT   15 __func__$1
   418: 00000000     0 FILE    LOCAL  DEFAULT  ABS heap_align_hw.c
   419: 00000000     0 FILE    LOCAL  DEFAULT  ABS cache_utils.c
   420: 403775a8     8 FUNC    LOCAL  DEFAULT    7 spi_flash_disable_cache$constprop$0
   421: 403775b8     8 FUNC    LOCAL  DEFAULT    7 spi_flash_restore_cache$constprop$0
   422: 3fc94c46     1 OBJECT  LOCAL  DEFAULT   11 s_flash_op_complete
   423: 3fc94c47     1 OBJECT  LOCAL  DEFAULT   11 s_flash_op_can_start
   424: 3fc94c48     4 OBJECT  LOCAL  DEFAULT   11 s_flash_op_mutex
   425: 3c031bfc    20 OBJECT  LOCAL  DEFAULT   15 __func__$2
   426: 3c031bc8    50 OBJECT  LOCAL  DEFAULT   15 __func__$1
   427: 3fc923fc     4 OBJECT  LOCAL  DEFAULT    9 s_flash_op_cpu
   428: 3c031b94    49 OBJECT  LOCAL  DEFAULT   15 __func__$0
   429: 00000000     0 FILE    LOCAL  DEFAULT  ABS flash_mmap.c
   430: 40377748    70 FUNC    LOCAL  DEFAULT    7 is_page_mapped_in_cache
   431: 3c031c10    17 OBJECT  LOCAL  DEFAULT   15 __func__$1
   432: 00000000     0 FILE    LOCAL  DEFAULT  ABS flash_ops.c
   433: 3fc94c4c     4 OBJECT  LOCAL  DEFAULT   11 s_flash_guard_ops
   434: 3c031c24    16 OBJECT  LOCAL  DEFAULT   15 __func__$0
   435: 3c031c34    11 OBJECT  LOCAL  DEFAULT   15 s_mspi_io_num_default
   436: 00000000     0 FILE    LOCAL  DEFAULT  ABS esp_flash_api.c
   437: 40377d8c    41 FUNC    LOCAL  DEFAULT    7 spiflash_start_default
   438: 40377db8    31 FUNC    LOCAL  DEFAULT    7 spiflash_end_default
   439: 40377830    78 FUNC    LOCAL  DEFAULT    7 flash_end_flush_cache
   440: 40377880    33 FUNC    LOCAL  DEFAULT    7 check_chip_pointer_default
   441: 403778a4   102 FUNC    LOCAL  DEFAULT    7 detect_spi_flash_chip
   442: 4037790c   100 FUNC    LOCAL  DEFAULT    7 read_id_core
   443: 3fc93328    16 OBJECT  LOCAL  DEFAULT    9 default_spiflash_rom_api
   444: 00000000     0 FILE    LOCAL  DEFAULT  ABS spi_flash_os_func_app.c
   445: 40377ac0    24 FUNC    LOCAL  DEFAULT    7 spi_flash_os_yield
   446: 3c031c40    25 OBJECT  LOCAL  DEFAULT   15 __func__$0
   447: 40377ad8    70 FUNC    LOCAL  DEFAULT    7 spi_flash_os_check_yield
   448: 40377b20    10 FUNC    LOCAL  DEFAULT    7 release_buffer_malloc
   449: 40377b2c    66 FUNC    LOCAL  DEFAULT    7 get_buffer_malloc
   450: 40377b70    16 FUNC    LOCAL  DEFAULT    7 delay_us
   451: 40377b80    11 FUNC    LOCAL  DEFAULT    7 main_flash_op_status
   452: 40377b8c    46 FUNC    LOCAL  DEFAULT    7 main_flash_region_protected
   453: 40377bbc     8 FUNC    LOCAL  DEFAULT    7 cache_disable$constprop$0
   454: 40377bc4    10 FUNC    LOCAL  DEFAULT    7 spi1_start
   455: 40377bd0     8 FUNC    LOCAL  DEFAULT    7 cache_enable$constprop$0
   456: 40377bd8    17 FUNC    LOCAL  DEFAULT    7 spi1_end
   457: 3fc93388    40 OBJECT  LOCAL  DEFAULT    9 esp_flash_spi1_default_os_functions
   458: 3fc933b0    16 OBJECT  LOCAL  DEFAULT    9 main_flash_arg
   459: 00000000     0 FILE    LOCAL  DEFAULT  ABS spi_flash_os_func_noos.c
   460: 40377bec    16 FUNC    LOCAL  DEFAULT    7 delay_us
   461: 40377bfc    17 FUNC    LOCAL  DEFAULT    7 end
   462: 40377c10    17 FUNC    LOCAL  DEFAULT    7 start
   463: 00000000     0 FILE    LOCAL  DEFAULT  ABS crosscore_int.c
   464: 3fc92464     8 OBJECT  LOCAL  DEFAULT    9 reason_spinlock
   465: 40377c24    90 FUNC    LOCAL  DEFAULT    7 esp_crosscore_isr
   466: 3c031c5c    23 OBJECT  LOCAL  DEFAULT   15 __func__$0
   467: 3fc94c5c     8 OBJECT  LOCAL  DEFAULT   11 reason
   468: 40377c80    84 FUNC    LOCAL  DEFAULT    7 esp_crosscore_int_send
   469: 3c031c74    23 OBJECT  LOCAL  DEFAULT   15 __func__$1
   470: 00000000     0 FILE    LOCAL  DEFAULT  ABS panic_handler_asm.S.obj
   471: 00000000     0 NOTYPE  LOCAL  DEFAULT  ABS KEXC_pc
   472: 00000004     0 NOTYPE  LOCAL  DEFAULT  ABS KEXC_ps
   473: 00000008     0 NOTYPE  LOCAL  DEFAULT  ABS KEXC_areg
   474: 00000018     0 NOTYPE  LOCAL  DEFAULT  ABS KEXC_sar
   475: 0000001c     0 NOTYPE  LOCAL  DEFAULT  ABS KEXC_lcount
   476: 00000020     0 NOTYPE  LOCAL  DEFAULT  ABS KEXC_lbeg
   477: 00000024     0 NOTYPE  LOCAL  DEFAULT  ABS KEXC_lend
   478: 00000028     0 NOTYPE  LOCAL  DEFAULT  ABS KEXC_acclo
   479: 0000002c     0 NOTYPE  LOCAL  DEFAULT  ABS KEXC_acchi
   480: 00000030     0 NOTYPE  LOCAL  DEFAULT  ABS KEXC_mr
   481: 00000040     0 NOTYPE  LOCAL  DEFAULT  ABS KernelFrameSize
   482: 00000000     0 NOTYPE  LOCAL  DEFAULT  ABS UEXC_pc
   483: 00000004     0 NOTYPE  LOCAL  DEFAULT  ABS UEXC_ps
   484: 00000008     0 NOTYPE  LOCAL  DEFAULT  ABS UEXC_sar
   485: 0000000c     0 NOTYPE  LOCAL  DEFAULT  ABS UEXC_vpri
   486: 00000010     0 NOTYPE  LOCAL  DEFAULT  ABS UEXC_a2
   487: 00000014     0 NOTYPE  LOCAL  DEFAULT  ABS UEXC_a3
   488: 00000018     0 NOTYPE  LOCAL  DEFAULT  ABS UEXC_a4
   489: 0000001c     0 NOTYPE  LOCAL  DEFAULT  ABS UEXC_a5
   490: 00000020     0 NOTYPE  LOCAL  DEFAULT  ABS UEXC_exccause
   491: 00000024     0 NOTYPE  LOCAL  DEFAULT  ABS UEXC_lcount
   492: 00000028     0 NOTYPE  LOCAL  DEFAULT  ABS UEXC_lbeg
   493: 0000002c     0 NOTYPE  LOCAL  DEFAULT  ABS UEXC_lend
   494: 00000030     0 NOTYPE  LOCAL  DEFAULT  ABS UEXC_acclo
   495: 00000034     0 NOTYPE  LOCAL  DEFAULT  ABS UEXC_acchi
   496: 00000038     0 NOTYPE  LOCAL  DEFAULT  ABS UEXC_mr
   497: 00000048     0 NOTYPE  LOCAL  DEFAULT  ABS UEXC_pad
   498: 00000050     0 NOTYPE  LOCAL  DEFAULT  ABS UserFrameSize
   499: 00000100     0 NOTYPE  LOCAL  DEFAULT  ABS UserFrameTotalSize
   500: 00000000     0 NOTYPE  LOCAL  DEFAULT  ABS XT_STK_EXIT
   501: 00000004     0 NOTYPE  LOCAL  DEFAULT  ABS XT_STK_PC
   502: 00000008     0 NOTYPE  LOCAL  DEFAULT  ABS XT_STK_PS
   503: 0000000c     0 NOTYPE  LOCAL  DEFAULT  ABS XT_STK_A0
   504: 00000010     0 NOTYPE  LOCAL  DEFAULT  ABS XT_STK_A1
   505: 00000014     0 NOTYPE  LOCAL  DEFAULT  ABS XT_STK_A2
   506: 00000018     0 NOTYPE  LOCAL  DEFAULT  ABS XT_STK_A3
   507: 0000001c     0 NOTYPE  LOCAL  DEFAULT  ABS XT_STK_A4
   508: 00000020     0 NOTYPE  LOCAL  DEFAULT  ABS XT_STK_A5
   509: 00000024     0 NOTYPE  LOCAL  DEFAULT  ABS XT_STK_A6
   510: 00000028     0 NOTYPE  LOCAL  DEFAULT  ABS XT_STK_A7
   511: 0000002c     0 NOTYPE  LOCAL  DEFAULT  ABS XT_STK_A8
   512: 00000030     0 NOTYPE  LOCAL  DEFAULT  ABS XT_STK_A9
   513: 00000034     0 NOTYPE  LOCAL  DEFAULT  ABS XT_STK_A10
   514: 00000038     0 NOTYPE  LOCAL  DEFAULT  ABS XT_STK_A11
   515: 0000003c     0 NOTYPE  LOCAL  DEFAULT  ABS XT_STK_A12
   516: 00000040     0 NOTYPE  LOCAL  DEFAULT  ABS XT_STK_A13
   517: 00000044     0 NOTYPE  LOCAL  DEFAULT  ABS XT_STK_A14
   518: 00000048     0 NOTYPE  LOCAL  DEFAULT  ABS XT_STK_A15
   519: 0000004c     0 NOTYPE  LOCAL  DEFAULT  ABS XT_STK_SAR
   520: 00000050     0 NOTYPE  LOCAL  DEFAULT  ABS XT_STK_EXCCAUSE
   521: 00000054     0 NOTYPE  LOCAL  DEFAULT  ABS XT_STK_EXCVADDR
   522: 00000058     0 NOTYPE  LOCAL  DEFAULT  ABS XT_STK_LBEG
   523: 0000005c     0 NOTYPE  LOCAL  DEFAULT  ABS XT_STK_LEND
   524: 00000060     0 NOTYPE  LOCAL  DEFAULT  ABS XT_STK_LCOUNT
   525: 00000064     0 NOTYPE  LOCAL  DEFAULT  ABS XT_STK_TMP0
   526: 00000068     0 NOTYPE  LOCAL  DEFAULT  ABS XT_STK_TMP1
   527: 0000006c     0 NOTYPE  LOCAL  DEFAULT  ABS XT_STK_TMP2
   528: 00000070     0 NOTYPE  LOCAL  DEFAULT  ABS XtExcFrameSize
   529: 00000000     0 NOTYPE  LOCAL  DEFAULT  ABS XT_SOL_EXIT
   530: 00000004     0 NOTYPE  LOCAL  DEFAULT  ABS XT_SOL_PC
   531: 00000008     0 NOTYPE  LOCAL  DEFAULT  ABS XT_SOL_PS
   532: 0000000c     0 NOTYPE  LOCAL  DEFAULT  ABS XT_SOL_THREADPTR
   533: 00000010     0 NOTYPE  LOCAL  DEFAULT  ABS XT_SOL_A0
   534: 00000014     0 NOTYPE  LOCAL  DEFAULT  ABS XT_SOL_A1
   535: 00000018     0 NOTYPE  LOCAL  DEFAULT  ABS XT_SOL_A2
   536: 0000001c     0 NOTYPE  LOCAL  DEFAULT  ABS XT_SOL_A3
   537: 00000020     0 NOTYPE  LOCAL  DEFAULT  ABS XtSolFrameSize
   538: 00000000     0 FILE    LOCAL  DEFAULT  ABS efuse_hal.c
   539: 00000000     0 FILE    LOCAL  DEFAULT  ABS cpu.c
   540: 3c032d78    14 OBJECT  LOCAL  DEFAULT   15 __func__$2
   541: 3c032d68    16 OBJECT  LOCAL  DEFAULT   15 __func__$1
   542: 00000000     0 FILE    LOCAL  DEFAULT  ABS esp_memory_utils.c
   543: 00000000     0 FILE    LOCAL  DEFAULT  ABS mspi_timing_config.c
   544: 3fc934a8    35 OBJECT  LOCAL  DEFAULT    9 __func__$2
   545: 3fc93484    35 OBJECT  LOCAL  DEFAULT    9 __func__$0
   546: 00000000     0 FILE    LOCAL  DEFAULT  ABS mspi_timing_tuning.c
   547: 00000000     0 FILE    LOCAL  DEFAULT  ABS rtc_clk.c
   548: 3fc93520    24 OBJECT  LOCAL  DEFAULT    9 __func__$0
   549: 403780b0    18 FUNC    LOCAL  DEFAULT    7 rtc_clk_slow_src_get$part$0
   550: 3fc94840     4 OBJECT  LOCAL  DEFAULT   11 s_bbpll_digi_consumers_ref_count
   551: 3fc94844     4 OBJECT  LOCAL  DEFAULT   11 s_apb_freq
   552: 40378508   475 FUNC    LOCAL  DEFAULT    7 rtc_clk_cpu_freq_to_pll_mhz
   553: 3fc93508    23 OBJECT  LOCAL  DEFAULT    9 __func__$1
   554: 3fc94848     4 OBJECT  LOCAL  DEFAULT   11 s_cur_pll_freq
   555: 3fc934f0    23 OBJECT  LOCAL  DEFAULT    9 __func__$2
   556: 00000000     0 FILE    LOCAL  DEFAULT  ABS rtc_sleep.c
   557: 00000000     0 FILE    LOCAL  DEFAULT  ABS rtc_time.c
   558: 3c01443c    12 OBJECT  LOCAL  DEFAULT   15 __func__$1
   559: 3c014424    23 OBJECT  LOCAL  DEFAULT   15 __func__$2
   560: 40379050    96 FUNC    LOCAL  DEFAULT    7 enable_timer_group0_for_calibration
   561: 00000000     0 FILE    LOCAL  DEFAULT  ABS esp_cache_msync.c
   562: 3fc923ec     8 OBJECT  LOCAL  DEFAULT    9 s_spinlock
   563: 00000000     0 FILE    LOCAL  DEFAULT  ABS esp_cache_utils.c
   564: 3fc93538    43 OBJECT  LOCAL  DEFAULT    9 __func__$0
   565: 3fc923f4     8 OBJECT  LOCAL  DEFAULT    9 s_spinlock
   566: 00000000     0 FILE    LOCAL  DEFAULT  ABS ringbuf.c
   567: 40379fbc    54 FUNC    LOCAL  DEFAULT    7 prvCheckItemAvail
   568: 3c031a74    18 OBJECT  LOCAL  DEFAULT   15 __func__$34
   569: 403791b0   155 FUNC    LOCAL  DEFAULT    7 prvGetItemByteBuf
   570: 3c031a44    27 OBJECT  LOCAL  DEFAULT   15 __func__$32
   571: 4037924c    87 FUNC    LOCAL  DEFAULT    7 prvCheckItemFitsByteBuffer
   572: 3c031a14    21 OBJECT  LOCAL  DEFAULT   15 __func__$30
   573: 403792a4   308 FUNC    LOCAL  DEFAULT    7 prvReturnItemDefault
   574: 3c031a00    18 OBJECT  LOCAL  DEFAULT   15 __func__$29
   575: 403793d8   282 FUNC    LOCAL  DEFAULT    7 prvGetItemDefault
   576: 3c0319e8    22 OBJECT  LOCAL  DEFAULT   15 __func__$28
   577: 403794f4   146 FUNC    LOCAL  DEFAULT    7 prvAcquireItemNoSplit
   578: 3c0319d0    23 OBJECT  LOCAL  DEFAULT   15 __func__$27
   579: 40379588   246 FUNC    LOCAL  DEFAULT    7 prvSendItemDoneNoSplit
   580: 3c0319b8    24 OBJECT  LOCAL  DEFAULT   15 __func__$26
   581: 40379680   154 FUNC    LOCAL  DEFAULT    7 prvCheckItemFitsDefault
   582: 403798f8    34 FUNC    LOCAL  DEFAULT    7 prvCopyItemNoSplit
   583: 40379ff4    58 FUNC    LOCAL  DEFAULT    7 prvGetCurMaxSizeNoSplit
   584: 4037981c   218 FUNC    LOCAL  DEFAULT    7 prvCopyItemAllowSplit
   585: 4037a030    76 FUNC    LOCAL  DEFAULT    7 prvGetCurMaxSizeAllowSplit
   586: 403797ac   112 FUNC    LOCAL  DEFAULT    7 prvCopyItemByteBuf
   587: 40379aa8    67 FUNC    LOCAL  DEFAULT    7 prvReturnItemByteBuf
   588: 4037a07c    28 FUNC    LOCAL  DEFAULT    7 prvGetCurMaxSizeByteBuf
   589: 4037971c   143 FUNC    LOCAL  DEFAULT    7 prvInitializeNewRingbuffer
   590: 3c031a60    19 OBJECT  LOCAL  DEFAULT   15 __func__$33
   591: 3c031a2c    22 OBJECT  LOCAL  DEFAULT   15 __func__$31
   592: 4037991c   244 FUNC    LOCAL  DEFAULT    7 prvSendAcquireGeneric
   593: 3c031960    25 OBJECT  LOCAL  DEFAULT   15 __func__$16
   594: 40379a10   152 FUNC    LOCAL  DEFAULT    7 prvReceiveGenericFromISR
   595: 3c031a88    21 OBJECT  LOCAL  DEFAULT   15 __func__$35
   596: 3c03197c    18 OBJECT  LOCAL  DEFAULT   15 __func__$18
   597: 40379aec   330 FUNC    LOCAL  DEFAULT    7 prvReceiveGeneric
   598: 3c031aa0    18 OBJECT  LOCAL  DEFAULT   15 __func__$36
   599: 3c0319a8    16 OBJECT  LOCAL  DEFAULT   15 __func__$21
   600: 3c031990    23 OBJECT  LOCAL  DEFAULT   15 __func__$20
   601: 3c031948    23 OBJECT  LOCAL  DEFAULT   15 __func__$13
   602: 3c031928    30 OBJECT  LOCAL  DEFAULT   15 __func__$12
   603: 3c031910    22 OBJECT  LOCAL  DEFAULT   15 __func__$11
   604: 3c0318f0    29 OBJECT  LOCAL  DEFAULT   15 __func__$10
   605: 3c0318dc    18 OBJECT  LOCAL  DEFAULT   15 __func__$9
   606: 3c0318c8    19 OBJECT  LOCAL  DEFAULT   15 __func__$4
   607: 00000000     0 FILE    LOCAL  DEFAULT  ABS esp_rom_cache_esp32s2_esp32s3.c
   608: 00000000     0 FILE    LOCAL  DEFAULT  ABS esp_rom_spiflash.c
   609: 00000000     0 FILE    LOCAL  DEFAULT  ABS esp_rom_sys.c
   610: 00000000     0 FILE    LOCAL  DEFAULT  ABS esp_err.c
   611: 4037a220    75 FUNC    LOCAL  DEFAULT    7 esp_error_check_failed_print
   612: 00000000     0 FILE    LOCAL  DEFAULT  ABS esp_system_chip.c
   613: 00000000     0 FILE    LOCAL  DEFAULT  ABS queue.c
   614: 4037a2a8   136 FUNC    LOCAL  DEFAULT    7 prvCopyDataToQueue
   615: 3c014744    27 OBJECT  LOCAL  DEFAULT   15 __func__$13
   616: 4037a330   118 FUNC    LOCAL  DEFAULT    7 prvNotifyQueueSetContainer
   617: 3c0147f4    19 OBJECT  LOCAL  DEFAULT   15 __func__$25
   618: 3c0147d8    26 OBJECT  LOCAL  DEFAULT   15 __func__$23
   619: 3c0147c4    20 OBJECT  LOCAL  DEFAULT   15 __func__$21
   620: 3c0147ac    21 OBJECT  LOCAL  DEFAULT   15 __func__$20
   621: 3c014760    18 OBJECT  LOCAL  DEFAULT   15 __func__$14
   622: 3c014790    25 OBJECT  LOCAL  DEFAULT   15 __func__$18
   623: 3c014728    25 OBJECT  LOCAL  DEFAULT   15 __func__$12
   624: 3c014714    18 OBJECT  LOCAL  DEFAULT   15 __func__$11
   625: 3c014700    20 OBJECT  LOCAL  DEFAULT   15 __func__$9
   626: 3c014774    25 OBJECT  LOCAL  DEFAULT   15 __func__$17
   627: 3c0146e8    21 OBJECT  LOCAL  DEFAULT   15 __func__$7
   628: 3c0146d8    13 OBJECT  LOCAL  DEFAULT   15 __func__$2
   629: 00000000     0 FILE    LOCAL  DEFAULT  ABS portasm.S.obj
   630: 00000000     0 NOTYPE  LOCAL  DEFAULT  ABS KEXC_pc
   631: 00000004     0 NOTYPE  LOCAL  DEFAULT  ABS KEXC_ps
   632: 00000008     0 NOTYPE  LOCAL  DEFAULT  ABS KEXC_areg
   633: 00000018     0 NOTYPE  LOCAL  DEFAULT  ABS KEXC_sar
   634: 0000001c     0 NOTYPE  LOCAL  DEFAULT  ABS KEXC_lcount
   635: 00000020     0 NOTYPE  LOCAL  DEFAULT  ABS KEXC_lbeg
   636: 00000024     0 NOTYPE  LOCAL  DEFAULT  ABS KEXC_lend
   637: 00000028     0 NOTYPE  LOCAL  DEFAULT  ABS KEXC_acclo
   638: 0000002c     0 NOTYPE  LOCAL  DEFAULT  ABS KEXC_acchi
   639: 00000030     0 NOTYPE  LOCAL  DEFAULT  ABS KEXC_mr
   640: 00000040     0 NOTYPE  LOCAL  DEFAULT  ABS KernelFrameSize
   641: 00000000     0 NOTYPE  LOCAL  DEFAULT  ABS UEXC_pc
   642: 00000004     0 NOTYPE  LOCAL  DEFAULT  ABS UEXC_ps
   643: 00000008     0 NOTYPE  LOCAL  DEFAULT  ABS UEXC_sar
   644: 0000000c     0 NOTYPE  LOCAL  DEFAULT  ABS UEXC_vpri
   645: 00000010     0 NOTYPE  LOCAL  DEFAULT  ABS UEXC_a2
   646: 00000014     0 NOTYPE  LOCAL  DEFAULT  ABS UEXC_a3
   647: 00000018     0 NOTYPE  LOCAL  DEFAULT  ABS UEXC_a4
   648: 0000001c     0 NOTYPE  LOCAL  DEFAULT  ABS UEXC_a5
   649: 00000020     0 NOTYPE  LOCAL  DEFAULT  ABS UEXC_exccause
   650: 00000024     0 NOTYPE  LOCAL  DEFAULT  ABS UEXC_lcount
   651: 00000028     0 NOTYPE  LOCAL  DEFAULT  ABS UEXC_lbeg
   652: 0000002c     0 NOTYPE  LOCAL  DEFAULT  ABS UEXC_lend
   653: 00000030     0 NOTYPE  LOCAL  DEFAULT  ABS UEXC_acclo
   654: 00000034     0 NOTYPE  LOCAL  DEFAULT  ABS UEXC_acchi
   655: 00000038     0 NOTYPE  LOCAL  DEFAULT  ABS UEXC_mr
   656: 00000048     0 NOTYPE  LOCAL  DEFAULT  ABS UEXC_pad
   657: 00000050     0 NOTYPE  LOCAL  DEFAULT  ABS UserFrameSize
   658: 00000100     0 NOTYPE  LOCAL  DEFAULT  ABS UserFrameTotalSize
   659: 00000000     0 NOTYPE  LOCAL  DEFAULT  ABS XT_STK_EXIT
   660: 00000004     0 NOTYPE  LOCAL  DEFAULT  ABS XT_STK_PC
   661: 00000008     0 NOTYPE  LOCAL  DEFAULT  ABS XT_STK_PS
   662: 0000000c     0 NOTYPE  LOCAL  DEFAULT  ABS XT_STK_A0
   663: 00000010     0 NOTYPE  LOCAL  DEFAULT  ABS XT_STK_A1
   664: 00000014     0 NOTYPE  LOCAL  DEFAULT  ABS XT_STK_A2
   665: 00000018     0 NOTYPE  LOCAL  DEFAULT  ABS XT_STK_A3
   666: 0000001c     0 NOTYPE  LOCAL  DEFAULT  ABS XT_STK_A4
   667: 00000020     0 NOTYPE  LOCAL  DEFAULT  ABS XT_STK_A5
   668: 00000024     0 NOTYPE  LOCAL  DEFAULT  ABS XT_STK_A6
   669: 00000028     0 NOTYPE  LOCAL  DEFAULT  ABS XT_STK_A7
   670: 0000002c     0 NOTYPE  LOCAL  DEFAULT  ABS XT_STK_A8
   671: 00000030     0 NOTYPE  LOCAL  DEFAULT  ABS XT_STK_A9
   672: 00000034     0 NOTYPE  LOCAL  DEFAULT  ABS XT_STK_A10
   673: 00000038     0 NOTYPE  LOCAL  DEFAULT  ABS XT_STK_A11
   674: 0000003c     0 NOTYPE  LOCAL  DEFAULT  ABS XT_STK_A12
   675: 00000040     0 NOTYPE  LOCAL  DEFAULT  ABS XT_STK_A13
   676: 00000044     0 NOTYPE  LOCAL  DEFAULT  ABS XT_STK_A14
   677: 00000048     0 NOTYPE  LOCAL  DEFAULT  ABS XT_STK_A15
   678: 0000004c     0 NOTYPE  LOCAL  DEFAULT  ABS XT_STK_SAR
   679: 00000050     0 NOTYPE  LOCAL  DEFAULT  ABS XT_STK_EXCCAUSE
   680: 00000054     0 NOTYPE  LOCAL  DEFAULT  ABS XT_STK_EXCVADDR
   681: 00000058     0 NOTYPE  LOCAL  DEFAULT  ABS XT_STK_LBEG
   682: 0000005c     0 NOTYPE  LOCAL  DEFAULT  ABS XT_STK_LEND
   683: 00000060     0 NOTYPE  LOCAL  DEFAULT  ABS XT_STK_LCOUNT
   684: 00000064     0 NOTYPE  LOCAL  DEFAULT  ABS XT_STK_TMP0
   685: 00000068     0 NOTYPE  LOCAL  DEFAULT  ABS XT_STK_TMP1
   686: 0000006c     0 NOTYPE  LOCAL  DEFAULT  ABS XT_STK_TMP2
   687: 00000070     0 NOTYPE  LOCAL  DEFAULT  ABS XtExcFrameSize
   688: 00000000     0 NOTYPE  LOCAL  DEFAULT  ABS XT_SOL_EXIT
   689: 00000004     0 NOTYPE  LOCAL  DEFAULT  ABS XT_SOL_PC
   690: 00000008     0 NOTYPE  LOCAL  DEFAULT  ABS XT_SOL_PS
   691: 0000000c     0 NOTYPE  LOCAL  DEFAULT  ABS XT_SOL_THREADPTR
   692: 00000010     0 NOTYPE  LOCAL  DEFAULT  ABS XT_SOL_A0
   693: 00000014     0 NOTYPE  LOCAL  DEFAULT  ABS XT_SOL_A1
   694: 00000018     0 NOTYPE  LOCAL  DEFAULT  ABS XT_SOL_A2
   695: 0000001c     0 NOTYPE  LOCAL  DEFAULT  ABS XT_SOL_A3
   696: 00000020     0 NOTYPE  LOCAL  DEFAULT  ABS XtSolFrameSize
   697: 00000000     0 FILE    LOCAL  DEFAULT  ABS heap_idf.c
   698: 00000000     0 FILE    LOCAL  DEFAULT  ABS port_common.c
   699: 3c014a80    30 OBJECT  LOCAL  DEFAULT   15 __func__$1
   700: 00000000     0 FILE    LOCAL  DEFAULT  ABS port_systick.c
   701: 3fc94b3c     8 OBJECT  LOCAL  DEFAULT   11 s_handled_systicks
   702: 3fc94b30    12 OBJECT  LOCAL  DEFAULT   11 systimer_hal$1
   703: 3c014aa8    15 OBJECT  LOCAL  DEFAULT   15 __func__$0
   704: 00000000     0 FILE    LOCAL  DEFAULT  ABS tasks.c
   705: 3c0149d4    22 OBJECT  LOCAL  DEFAULT   15 __func__$37
   706: 3fc94850     8 OBJECT  LOCAL  DEFAULT   11 uxSchedulerSuspended
   707: 4037b420   214 FUNC    LOCAL  DEFAULT    7 prvIsYieldRequiredSMP
   708: 3fc94880     4 OBJECT  LOCAL  DEFAULT   11 xTickCount
   709: 3fc948a0    20 OBJECT  LOCAL  DEFAULT   11 xTasksWaitingTermination
   710: 3fc94888    20 OBJECT  LOCAL  DEFAULT   11 xSuspendedTaskList
   711: 3fc948dc     4 OBJECT  LOCAL  DEFAULT   11 pxOverflowDelayedTaskList
   712: 3fc948e0     4 OBJECT  LOCAL  DEFAULT   11 pxDelayedTaskList
   713: 3fc94860     4 OBJECT  LOCAL  DEFAULT   11 xNextTaskUnblockTime
   714: 4037b4f8   243 FUNC    LOCAL  DEFAULT    7 prvAddCurrentTaskToDelayedList
   715: 3fc91ef0     8 OBJECT  LOCAL  DEFAULT    9 xKernelLock
   716: 3fc94884     4 OBJECT  LOCAL  DEFAULT   11 uxCurrentNumberOfTasks
   717: 3fc9490c   500 OBJECT  LOCAL  DEFAULT   11 pxReadyTasksLists
   718: 3fc948f8    20 OBJECT  LOCAL  DEFAULT   11 xDelayedTaskList1
   719: 3fc948e4    20 OBJECT  LOCAL  DEFAULT   11 xDelayedTaskList2
   720: 3fc948b4    40 OBJECT  LOCAL  DEFAULT   11 xPendingReadyList
   721: 3fc94878     4 OBJECT  LOCAL  DEFAULT   11 xSchedulerRunning
   722: 3fc94864     4 OBJECT  LOCAL  DEFAULT   11 uxTaskNumber
   723: 3fc9487c     4 OBJECT  LOCAL  DEFAULT   11 uxTopReadyPriority
   724: 4037b5ec   436 FUNC    LOCAL  DEFAULT    7 prvAddNewTaskToReadyList
   725: 3c014a0c    13 OBJECT  LOCAL  DEFAULT   15 __func__$42
   726: 4037b7a0    72 FUNC    LOCAL  DEFAULT    7 prvDeleteTCB
   727: 3fc9489c     4 OBJECT  LOCAL  DEFAULT   11 uxDeletedTasksWaitingCleanUp
   728: 4037b7e8   150 FUNC    LOCAL  DEFAULT    7 prvIdleTask
   729: 3c014848    21 OBJECT  LOCAL  DEFAULT   15 __func__$5
   730: 4037b880   143 FUNC    LOCAL  DEFAULT    7 prvInitialiseNewTask$constprop$0
   731: 3c014a1c    12 OBJECT  LOCAL  DEFAULT   15 __func__$43
   732: 3c014a00    11 OBJECT  LOCAL  DEFAULT   15 __func__$40
   733: 3c0149ec    17 OBJECT  LOCAL  DEFAULT   15 __func__$38
   734: 3fc9486c     8 OBJECT  LOCAL  DEFAULT   11 xYieldPending
   735: 3c0149a0    14 OBJECT  LOCAL  DEFAULT   15 __func__$30
   736: 3c014808    30 OBJECT  LOCAL  DEFAULT   15 __func__$3
   737: 3fc94858     8 OBJECT  LOCAL  DEFAULT   11 xIdleTaskHandle
   738: 3c01498c    19 OBJECT  LOCAL  DEFAULT   15 __func__$25
   739: 3fc94868     4 OBJECT  LOCAL  DEFAULT   11 xNumOfOverflows
   740: 3fc94874     4 OBJECT  LOCAL  DEFAULT   11 xPendedTicks
   741: 3c0149b0    15 OBJECT  LOCAL  DEFAULT   15 __func__$31
   742: 3c01496c    32 OBJECT  LOCAL  DEFAULT   15 __func__$24
   743: 3c014954    22 OBJECT  LOCAL  DEFAULT   15 __func__$23
   744: 3c014938    25 OBJECT  LOCAL  DEFAULT   15 __func__$20
   745: 3c014920    21 OBJECT  LOCAL  DEFAULT   15 __func__$17
   746: 3c014908    24 OBJECT  LOCAL  DEFAULT   15 __func__$15
   747: 3c0148e4    36 OBJECT  LOCAL  DEFAULT   15 __func__$14
   748: 3c0148cc    24 OBJECT  LOCAL  DEFAULT   15 __func__$13
   749: 3c0148b8    19 OBJECT  LOCAL  DEFAULT   15 __func__$11
   750: 3c014898    30 OBJECT  LOCAL  DEFAULT   15 __func__$9
   751: 3c014878    29 OBJECT  LOCAL  DEFAULT   15 __func__$7
   752: 3c014860    24 OBJECT  LOCAL  DEFAULT   15 __func__$6
   753: 3c014828    30 OBJECT  LOCAL  DEFAULT   15 __func__$4
   754: 3c0149c0    20 OBJECT  LOCAL  DEFAULT   15 __func__$32
   755: 00000000     0 FILE    LOCAL  DEFAULT  ABS cache_hal.c
   756: 3fc947ec     4 OBJECT  LOCAL  DEFAULT   11 ctx
   757: 3fc94034    18 OBJECT  LOCAL  DEFAULT    9 __func__$9
   758: 3fc94020    17 OBJECT  LOCAL  DEFAULT    9 __func__$8
   759: 3fc9400c    18 OBJECT  LOCAL  DEFAULT    9 __func__$7
   760: 3fc93ff8    17 OBJECT  LOCAL  DEFAULT    9 __func__$6
   761: 3fc93fe4    17 OBJECT  LOCAL  DEFAULT    9 __func__$3
   762: 3fc93fd0    19 OBJECT  LOCAL  DEFAULT    9 __func__$2
   763: 3fc93fb0    30 OBJECT  LOCAL  DEFAULT    9 __func__$1
   764: 3fc93f98    23 OBJECT  LOCAL  DEFAULT    9 __func__$0
   765: 00000000     0 FILE    LOCAL  DEFAULT  ABS mmu_hal.c
   766: 3fc94090    19 OBJECT  LOCAL  DEFAULT    9 __func__$7
   767: 3fc94078    21 OBJECT  LOCAL  DEFAULT    9 __func__$5
   768: 3fc94060    23 OBJECT  LOCAL  DEFAULT    9 __func__$4
   769: 3fc94048    23 OBJECT  LOCAL  DEFAULT    9 __func__$0
   770: 00000000     0 FILE    LOCAL  DEFAULT  ABS spi_flash_encrypt_hal_iram.c
   771: 3fc940a4    36 OBJECT  LOCAL  DEFAULT    9 __func__$0
   772: 00000000     0 FILE    LOCAL  DEFAULT  ABS spi_flash_hal_gpspi.c
   773: 00000000     0 FILE    LOCAL  DEFAULT  ABS spi_flash_hal_iram.c
   774: 00000000     0 FILE    LOCAL  DEFAULT  ABS systimer_hal.c
   775: 3fc940c8    29 OBJECT  LOCAL  DEFAULT    9 __func__$0
   776: 00000000     0 FILE    LOCAL  DEFAULT  ABS multi_heap.c
   777: 4200e27c    38 FUNC    LOCAL  DEFAULT   12 multi_heap_get_info_tlsf
   778: 4037ec58    42 FUNC    LOCAL  DEFAULT    7 assert_valid_block
   779: 3c032da0    25 OBJECT  LOCAL  DEFAULT   15 __func__$0
   780: 3c032d88    24 OBJECT  LOCAL  DEFAULT   15 __func__$4
   781: 00000000     0 FILE    LOCAL  DEFAULT  ABS tlsf.c
   782: 4200e2a4    32 FUNC    LOCAL  DEFAULT   12 default_walker
   783: 3c032ed4    11 OBJECT  LOCAL  DEFAULT   15 __func__$20
   784: 3c032eb4    18 OBJECT  LOCAL  DEFAULT   15 __func__$17
   785: 3c032e94    18 OBJECT  LOCAL  DEFAULT   15 __func__$14
   786: 3c032e80    18 OBJECT  LOCAL  DEFAULT   15 __func__$13
   787: 3c032ec8     9 OBJECT  LOCAL  DEFAULT   15 __func__$19
   788: 3c032e54    22 OBJECT  LOCAL  DEFAULT   15 __func__$11
   789: 3c032e6c    18 OBJECT  LOCAL  DEFAULT   15 __func__$12
   790: 3c032e40    19 OBJECT  LOCAL  DEFAULT   15 __func__$10
   791: 3c032e30    16 OBJECT  LOCAL  DEFAULT   15 __func__$9
   792: 3c032e24    12 OBJECT  LOCAL  DEFAULT   15 __func__$8
   793: 3c032ea8    10 OBJECT  LOCAL  DEFAULT   15 __func__$16
   794: 3c032e10    19 OBJECT  LOCAL  DEFAULT   15 __func__$7
   795: 3c032e04    10 OBJECT  LOCAL  DEFAULT   15 __func__$6
   796: 3c032df0    17 OBJECT  LOCAL  DEFAULT   15 __func__$5
   797: 3c032de0    13 OBJECT  LOCAL  DEFAULT   15 __func__$3
   798: 3c032dcc    17 OBJECT  LOCAL  DEFAULT   15 __func__$2
   799: 3c032dbc    13 OBJECT  LOCAL  DEFAULT   15 __func__$1
   800: 00000000     0 FILE    LOCAL  DEFAULT  ABS abort.c
   801: 00000000     0 FILE    LOCAL  DEFAULT  ABS assert.c
   802: 00000000     0 FILE    LOCAL  DEFAULT  ABS heap.c
   803: 00000000     0 FILE    LOCAL  DEFAULT  ABS stdatomic.c
   804: 3fc92480     8 OBJECT  LOCAL  DEFAULT    9 s_atomic_lock
   805: 00000000     0 FILE    LOCAL  DEFAULT  ABS flash_brownout_hook.c
   806: 3fc94c45     1 OBJECT  LOCAL  DEFAULT   11 flash_brownout_needs_reset
   807: 3fc94c44     1 OBJECT  LOCAL  DEFAULT   11 flash_erasing
   808: 00000000     0 FILE    LOCAL  DEFAULT  ABS memspi_host_driver.c
   809: 3fc9411c    25 OBJECT  LOCAL  DEFAULT    9 __func__$2
   810: 3fc94104    24 OBJECT  LOCAL  DEFAULT    9 __func__$1
   811: 3fc940e8    25 OBJECT  LOCAL  DEFAULT    9 __func__$0
   812: 3fc9342c    88 OBJECT  LOCAL  DEFAULT    9 esp_flash_default_host
   813: 3fc94138    88 OBJECT  LOCAL  DEFAULT    9 esp_flash_gpspi_host
   814: 00000000     0 FILE    LOCAL  DEFAULT  ABS spi_flash_chip_gd.c
   815: 3fc94290     3 OBJECT  LOCAL  DEFAULT    9 chip_name
   816: 00000000     0 FILE    LOCAL  DEFAULT  ABS spi_flash_chip_generic.c
   817: 3fc933fc    24 OBJECT  LOCAL  DEFAULT    9 esp_flash_encryption_default
   818: 3fc94294    41 OBJECT  LOCAL  DEFAULT    9 __func__$0
   819: 3fc9433c     8 OBJECT  LOCAL  DEFAULT    9 chip_name
   820: 3fc9341c     6 OBJECT  LOCAL  DEFAULT    9 hpm_flash_chip_dummy
   821: 3fc93424     6 OBJECT  LOCAL  DEFAULT    9 default_flash_chip_dummy
   822: 00000000     0 FILE    LOCAL  DEFAULT  ABS spi_flash_chip_issi.c
   823: 3fc943c0     5 OBJECT  LOCAL  DEFAULT    9 chip_name
   824: 00000000     0 FILE    LOCAL  DEFAULT  ABS spi_flash_chip_mxic.c
   825: 3fc94444     5 OBJECT  LOCAL  DEFAULT    9 chip_name
   826: 00000000     0 FILE    LOCAL  DEFAULT  ABS spi_flash_chip_mxic_opi.c
   827: 3fc94478    45 OBJECT  LOCAL  DEFAULT    9 __func__$1
   828: 3fc9444c    42 OBJECT  LOCAL  DEFAULT    9 __func__$0
   829: 3fc94524    11 OBJECT  LOCAL  DEFAULT    9 chip_name
   830: 00000000     0 FILE    LOCAL  DEFAULT  ABS spi_flash_chip_winbond.c
   831: 3fc9462c     8 OBJECT  LOCAL  DEFAULT    9 chip_name
   832: 00000000     0 FILE    LOCAL  DEFAULT  ABS spi_flash_oct_flash_init.c
   833: 40381878    39 FUNC    LOCAL  DEFAULT    7 s_probe_mxic_chip
   834: 403818a0    30 FUNC    LOCAL  DEFAULT    7 s_mxic_set_required_regs
   835: 3fc94634    92 OBJECT  LOCAL  DEFAULT    9 opiflash_cmd_def_mxic$1
   836: 403818c0   317 FUNC    LOCAL  DEFAULT    7 s_flash_init_mxic
   837: 3fc92434     8 OBJECT  LOCAL  DEFAULT    9 registered_chip_funcs
   838: 3fc94c58     4 OBJECT  LOCAL  DEFAULT   11 s_chip_id
   839: 3fc92400    52 OBJECT  LOCAL  DEFAULT    9 rom_func$0
   840: 3fc94c54     4 OBJECT  LOCAL  DEFAULT   11 s_chip_func
   841: 3fc94690    12 OBJECT  LOCAL  DEFAULT    9 opi_flash_func_mxic
   842: 00000000     0 FILE    LOCAL  DEFAULT  ABS windowspill_asm.o
   843: 00000010     0 NOTYPE  LOCAL  DEFAULT  ABS .callsz
   844: 00000010     0 NOTYPE  LOCAL  DEFAULT  ABS .locsz
   845: 00000000     0 FILE    LOCAL  DEFAULT  ABS xtensa_context.S.obj
   846: 00000000     0 NOTYPE  LOCAL  DEFAULT  ABS KEXC_pc
   847: 00000004     0 NOTYPE  LOCAL  DEFAULT  ABS KEXC_ps
   848: 00000008     0 NOTYPE  LOCAL  DEFAULT  ABS KEXC_areg
   849: 00000018     0 NOTYPE  LOCAL  DEFAULT  ABS KEXC_sar
   850: 0000001c     0 NOTYPE  LOCAL  DEFAULT  ABS KEXC_lcount
   851: 00000020     0 NOTYPE  LOCAL  DEFAULT  ABS KEXC_lbeg
   852: 00000024     0 NOTYPE  LOCAL  DEFAULT  ABS KEXC_lend
   853: 00000028     0 NOTYPE  LOCAL  DEFAULT  ABS KEXC_acclo
   854: 0000002c     0 NOTYPE  LOCAL  DEFAULT  ABS KEXC_acchi
   855: 00000030     0 NOTYPE  LOCAL  DEFAULT  ABS KEXC_mr
   856: 00000040     0 NOTYPE  LOCAL  DEFAULT  ABS KernelFrameSize
   857: 00000000     0 NOTYPE  LOCAL  DEFAULT  ABS UEXC_pc
   858: 00000004     0 NOTYPE  LOCAL  DEFAULT  ABS UEXC_ps
   859: 00000008     0 NOTYPE  LOCAL  DEFAULT  ABS UEXC_sar
   860: 0000000c     0 NOTYPE  LOCAL  DEFAULT  ABS UEXC_vpri
   861: 00000010     0 NOTYPE  LOCAL  DEFAULT  ABS UEXC_a2
   862: 00000014     0 NOTYPE  LOCAL  DEFAULT  ABS UEXC_a3
   863: 00000018     0 NOTYPE  LOCAL  DEFAULT  ABS UEXC_a4
   864: 0000001c     0 NOTYPE  LOCAL  DEFAULT  ABS UEXC_a5
   865: 00000020     0 NOTYPE  LOCAL  DEFAULT  ABS UEXC_exccause
   866: 00000024     0 NOTYPE  LOCAL  DEFAULT  ABS UEXC_lcount
   867: 00000028     0 NOTYPE  LOCAL  DEFAULT  ABS UEXC_lbeg
   868: 0000002c     0 NOTYPE  LOCAL  DEFAULT  ABS UEXC_lend
   869: 00000030     0 NOTYPE  LOCAL  DEFAULT  ABS UEXC_acclo
   870: 00000034     0 NOTYPE  LOCAL  DEFAULT  ABS UEXC_acchi
   871: 00000038     0 NOTYPE  LOCAL  DEFAULT  ABS UEXC_mr
   872: 00000048     0 NOTYPE  LOCAL  DEFAULT  ABS UEXC_pad
   873: 00000050     0 NOTYPE  LOCAL  DEFAULT  ABS UserFrameSize
   874: 00000100     0 NOTYPE  LOCAL  DEFAULT  ABS UserFrameTotalSize
   875: 00000000     0 NOTYPE  LOCAL  DEFAULT  ABS XT_STK_EXIT
   876: 00000004     0 NOTYPE  LOCAL  DEFAULT  ABS XT_STK_PC
   877: 00000008     0 NOTYPE  LOCAL  DEFAULT  ABS XT_STK_PS
   878: 0000000c     0 NOTYPE  LOCAL  DEFAULT  ABS XT_STK_A0
   879: 00000010     0 NOTYPE  LOCAL  DEFAULT  ABS XT_STK_A1
   880: 00000014     0 NOTYPE  LOCAL  DEFAULT  ABS XT_STK_A2
   881: 00000018     0 NOTYPE  LOCAL  DEFAULT  ABS XT_STK_A3
   882: 0000001c     0 NOTYPE  LOCAL  DEFAULT  ABS XT_STK_A4
   883: 00000020     0 NOTYPE  LOCAL  DEFAULT  ABS XT_STK_A5
   884: 00000024     0 NOTYPE  LOCAL  DEFAULT  ABS XT_STK_A6
   885: 00000028     0 NOTYPE  LOCAL  DEFAULT  ABS XT_STK_A7
   886: 0000002c     0 NOTYPE  LOCAL  DEFAULT  ABS XT_STK_A8
   887: 00000030     0 NOTYPE  LOCAL  DEFAULT  ABS XT_STK_A9
   888: 00000034     0 NOTYPE  LOCAL  DEFAULT  ABS XT_STK_A10
   889: 00000038     0 NOTYPE  LOCAL  DEFAULT  ABS XT_STK_A11
   890: 0000003c     0 NOTYPE  LOCAL  DEFAULT  ABS XT_STK_A12
   891: 00000040     0 NOTYPE  LOCAL  DEFAULT  ABS XT_STK_A13
   892: 00000044     0 NOTYPE  LOCAL  DEFAULT  ABS XT_STK_A14
   893: 00000048     0 NOTYPE  LOCAL  DEFAULT  ABS XT_STK_A15
   894: 0000004c     0 NOTYPE  LOCAL  DEFAULT  ABS XT_STK_SAR
   895: 00000050     0 NOTYPE  LOCAL  DEFAULT  ABS XT_STK_EXCCAUSE
   896: 00000054     0 NOTYPE  LOCAL  DEFAULT  ABS XT_STK_EXCVADDR
   897: 00000058     0 NOTYPE  LOCAL  DEFAULT  ABS XT_STK_LBEG
   898: 0000005c     0 NOTYPE  LOCAL  DEFAULT  ABS XT_STK_LEND
   899: 00000060     0 NOTYPE  LOCAL  DEFAULT  ABS XT_STK_LCOUNT
   900: 00000064     0 NOTYPE  LOCAL  DEFAULT  ABS XT_STK_TMP0
   901: 00000068     0 NOTYPE  LOCAL  DEFAULT  ABS XT_STK_TMP1
   902: 0000006c     0 NOTYPE  LOCAL  DEFAULT  ABS XT_STK_TMP2
   903: 00000070     0 NOTYPE  LOCAL  DEFAULT  ABS XtExcFrameSize
   904: 00000000     0 NOTYPE  LOCAL  DEFAULT  ABS XT_SOL_EXIT
   905: 00000004     0 NOTYPE  LOCAL  DEFAULT  ABS XT_SOL_PC
   906: 00000008     0 NOTYPE  LOCAL  DEFAULT  ABS XT_SOL_PS
   907: 0000000c     0 NOTYPE  LOCAL  DEFAULT  ABS XT_SOL_THREADPTR
   908: 00000010     0 NOTYPE  LOCAL  DEFAULT  ABS XT_SOL_A0
   909: 00000014     0 NOTYPE  LOCAL  DEFAULT  ABS XT_SOL_A1
   910: 00000018     0 NOTYPE  LOCAL  DEFAULT  ABS XT_SOL_A2
   911: 0000001c     0 NOTYPE  LOCAL  DEFAULT  ABS XT_SOL_A3
   912: 00000020     0 NOTYPE  LOCAL  DEFAULT  ABS XtSolFrameSize
   913: 00000000     0 FILE    LOCAL  DEFAULT  ABS systimer.c
   914: 00000000     0 FILE    LOCAL  DEFAULT  ABS ubsan.c
   915: 00000000     0 FILE    LOCAL  DEFAULT  ABS list.c
   916: 00000000     0 FILE    LOCAL  DEFAULT  ABS spi_flash_chip_boya.c
   917: 3fc9420c     5 OBJECT  LOCAL  DEFAULT    9 chip_name
   918: 00000000     0 FILE    LOCAL  DEFAULT  ABS spi_flash_chip_th.c
   919: 3fc945ac     3 OBJECT  LOCAL  DEFAULT    9 chip_name
   920: 00000000     0 FILE    LOCAL  DEFAULT  ABS spi_flash_hpm_enable.c
   921: 00000000     0 FILE    LOCAL  DEFAULT  ABS xtensa_intr_asm.S.obj
   922: 00000000     0 NOTYPE  LOCAL  DEFAULT  ABS KEXC_pc
   923: 00000004     0 NOTYPE  LOCAL  DEFAULT  ABS KEXC_ps
   924: 00000008     0 NOTYPE  LOCAL  DEFAULT  ABS KEXC_areg
   925: 00000018     0 NOTYPE  LOCAL  DEFAULT  ABS KEXC_sar
   926: 0000001c     0 NOTYPE  LOCAL  DEFAULT  ABS KEXC_lcount
   927: 00000020     0 NOTYPE  LOCAL  DEFAULT  ABS KEXC_lbeg
   928: 00000024     0 NOTYPE  LOCAL  DEFAULT  ABS KEXC_lend
   929: 00000028     0 NOTYPE  LOCAL  DEFAULT  ABS KEXC_acclo
   930: 0000002c     0 NOTYPE  LOCAL  DEFAULT  ABS KEXC_acchi
   931: 00000030     0 NOTYPE  LOCAL  DEFAULT  ABS KEXC_mr
   932: 00000040     0 NOTYPE  LOCAL  DEFAULT  ABS KernelFrameSize
   933: 00000000     0 NOTYPE  LOCAL  DEFAULT  ABS UEXC_pc
   934: 00000004     0 NOTYPE  LOCAL  DEFAULT  ABS UEXC_ps
   935: 00000008     0 NOTYPE  LOCAL  DEFAULT  ABS UEXC_sar
   936: 0000000c     0 NOTYPE  LOCAL  DEFAULT  ABS UEXC_vpri
   937: 00000010     0 NOTYPE  LOCAL  DEFAULT  ABS UEXC_a2
   938: 00000014     0 NOTYPE  LOCAL  DEFAULT  ABS UEXC_a3
   939: 00000018     0 NOTYPE  LOCAL  DEFAULT  ABS UEXC_a4
   940: 0000001c     0 NOTYPE  LOCAL  DEFAULT  ABS UEXC_a5
   941: 00000020     0 NOTYPE  LOCAL  DEFAULT  ABS UEXC_exccause
   942: 00000024     0 NOTYPE  LOCAL  DEFAULT  ABS UEXC_lcount
   943: 00000028     0 NOTYPE  LOCAL  DEFAULT  ABS UEXC_lbeg
   944: 0000002c     0 NOTYPE  LOCAL  DEFAULT  ABS UEXC_lend
   945: 00000030     0 NOTYPE  LOCAL  DEFAULT  ABS UEXC_acclo
   946: 00000034     0 NOTYPE  LOCAL  DEFAULT  ABS UEXC_acchi
   947: 00000038     0 NOTYPE  LOCAL  DEFAULT  ABS UEXC_mr
   948: 00000048     0 NOTYPE  LOCAL  DEFAULT  ABS UEXC_pad
   949: 00000050     0 NOTYPE  LOCAL  DEFAULT  ABS UserFrameSize
   950: 00000100     0 NOTYPE  LOCAL  DEFAULT  ABS UserFrameTotalSize
   951: 00000000     0 NOTYPE  LOCAL  DEFAULT  ABS XT_STK_EXIT
   952: 00000004     0 NOTYPE  LOCAL  DEFAULT  ABS XT_STK_PC
   953: 00000008     0 NOTYPE  LOCAL  DEFAULT  ABS XT_STK_PS
   954: 0000000c     0 NOTYPE  LOCAL  DEFAULT  ABS XT_STK_A0
   955: 00000010     0 NOTYPE  LOCAL  DEFAULT  ABS XT_STK_A1
   956: 00000014     0 NOTYPE  LOCAL  DEFAULT  ABS XT_STK_A2
   957: 00000018     0 NOTYPE  LOCAL  DEFAULT  ABS XT_STK_A3
   958: 0000001c     0 NOTYPE  LOCAL  DEFAULT  ABS XT_STK_A4
   959: 00000020     0 NOTYPE  LOCAL  DEFAULT  ABS XT_STK_A5
   960: 00000024     0 NOTYPE  LOCAL  DEFAULT  ABS XT_STK_A6
   961: 00000028     0 NOTYPE  LOCAL  DEFAULT  ABS XT_STK_A7
   962: 0000002c     0 NOTYPE  LOCAL  DEFAULT  ABS XT_STK_A8
   963: 00000030     0 NOTYPE  LOCAL  DEFAULT  ABS XT_STK_A9
   964: 00000034     0 NOTYPE  LOCAL  DEFAULT  ABS XT_STK_A10
   965: 00000038     0 NOTYPE  LOCAL  DEFAULT  ABS XT_STK_A11
   966: 0000003c     0 NOTYPE  LOCAL  DEFAULT  ABS XT_STK_A12
   967: 00000040     0 NOTYPE  LOCAL  DEFAULT  ABS XT_STK_A13
   968: 00000044     0 NOTYPE  LOCAL  DEFAULT  ABS XT_STK_A14
   969: 00000048     0 NOTYPE  LOCAL  DEFAULT  ABS XT_STK_A15
   970: 0000004c     0 NOTYPE  LOCAL  DEFAULT  ABS XT_STK_SAR
   971: 00000050     0 NOTYPE  LOCAL  DEFAULT  ABS XT_STK_EXCCAUSE
   972: 00000054     0 NOTYPE  LOCAL  DEFAULT  ABS XT_STK_EXCVADDR
   973: 00000058     0 NOTYPE  LOCAL  DEFAULT  ABS XT_STK_LBEG
   974: 0000005c     0 NOTYPE  LOCAL  DEFAULT  ABS XT_STK_LEND
   975: 00000060     0 NOTYPE  LOCAL  DEFAULT  ABS XT_STK_LCOUNT
   976: 00000064     0 NOTYPE  LOCAL  DEFAULT  ABS XT_STK_TMP0
   977: 00000068     0 NOTYPE  LOCAL  DEFAULT  ABS XT_STK_TMP1
   978: 0000006c     0 NOTYPE  LOCAL  DEFAULT  ABS XT_STK_TMP2
   979: 00000070     0 NOTYPE  LOCAL  DEFAULT  ABS XtExcFrameSize
   980: 00000000     0 NOTYPE  LOCAL  DEFAULT  ABS XT_SOL_EXIT
   981: 00000004     0 NOTYPE  LOCAL  DEFAULT  ABS XT_SOL_PC
   982: 00000008     0 NOTYPE  LOCAL  DEFAULT  ABS XT_SOL_PS
   983: 0000000c     0 NOTYPE  LOCAL  DEFAULT  ABS XT_SOL_THREADPTR
   984: 00000010     0 NOTYPE  LOCAL  DEFAULT  ABS XT_SOL_A0
   985: 00000014     0 NOTYPE  LOCAL  DEFAULT  ABS XT_SOL_A1
   986: 00000018     0 NOTYPE  LOCAL  DEFAULT  ABS XT_SOL_A2
   987: 0000001c     0 NOTYPE  LOCAL  DEFAULT  ABS XT_SOL_A3
   988: 00000020     0 NOTYPE  LOCAL  DEFAULT  ABS XtSolFrameSize
   989: 00000040     0 NOTYPE  LOCAL  DEFAULT  ABS i
   990: 00000000     0 FILE    LOCAL  DEFAULT  ABS rtc_init.c
   991: 4200d8d8   174 FUNC    LOCAL  DEFAULT   12 get_rtc_dbias_by_efuse$constprop$0
   992: 00000000     0 FILE    LOCAL  DEFAULT  ABS esp_memprot.c
   993: 3fc91e68    24 OBJECT  LOCAL  DEFAULT    9 s_memp_cfg
   994: 00000000     0 FILE    LOCAL  DEFAULT  ABS newlib_init.c
   995: 42005494    50 FUNC    LOCAL  DEFAULT   12 esp_cleanup_r
   996: 420054c8    15 FUNC    LOCAL  DEFAULT   12 raise_r_stub
   997: 420054d8    31 FUNC    LOCAL  DEFAULT   12 __esp_system_init_fn_init_newlib_stdio
   998: 3fc91f00   156 OBJECT  LOCAL  DEFAULT    9 s_stub_table
   999: 42005544    10 FUNC    LOCAL  DEFAULT   12 __esp_system_init_fn_init_newlib
  1000: 3c032f6c     8 OBJECT  LOCAL  DEFAULT   15 esp_system_init_fn_init_newlib_stdio
  1001: 3c032f44     8 OBJECT  LOCAL  DEFAULT   15 esp_system_init_fn_init_newlib
  1002: 00000000     0 FILE    LOCAL  DEFAULT  ABS gpio.c
  1003: 3fc923c8    32 OBJECT  LOCAL  DEFAULT    9 gpio_context
  1004: 420069b4    94 FUNC    LOCAL  DEFAULT   12 gpio_sleep_pulldown_dis$isra$0
  1005: 42006a14    94 FUNC    LOCAL  DEFAULT   12 gpio_sleep_pulldown_en$isra$0
  1006: 42006a74    94 FUNC    LOCAL  DEFAULT   12 gpio_sleep_pullup_dis$isra$0
  1007: 42006ad4    94 FUNC    LOCAL  DEFAULT   12 gpio_sleep_pullup_en$isra$0
  1008: 3fc923e8     4 OBJECT  LOCAL  DEFAULT    9 _gpio_hal
  1009: 00000000     0 FILE    LOCAL  DEFAULT  ABS spi_flash_chip_drivers.c
  1010: 3fc92440    36 OBJECT  LOCAL  DEFAULT    9 default_registered_chips
  1011: 00000000     0 FILE    LOCAL  DEFAULT  ABS task_wdt.c
  1012: 3fc9246c     8 OBJECT  LOCAL  DEFAULT    9 spinlock
  1013: 3fc94c64     4 OBJECT  LOCAL  DEFAULT   11 p_twdt_obj
  1014: 42007ad4    10 FUNC    LOCAL  DEFAULT   12 idle_hook_cb
  1015: 420077d4   291 FUNC    LOCAL  DEFAULT   12 add_entry
  1016: 3c031c8c    15 OBJECT  LOCAL  DEFAULT   15 __func__$1
  1017: 420078f8   135 FUNC    LOCAL  DEFAULT   12 subscribe_idle
  1018: 3c031cac    23 OBJECT  LOCAL  DEFAULT   15 __func__$3
  1019: 42007b9c   186 FUNC    LOCAL  DEFAULT   12 task_wdt_isr
  1020: 3c031c9c    13 OBJECT  LOCAL  DEFAULT   15 __func__$2
  1021: 00000000     0 FILE    LOCAL  DEFAULT  ABS esp_gpio_reserve.c
  1022: 3fc92478     8 OBJECT  LOCAL  DEFAULT    9 s_reserved_pin_mask
  1023: 00000000     0 FILE    LOCAL  DEFAULT  ABS environ.c
  1024: 3fc94c84     4 OBJECT  LOCAL  DEFAULT   11 initial_env
  1025: 00000000     0 FILE    LOCAL  DEFAULT  ABS findfp.c
  1026: 420086ac   111 FUNC    LOCAL  DEFAULT   12 std
  1027: 4200871c    20 FUNC    LOCAL  DEFAULT   12 stdio_exit_handler
  1028: 42008730    54 FUNC    LOCAL  DEFAULT   12 cleanup_stdio
  1029: 42008768    52 FUNC    LOCAL  DEFAULT   12 global_stdio_init$part$0
  1030: 00000000     0 FILE    LOCAL  DEFAULT  ABS impure.c
  1031: 00000000     0 FILE    LOCAL  DEFAULT  ABS locale.c
  1032: 00000000     0 FILE    LOCAL  DEFAULT  ABS esp_flash_spi_init.c
  1033: 3fc93338    32 OBJECT  LOCAL  DEFAULT    9 default_chip
  1034: 4200764c    27 FUNC    LOCAL  DEFAULT   12 s_esp_flash_choose_correct_mode
  1035: 3fc93358    48 OBJECT  LOCAL  DEFAULT    9 esp_flash_default_host
  1036: 00000000     0 FILE    LOCAL  DEFAULT  ABS esp_timer_init.c
  1037: 42000cd8    15 FUNC    LOCAL  DEFAULT   12 __esp_system_init_fn_esp_timer_init_nonos
  1038: 3c032f3c     8 OBJECT  LOCAL  DEFAULT   15 esp_system_init_fn_esp_timer_init_nonos
  1039: 00000000     0 FILE    LOCAL  DEFAULT  ABS esp_app_desc.c
  1040: 42000dcc    70 FUNC    LOCAL  DEFAULT   12 esp_app_format_init_elf_sha256$part$0
  1041: 42000e14    20 FUNC    LOCAL  DEFAULT   12 __esp_system_init_fn_init_show_app_info
  1042: 3c032f24     8 OBJECT  LOCAL  DEFAULT   15 esp_system_init_fn_init_show_app_info
  1043: 00000000     0 FILE    LOCAL  DEFAULT  ABS esp_efuse_startup.c
  1044: 4200d584     7 FUNC    LOCAL  DEFAULT   12 __esp_system_init_fn_init_efuse_show_app_info
  1045: 42000e28    16 FUNC    LOCAL  DEFAULT   12 __esp_system_init_fn_init_efuse_check
  1046: 4200d58c     7 FUNC    LOCAL  DEFAULT   12 __esp_system_init_fn_init_efuse
  1047: 3c032f7c     8 OBJECT  LOCAL  DEFAULT   15 esp_system_init_fn_init_efuse
  1048: 3c032f2c     8 OBJECT  LOCAL  DEFAULT   15 esp_system_init_fn_init_efuse_show_app_info
  1049: 3c032f14     8 OBJECT  LOCAL  DEFAULT   15 esp_system_init_fn_init_efuse_check
  1050: 00000000     0 FILE    LOCAL  DEFAULT  ABS esp_efuse_api.c
  1051: 00000000     0 FILE    LOCAL  DEFAULT  ABS esp_system.c
  1052: 3fc946c0    20 OBJECT  LOCAL  DEFAULT   11 shutdown_handlers
  1053: 00000000     0 FILE    LOCAL  DEFAULT  ABS startup_funcs.c
  1054: 42000f80    13 FUNC    LOCAL  DEFAULT   12 __esp_system_init_fn_init_show_cpu_freq
  1055: 42000f90    10 FUNC    LOCAL  DEFAULT   12 __esp_system_init_fn_init_brownout
  1056: 42000f9c    10 FUNC    LOCAL  DEFAULT   12 __esp_system_init_fn_init_newlib_time
  1057: 42000fa8    10 FUNC    LOCAL  DEFAULT   12 __esp_system_init_fn_init_apb_dma
  1058: 42000fb4    38 FUNC    LOCAL  DEFAULT   12 __esp_system_init_fn_init_disable_rtc_wdt
  1059: 3c013fa4    32 OBJECT  LOCAL  DEFAULT   15 __func__$0
  1060: 42000fdc    40 FUNC    LOCAL  DEFAULT   12 __esp_system_init_fn_init_flash
  1061: 3c032f8c     8 OBJECT  LOCAL  DEFAULT   15 esp_system_init_fn_init_disable_rtc_wdt
  1062: 3c032f84     8 OBJECT  LOCAL  DEFAULT   15 esp_system_init_fn_init_apb_dma
  1063: 3c032f74     8 OBJECT  LOCAL  DEFAULT   15 esp_system_init_fn_init_flash
  1064: 3c032f5c     8 OBJECT  LOCAL  DEFAULT   15 esp_system_init_fn_init_newlib_time
  1065: 3c032f54     8 OBJECT  LOCAL  DEFAULT   15 esp_system_init_fn_init_brownout
  1066: 3c032f1c     8 OBJECT  LOCAL  DEFAULT   15 esp_system_init_fn_init_show_cpu_freq
  1067: 00000000     0 FILE    LOCAL  DEFAULT  ABS cache_err_int.c
  1068: 00000000     0 FILE    LOCAL  DEFAULT  ABS esp_ipc_isr_port.c
  1069: 00000000     0 FILE    LOCAL  DEFAULT  ABS panic_arch.c
  1070: 42001aa8    80 FUNC    LOCAL  DEFAULT   12 print_debug_exception_details
  1071: 42001af8    82 FUNC    LOCAL  DEFAULT   12 print_illegal_instruction_details
  1072: 42001b4c   218 FUNC    LOCAL  DEFAULT   12 print_cache_err_details
  1073: 3c0140b4   160 OBJECT  LOCAL  DEFAULT   15 reason$1
  1074: 3c014094    32 OBJECT  LOCAL  DEFAULT   15 pseudo_reason$0
  1075: 00000000     0 FILE    LOCAL  DEFAULT  ABS brownout_hal.c
  1076: 00000000     0 FILE    LOCAL  DEFAULT  ABS heap_caps_init.c
  1077: 3c0141f4    14 OBJECT  LOCAL  DEFAULT   15 __func__$3
  1078: 3c0141e4    15 OBJECT  LOCAL  DEFAULT   15 __func__$2
  1079: 42002528    10 FUNC    LOCAL  DEFAULT   12 __esp_system_init_fn_init_heap
  1080: 3c032f34     8 OBJECT  LOCAL  DEFAULT   15 esp_system_init_fn_init_heap
  1081: 00000000     0 FILE    LOCAL  DEFAULT  ABS memory_layout_utils.c
  1082: 4200d614    12 FUNC    LOCAL  DEFAULT   12 s_compare_reserved_regions
  1083: 3c014204    27 OBJECT  LOCAL  DEFAULT   15 __func__$0
  1084: 00000000     0 FILE    LOCAL  DEFAULT  ABS sleep_gpio.c
  1085: 42003608    17 FUNC    LOCAL  DEFAULT   12 __esp_system_init_fn_esp_sleep_startup_init
  1086: 3c032f64     8 OBJECT  LOCAL  DEFAULT   15 esp_system_init_fn_esp_sleep_startup_init
  1087: 00000000     0 FILE    LOCAL  DEFAULT  ABS chip_info.c
  1088: 00000000     0 FILE    LOCAL  DEFAULT  ABS esp_memprot_conv.c
  1089: 00000000     0 FILE    LOCAL  DEFAULT  ABS esp_cpu_intr.c
  1090: 3c014480    22 OBJECT  LOCAL  DEFAULT   15 __func__$0
  1091: 3c014498   512 OBJECT  LOCAL  DEFAULT   15 intr_desc_table
  1092: 00000000     0 FILE    LOCAL  DEFAULT  ABS syscalls.c
  1093: 4200d668    11 FUNC    LOCAL  DEFAULT   12 syscall_not_implemented
  1094: 42005550     9 FUNC    LOCAL  DEFAULT   12 syscall_not_implemented_aborts
  1095: 4200555c    38 FUNC    LOCAL  DEFAULT   12 _fstat_r_console
  1096: 00000000     0 FILE    LOCAL  DEFAULT  ABS esp_time_impl.c
  1097: 3fc94c00     4 OBJECT  LOCAL  DEFAULT   11 s_boot_time_lock
  1098: 00000000     0 FILE    LOCAL  DEFAULT  ABS app.c
  1099: 4200580c   331 FUNC    LOCAL  DEFAULT   12 worker
  1100: 00000000     0 FILE    LOCAL  DEFAULT  ABS wire.c
  1101: 42005974   128 FUNC    LOCAL  DEFAULT   12 base
  1102: 00000000     0 FILE    LOCAL  DEFAULT  ABS portable_qdq.c
  1103: 42005ea0   140 FUNC    LOCAL  DEFAULT   12 pq_quantize$part$0
  1104: 42005f2c   223 FUNC    LOCAL  DEFAULT   12 qdq
  1105: 00000000     0 FILE    LOCAL  DEFAULT  ABS usb_serial_jtag.c
  1106: 3fc94c10     4 OBJECT  LOCAL  DEFAULT   11 p_usb_serial_jtag_obj
  1107: 4200659c   406 FUNC    LOCAL  DEFAULT   12 usb_serial_jtag_isr_handler_default
  1108: 00000000     0 FILE    LOCAL  DEFAULT  ABS bootloader_mem.c
  1109: 00000000     0 FILE    LOCAL  DEFAULT  ABS bootloader_flash_config_esp32s3.c
  1110: 00000000     0 FILE    LOCAL  DEFAULT  ABS task_wdt_impl_timergroup.c
  1111: 3fc94c6c    12 OBJECT  LOCAL  DEFAULT   11 init_context
  1112: 00000000     0 FILE    LOCAL  DEFAULT  ABS esp_err_to_name.c
  1113: 3c031cc4     6 OBJECT  LOCAL  DEFAULT   15 esp_unknown_msg
  1114: 3c031ccc   440 OBJECT  LOCAL  DEFAULT   15 esp_err_msg_table
  1115: 00000000     0 FILE    LOCAL  DEFAULT  ABS esp_rom_efuse.c
  1116: 00000000     0 FILE    LOCAL  DEFAULT  ABS spi_flash_hal.c
  1117: 00000000     0 FILE    LOCAL  DEFAULT  ABS cpu_region_protect.c
  1118: 00000000     0 FILE    LOCAL  DEFAULT  ABS partition_target.c
  1119: 00000000     0 FILE    LOCAL  DEFAULT  ABS partition.c
  1120: 3fc94c7c     4 OBJECT  LOCAL  DEFAULT   11 s_partition_list
  1121: 42008090   379 FUNC    LOCAL  DEFAULT   12 load_partitions
  1122: 3fc94c78     4 OBJECT  LOCAL  DEFAULT   11 s_partition_list_lock
  1123: 3c032478    19 OBJECT  LOCAL  DEFAULT   15 __func__$3
  1124: 3c032464    18 OBJECT  LOCAL  DEFAULT   15 __func__$2
  1125: 00000000     0 FILE    LOCAL  DEFAULT  ABS esp_ota_ops.c
  1126: 3c03248c    30 OBJECT  LOCAL  DEFAULT   15 __func__$1
  1127: 3fc94c80     4 OBJECT  LOCAL  DEFAULT   11 curr_partition$2
  1128: 42008328   114 FUNC    LOCAL  DEFAULT   12 esp_ota_get_running_partition$part$0
  1129: 00000000     0 FILE    LOCAL  DEFAULT  ABS sf_floor.c
  1130: 00000000     0 FILE    LOCAL  DEFAULT  ABS fclose.c
  1131: 00000000     0 FILE    LOCAL  DEFAULT  ABS fflush.c
  1132: 00000000     0 FILE    LOCAL  DEFAULT  ABS fprintf.c
  1133: 00000000     0 FILE    LOCAL  DEFAULT  ABS fvwrite.c
  1134: 00000000     0 FILE    LOCAL  DEFAULT  ABS printf.c
  1135: 00000000     0 FILE    LOCAL  DEFAULT  ABS stdio.c
  1136: 00000000     0 FILE    LOCAL  DEFAULT  ABS wsetup.c
  1137: 00000000     0 FILE    LOCAL  DEFAULT  ABS reent.c
  1138: 00000000     0 FILE    LOCAL  DEFAULT  ABS sysgettod.c
  1139: 00000000     0 FILE    LOCAL  DEFAULT  ABS vfprintf.c
  1140: 42008d3c  1231 FUNC    LOCAL  DEFAULT   12 get_arg$isra$0
  1141: 3c032814    16 OBJECT  LOCAL  DEFAULT   15 blanks$1
  1142: 3c032804    16 OBJECT  LOCAL  DEFAULT   15 zeroes$0
  1143: 4200bea4   149 FUNC    LOCAL  DEFAULT   12 __sbprintf
  1144: 00000000     0 FILE    LOCAL  DEFAULT  ABS vfiprintf.c
  1145: 00000000     0 FILE    LOCAL  DEFAULT  ABS makebuf.c
  1146: 00000000     0 FILE    LOCAL  DEFAULT  ABS localeconv.c
  1147: 00000000     0 FILE    LOCAL  DEFAULT  ABS s_frexp.c
  1148: 00000000     0 FILE    LOCAL  DEFAULT  ABS dtoa.c
  1149: 4200c0c8   312 FUNC    LOCAL  DEFAULT   12 quorem
  1150: 00000000     0 FILE    LOCAL  DEFAULT  ABS mprec.c
  1151: 3c032824    12 OBJECT  LOCAL  DEFAULT   15 p05$0
  1152: 00000000     0 FILE    LOCAL  DEFAULT  ABS sar_periph_ctrl.c
  1153: 00000000     0 FILE    LOCAL  DEFAULT  ABS app_startup.c
  1154: 3fc9484c     1 OBJECT  LOCAL  DEFAULT   11 s_other_cpu_startup_done
  1155: 4200e0a8    18 FUNC    LOCAL  DEFAULT   12 other_cpu_startup_idle_hook_cb
  1156: 3c0146b4    10 OBJECT  LOCAL  DEFAULT   15 __func__$0
  1157: 4200e0bc   116 FUNC    LOCAL  DEFAULT   12 main_task
  1158: 3c0146c0    22 OBJECT  LOCAL  DEFAULT   15 __func__$1
  1159: 00000000     0 FILE    LOCAL  DEFAULT  ABS esp_efuse_utility.c
  1160: 00000000     0 FILE    LOCAL  DEFAULT  ABS init.c
  1161: 4200d620     7 FUNC    LOCAL  DEFAULT   12 __esp_system_init_fn_esp_security_init
  1162: 3c032f4c     8 OBJECT  LOCAL  DEFAULT   15 esp_system_init_fn_esp_security_init
  1163: 00000000     0 FILE    LOCAL  DEFAULT  ABS pthread.c
  1164: 00000000     0 FILE    LOCAL  DEFAULT  ABS getentropy.c
  1165: 00000000     0 FILE    LOCAL  DEFAULT  ABS pthread.c
  1166: 00000000     0 FILE    LOCAL  DEFAULT  ABS pthread_cond_var.c
  1167: 00000000     0 FILE    LOCAL  DEFAULT  ABS pthread_local_storage.c
  1168: 00000000     0 FILE    LOCAL  DEFAULT  ABS pthread_rwlock.c
  1169: 00000000     0 FILE    LOCAL  DEFAULT  ABS pthread_semaphore.c
  1170: 00000000     0 FILE    LOCAL  DEFAULT  ABS cxx_guards.cpp
  1171: 00000000     0 FILE    LOCAL  DEFAULT  ABS cxx_init.cpp
  1172: 00000000     0 FILE    LOCAL  DEFAULT  ABS mpu_hal.c
  1173: 00000000     0 FILE    LOCAL  DEFAULT  ABS fegetround.c
  1174: 00000000     0 FILE    LOCAL  DEFAULT  ABS fwalk.c
  1175: 00000000     0 FILE    LOCAL  DEFAULT  ABS mbtowc_r.c
  1176: 00000000     0 FILE    LOCAL  DEFAULT  ABS wctomb_r.c
  1177: 00000000     0 FILE    LOCAL  DEFAULT  ABS memory_layout.c
  1178: 3c032eec     8 OBJECT  LOCAL  DEFAULT   15 reserved_region_rtc_reserved_data
  1179: 3c032ef4     8 OBJECT  LOCAL  DEFAULT   15 reserved_region_rtcram_data
  1180: 3c032efc     8 OBJECT  LOCAL  DEFAULT   15 reserved_region_iram_code_2
  1181: 3c032f04     8 OBJECT  LOCAL  DEFAULT   15 reserved_region_iram_code
  1182: 3c032f0c     8 OBJECT  LOCAL  DEFAULT   15 reserved_region_dram_data
  1183: 00000000     0 FILE    LOCAL  DEFAULT  ABS model.c
  1184: 3c02ef84 10496 OBJECT  LOCAL  DEFAULT   15 l0_weights
  1185: 3c02ee84   256 OBJECT  LOCAL  DEFAULT   15 l0_weight_zero
  1186: 3c02ea84  1024 OBJECT  LOCAL  DEFAULT   15 l0_weight_scale
  1187: 3c02e684  1024 OBJECT  LOCAL  DEFAULT   15 l0_bias
  1188: 3c02e284  1024 OBJECT  LOCAL  DEFAULT   15 l0_bias_scale
  1189: 3c01e284 65536 OBJECT  LOCAL  DEFAULT   15 l1_weights
  1190: 3c01e184   256 OBJECT  LOCAL  DEFAULT   15 l1_weight_zero
  1191: 3c01dd84  1024 OBJECT  LOCAL  DEFAULT   15 l1_weight_scale
  1192: 3c01d984  1024 OBJECT  LOCAL  DEFAULT   15 l1_bias
  1193: 3c01d584  1024 OBJECT  LOCAL  DEFAULT   15 l1_bias_scale
  1194: 3c015584 32768 OBJECT  LOCAL  DEFAULT   15 l2_weights
  1195: 3c015504   128 OBJECT  LOCAL  DEFAULT   15 l2_weight_zero
  1196: 3c015304   512 OBJECT  LOCAL  DEFAULT   15 l2_weight_scale
  1197: 3c015104   512 OBJECT  LOCAL  DEFAULT   15 l2_bias
  1198: 3c014f04   512 OBJECT  LOCAL  DEFAULT   15 l2_bias_scale
  1199: 3c014c84   640 OBJECT  LOCAL  DEFAULT   15 l3_weights
  1200: 3c014c7c     5 OBJECT  LOCAL  DEFAULT   15 l3_weight_zero
  1201: 3c014c68    20 OBJECT  LOCAL  DEFAULT   15 l3_weight_scale
  1202: 3c014c54    20 OBJECT  LOCAL  DEFAULT   15 l3_bias
  1203: 3c014c40    20 OBJECT  LOCAL  DEFAULT   15 l3_bias_scale
  1204: 00000000     0 FILE    LOCAL  DEFAULT  ABS ext_mem_layout.c
  1205: 00000000     0 FILE    LOCAL  DEFAULT  ABS gpio_periph.c
  1206: 00000000     0 FILE    LOCAL  DEFAULT  ABS rtc_io_periph.c
  1207: 00000000     0 FILE    LOCAL  DEFAULT  ABS spi_bus_lock.c
  1208: 00000000     0 FILE    LOCAL  DEFAULT  ABS svfiprintf.c
  1209: 00000000     0 FILE    LOCAL  DEFAULT  ABS ctype_.c
  1210: 00000000     0 FILE    LOCAL  DEFAULT  ABS 
  1211: 600fe000     0 NOTYPE  LOCAL  DEFAULT    1 _rtc_code_start
  1212: 600fe000     0 NOTYPE  LOCAL  DEFAULT    1 _rtc_code_end
  1213: 40003420     0 NOTYPE  GLOBAL DEFAULT  ABS r_btdm_task_post
  1214: 420020c8    53 FUNC    GLOBAL DEFAULT   12 esp_deregister_freertos_idle_hook_for_cpu
  1215: 3ff1f6bc     0 NOTYPE  GLOBAL DEFAULT  ABS co_rate_to_phy_mask
  1216: 40004914     0 NOTYPE  GLOBAL DEFAULT  ABS r_lld_test_evt_canceled_cbk
  1217: 40000000     0 NOTYPE  GLOBAL DEFAULT  ABS f_llc_auth_payl_nearly_op_handler
  1218: 40000000     0 NOTYPE  GLOBAL DEFAULT  ABS f_hci_le_rd_local_p256_public_key_cmd_handler
  1219: 40001fa4     0 NOTYPE  GLOBAL DEFAULT  ABS esp_rom_efuse_get_flash_wp_gpio
  1220: 40002f1c     0 NOTYPE  GLOBAL DEFAULT  ABS lld_con_offset_upd_ind_handler
  1221: 40006168     0 NOTYPE  GLOBAL DEFAULT  ABS rom_exit_critical_phy
  1222: 40003da4     0 NOTYPE  GLOBAL DEFAULT  ABS r_llc_ll_start_enc_rsp_ack_handler
  1223: 403772e4    53 FUNC    GLOBAL DEFAULT    7 bootloader_read_flash_id
  1224: 420043a4   202 FUNC    GLOBAL DEFAULT   12 esp_mprot_get_monitor_en
  1225: 42003284    30 FUNC    GLOBAL DEFAULT   12 periph_rcc_acquire_enter
  1226: 40379c38   118 FUNC    GLOBAL DEFAULT    7 xRingbufferCreate
  1227: 40002e2c     0 NOTYPE  GLOBAL DEFAULT  ABS llc_llcp_ch_map_update_ind_pdu_send
  1228: 40001734     0 NOTYPE  GLOBAL DEFAULT  ABS Cache_Suspend_DCache_Autoload
  1229: 400063d8     0 NOTYPE  GLOBAL DEFAULT  ABS rom_phy_freq_mem_backup
  1230: 4200d6b4     5 FUNC    GLOBAL DEFAULT   12 pthread_include_pthread_semaphore_impl
  1231: 40002de4     0 NOTYPE  GLOBAL DEFAULT  ABS llc_ll_ping_req_pdu_send
  1232: 42005550     9 FUNC    GLOBAL DEFAULT   12 _sbrk_r
  1233: 40379e2c    80 FUNC    GLOBAL DEFAULT    7 xRingbufferReceiveUpToFromISR
  1234: 40001d34     0 NOTYPE  GLOBAL DEFAULT  ABS ets_sha_update
  1235: 40374000     0 NOTYPE  GLOBAL DEFAULT  ABS _iram_start
  1236: 40001ccc     0 NOTYPE  GLOBAL DEFAULT  ABS r_lld_per_adv_start_hook
  1237: 4200d674    11 FUNC    WEAK   DEFAULT   12 _write_r
  1238: 400034e0     0 NOTYPE  GLOBAL DEFAULT  ABS r_co_list_merge
  1239: 400031c8     0 NOTYPE  GLOBAL DEFAULT  ABS r_ble_util_buf_acl_tx_free_in_isr
  1240: 400053dc     0 NOTYPE  GLOBAL DEFAULT  ABS mac_tx_set_duration
  1241: 3fceff70     0 NOTYPE  GLOBAL DEFAULT  ABS r_h4tl_eif_p
  1242: 3ff1f0b0     0 NOTYPE  GLOBAL DEFAULT  ABS hci_cmd_desc_tab_le
  1243: 40003b4c     0 NOTYPE  GLOBAL DEFAULT  ABS r_ke_task_msg_flush
  1244: 4038108c   106 FUNC    GLOBAL DEFAULT    7 spi_flash_chip_mxic_opi_set_write_protect
  1245: 400041dc     0 NOTYPE  GLOBAL DEFAULT  ABS r_lld_con_enc_key_load
  1246: 4000354c     0 NOTYPE  GLOBAL DEFAULT  ABS r_co_util_read_array_size
  1247: 400026c4     0 NOTYPE  GLOBAL DEFAULT  ABS cdc_acm_line_ctrl_set
  1248: 4037d3b8    50 FUNC    GLOBAL DEFAULT    7 cache_hal_unfreeze
  1249: 4000225c   622 FUNC    GLOBAL DEFAULT  ABS __divdi3
  1250: 40001e00     0 NOTYPE  GLOBAL DEFAULT  ABS ets_bigint_modexp
  1251: 40002940     0 NOTYPE  GLOBAL DEFAULT  ABS usb_get_descriptor
  1252: 4037ea0c    34 FUNC    GLOBAL DEFAULT    7 spi_flash_hal_suspend
  1253: 42006d14   109 FUNC    GLOBAL DEFAULT   12 gpio_sleep_sel_en
  1254: 3fcefa18     0 NOTYPE  GLOBAL DEFAULT  ABS unloaded_area
  1255: 4000231c     0 NOTYPE  GLOBAL DEFAULT  ABS __floatdidf
  1256: 40006294     0 NOTYPE  GLOBAL DEFAULT  ABS rom_bt_tx_dig_gain
  1257: 40003078     0 NOTYPE  GLOBAL DEFAULT  ABS r_MultiplyByU16ModP256
  1258: 4000120c    79 FUNC    GLOBAL DEFAULT  ABS memcmp
  1259: 40379114    15 FUNC    GLOBAL DEFAULT    7 esp_cache_suspend_ext_mem_cache
  1260: 40001488   712 FUNC    GLOBAL DEFAULT  ABS qsort
  1261: 4000276c     0 NOTYPE  GLOBAL DEFAULT  ABS dfu_flash_erase
  1262: 40001d04     0 NOTYPE  GLOBAL DEFAULT  ABS ets_sha_get_state
  1263: 400045f0     0 NOTYPE  GLOBAL DEFAULT  ABS r_lld_per_adv_stop
  1264: 40380438     7 FUNC    GLOBAL DEFAULT    7 spi_flash_chip_boya_get_caps
  1265: 42002f14    78 FUNC    GLOBAL DEFAULT   12 esp_intr_free
  1266: 3fc943c8   124 OBJECT  GLOBAL DEFAULT    9 esp_flash_chip_mxic
  1267: 42001c28   240 FUNC    GLOBAL DEFAULT   12 panic_print_registers
  1268: 40003aa4     0 NOTYPE  GLOBAL DEFAULT  ABS r_ke_msg_save
  1269: 4200d680    11 FUNC    WEAK   DEFAULT   12 _read_r
  1270: 40002b50     0 NOTYPE  GLOBAL DEFAULT  ABS hci_le_rd_chnl_map_cmd_handler
  1271: 40375e80    59 FUNC    GLOBAL DEFAULT    7 efuse_hal_get_minor_chip_version
  1272: 40003858     0 NOTYPE  GLOBAL DEFAULT  ABS r_hci_fc_check_host_available_nb_acl_packets
  1273: 40004da0     0 NOTYPE  GLOBAL DEFAULT  ABS r_rwip_isr
  1274: 40379f5c    95 FUNC    GLOBAL DEFAULT    7 vRingbufferGetInfo
  1275: 3fcef8cc     0 NOTYPE  GLOBAL DEFAULT  ABS g_mesh_topology_ptr
  1276: 40004308     0 NOTYPE  GLOBAL DEFAULT  ABS r_lld_con_rx_link_info_check
  1277: 4200d364   343 FUNC    GLOBAL DEFAULT   12 __mdiff
  1278: 400060f0     0 NOTYPE  GLOBAL DEFAULT  ABS rom_get_sar2_vol
  1279: 40001b9c     0 NOTYPE  GLOBAL DEFAULT  ABS xthal_bcopy
  1280: 40005028     0 NOTYPE  GLOBAL DEFAULT  ABS r_sch_slice_per_remove
  1281: 40001494     0 NOTYPE  GLOBAL DEFAULT  ABS rand_r
  1282: 40377cf4    15 FUNC    GLOBAL DEFAULT    7 esp_crosscore_int_send_twdt_abort
  1283: 40005fb8     0 NOTYPE  GLOBAL DEFAULT  ABS rom_bt_index_to_bb
  1284: 40003000     0 NOTYPE  GLOBAL DEFAULT  ABS r_Add2SelfBigHex256
  1285: 4037e69c   402 FUNC    GLOBAL DEFAULT    7 spi_flash_hal_setup_auto_suspend_mode
  1286: 4200c200  3223 FUNC    GLOBAL DEFAULT   12 _dtoa_r
  1287: 400036fc     0 NOTYPE  GLOBAL DEFAULT  ABS r_h4tl_read_start
  1288: 3fc923a0     0 OBJECT  GLOBAL DEFAULT    9 _xt_coproc_owner_sa
  1289: 40004518     0 NOTYPE  GLOBAL DEFAULT  ABS r_lld_per_adv_cleanup
  1290: 4037b120   144 FUNC    GLOBAL DEFAULT    7 SysTickIsrHandler
  1291: 40000e28     0 NOTYPE  GLOBAL DEFAULT  ABS wdt_hal_set_flashboot_en
  1292: 40004ad0     0 NOTYPE  GLOBAL DEFAULT  ABS r_llm_is_non_con_act_ongoing_check
  1293: 403781e0   134 FUNC    GLOBAL DEFAULT    7 rtc_clk_8m_enable
  1294: 400039f0     0 NOTYPE  GLOBAL DEFAULT  ABS r_ke_free
  1295: 4000279c     0 NOTYPE  GLOBAL DEFAULT  ABS dfu_cpio_callback
  1296: 40380c80   117 FUNC    GLOBAL DEFAULT    7 spi_flash_chip_generic_read_unique_id
  1297: 40005eec     0 NOTYPE  GLOBAL DEFAULT  ABS rom_set_chan_cal_interp
  1298: 40380fb8    20 FUNC    GLOBAL DEFAULT    7 spi_flash_chip_issi_set_io_mode
  1299: 40000000     0 NOTYPE  GLOBAL DEFAULT  ABS f_llc_auth_payl_nearly_to_handler
  1300: 40003e04     0 NOTYPE  GLOBAL DEFAULT  ABS r_llc_loc_con_upd_proc_continue
  1301: 4037c400    71 FUNC    GLOBAL DEFAULT    7 vTaskPlaceOnEventList
  1302: 4037fee8   129 FUNC    GLOBAL DEFAULT    7 abort
  1303: 4037c61c    25 FUNC    GLOBAL DEFAULT    7 vTaskInternalSetTimeOutState
  1304: 40005a18     0 NOTYPE  GLOBAL DEFAULT  ABS cnx_node_search
  1305: 40000a44     0 NOTYPE  GLOBAL DEFAULT  ABS SPI_write_enable
  1306: 4037ecfc    86 FUNC    GLOBAL DEFAULT    7 multi_heap_aligned_free
  1307: 40001c8c     0 NOTYPE  GLOBAL DEFAULT  ABS hmac_md5
  1308: 4000633c     0 NOTYPE  GLOBAL DEFAULT  ABS rom_set_chan_reg
  1309: 4037bc68    46 FUNC    GLOBAL DEFAULT    7 vTaskSuspendAll
  1310: 4037f1e0    11 FUNC    GLOBAL DEFAULT    7 tlsf_get_pool
  1311: 40004140     0 NOTYPE  GLOBAL DEFAULT  ABS r_lld_cca_free
  1312: 40003744     0 NOTYPE  GLOBAL DEFAULT  ABS r_h4tl_tx_done
  1313: 40378a58    73 FUNC    GLOBAL DEFAULT    7 rtc_clk_cpu_freq_set_xtal
  1314: 40001b60     0 NOTYPE  GLOBAL DEFAULT  ABS ets_intr_lock
  1315: 4200d834    58 FUNC    GLOBAL DEFAULT   12 __mcmp
  1316: 3fcef8c0     0 NOTYPE  GLOBAL DEFAULT  ABS g_config_func
  1317: 40003f84     0 NOTYPE  GLOBAL DEFAULT  ABS r_llc_ver_exch_loc_proc_continue
  1318: 40001b00     0 NOTYPE  GLOBAL DEFAULT  ABS esp_rom_gpio_pad_pullup_only
  1319: 40001b18     0 NOTYPE  GLOBAL DEFAULT  ABS esp_rom_gpio_pad_set_drv
  1320: 3fcefea7     0 NOTYPE  GLOBAL DEFAULT  ABS g_max_evt_env
  1321: 40003a2c     0 NOTYPE  GLOBAL DEFAULT  ABS r_ke_mem_init
  1322: 3fcef940     0 NOTYPE  GLOBAL DEFAULT  ABS g_osi_funcs_p
  1323: 40005d48     0 NOTYPE  GLOBAL DEFAULT  ABS rom_i2c_readReg
  1324: 4000072c     0 NOTYPE  GLOBAL DEFAULT  ABS esp_rom_set_rtc_wake_addr
  1325: 3ff1f6ca     0 NOTYPE  GLOBAL DEFAULT  ABS co_phy_value_to_mask
  1326: 40001e18     0 NOTYPE  GLOBAL DEFAULT  ABS ets_bigint_getz
  1327: 4000630c     0 NOTYPE  GLOBAL DEFAULT  ABS rom_phy_bbpll_cal
  1328: 3fcef848     0 NOTYPE  GLOBAL DEFAULT  ABS g_hmac_cnt_ptr
  1329: 400033b4     0 NOTYPE  GLOBAL DEFAULT  ABS r_bt_rtp_apply_rule_cs_fmt
  1330: 40374000     0 NOTYPE  GLOBAL DEFAULT  ABS _vector_table
  1331: 40004ff8     0 NOTYPE  GLOBAL DEFAULT  ABS r_sch_slice_fg_add
  1332: 3ff1ef44     0 NOTYPE  GLOBAL DEFAULT  ABS lld_scan_map_legacy_pdu_to_evt_type
  1333: 40002970     0 NOTYPE  GLOBAL DEFAULT  ABS usb_deconfig
  1334: 3c032eec     0 NOTYPE  GLOBAL DEFAULT  ABS __init_array_end
  1335: 4000078c     0 NOTYPE  GLOBAL DEFAULT  ABS mz_adler32
  1336: 40002ef8     0 NOTYPE  GLOBAL DEFAULT  ABS lld_ch_map_upd_cfm_handler
  1337: 400049a4     0 NOTYPE  GLOBAL DEFAULT  ABS r_lld_white_list_add
  1338: 40002928     0 NOTYPE  GLOBAL DEFAULT  ABS mac_addr_to_serial_str_desc
  1339: 4200555c    38 FUNC    WEAK   DEFAULT   12 _fstat_r
  1340: 40006384     0 NOTYPE  GLOBAL DEFAULT  ABS rom_wifi_set_tx_gain
  1341: 40005394     0 NOTYPE  GLOBAL DEFAULT  ABS lmacReachShortLimit
  1342: 40003f48     0 NOTYPE  GLOBAL DEFAULT  ABS r_llc_rem_phy_upd_proc_err_cb
  1343: 40378190    78 FUNC    GLOBAL DEFAULT    7 rtc_clk_32k_disable_external
  1344: 40000000     0 NOTYPE  GLOBAL DEFAULT  ABS f_hci_le_enc_cmd_handler
  1345: 4000315c     0 NOTYPE  GLOBAL DEFAULT  ABS r_aes_xor_128
  1346: 40004560     0 NOTYPE  GLOBAL DEFAULT  ABS r_lld_per_adv_evt_start_cbk
  1347: 40004320     0 NOTYPE  GLOBAL DEFAULT  ABS r_lld_con_rx_sync_time_update
  1348: 400040d4     0 NOTYPE  GLOBAL DEFAULT  ABS r_lld_adv_scan_rsp_data_update
  1349: 3fcefdec     0 NOTYPE  GLOBAL DEFAULT  ABS hci_tl_env
  1350: 60038000     0 NOTYPE  GLOBAL DEFAULT  ABS USB_SERIAL_JTAG
  1351: 403790b0    14 FUNC    GLOBAL DEFAULT    7 systimer_ticks_to_us
  1352: 3fcefe6d     0 NOTYPE  GLOBAL DEFAULT  ABS g_scan_forever
  1353: 4200d6a4     5 FUNC    GLOBAL DEFAULT   12 pthread_include_pthread_local_storage_impl
  1354: 42005550     9 FUNC    GLOBAL DEFAULT   12 _exit
  1355: 40002454     0 NOTYPE  GLOBAL DEFAULT  ABS __mulvdi3
  1356: 3fc94b08     8 OBJECT  GLOBAL DEFAULT   11 port_switch_flag
  1357: 40005ab4     0 NOTYPE  GLOBAL DEFAULT  ABS wifi_get_macaddr
  1358: 420056dc     8 FUNC    GLOBAL DEFAULT   12 esp_newlib_time_init
  1359: 400036e4     0 NOTYPE  GLOBAL DEFAULT  ABS r_h4tl_read_next_out_of_sync
  1360: 4200d6bc     5 FUNC    GLOBAL DEFAULT   12 __cxa_guard_dummy
  1361: 3fcefcd8     0 NOTYPE  GLOBAL DEFAULT  ABS llc_env
  1362: 40003e70     0 NOTYPE  GLOBAL DEFAULT  ABS r_llc_pref_param_compute
  1363: 600fe000     0 NOTYPE  GLOBAL DEFAULT  ABS _rtc_force_fast_start
  1364: 40003bb8     0 NOTYPE  GLOBAL DEFAULT  ABS r_ke_timer_init
  1365: 4000477c     0 NOTYPE  GLOBAL DEFAULT  ABS r_lld_scan_process_pkt_rx_aux_adv_ind
  1366: 4000216c     0 NOTYPE  GLOBAL DEFAULT  ABS __absvdi2
  1367: 40381030    32 FUNC    GLOBAL DEFAULT    7 spi_flash_chip_mxic_probe
  1368: 40374403     0 NOTYPE  GLOBAL DEFAULT  ABS _init_end
  1369: 420056e4    27 FUNC    GLOBAL DEFAULT   12 esp_time_impl_get_time_since_boot
  1370: 400037ec     0 NOTYPE  GLOBAL DEFAULT  ABS r_hci_build_le_evt
  1371: 40002bc8     0 NOTYPE  GLOBAL DEFAULT  ABS hci_rd_rssi_cmd_handler
  1372: 4200e614    27 FUNC    GLOBAL DEFAULT   12 xt_int_has_handler
  1373: 4037d43c   192 FUNC    GLOBAL DEFAULT    7 mmu_hal_map_region
  1374: 40002958     0 NOTYPE  GLOBAL DEFAULT  ABS usb_dev_get_configuration
  1375: 40004890     0 NOTYPE  GLOBAL DEFAULT  ABS r_lld_sync_frm_skip_isr
  1376: 40000000     0 NOTYPE  GLOBAL DEFAULT  ABS r_lld_test_init
  1377: 40004590     0 NOTYPE  GLOBAL DEFAULT  ABS r_lld_per_adv_frm_skip_isr
  1378: 40000000     0 NOTYPE  GLOBAL DEFAULT  ABS r_lld_adv_ext_chain_construct
  1379: 40381368   136 FUNC    GLOBAL DEFAULT    7 spi_flash_chip_mxic_opi_page_program
  1380: 40000708     0 NOTYPE  GLOBAL DEFAULT  ABS clear_super_wdt_reset_flag
  1381: 40003b04     0 NOTYPE  GLOBAL DEFAULT  ABS r_ke_state_set
  1382: 3fcef834     0 NOTYPE  GLOBAL DEFAULT  ABS coex_env_ptr
  1383: 400023e8     0 NOTYPE  GLOBAL DEFAULT  ABS __ltsf2
  1384: 4000498c     0 NOTYPE  GLOBAL DEFAULT  ABS r_lld_update_rxbuf
  1385: 40003f24     0 NOTYPE  GLOBAL DEFAULT  ABS r_llc_rem_encrypt_proc_continue
  1386: 400032c4     0 NOTYPE  GLOBAL DEFAULT  ABS r_bt_rf_coex_cfg_set
  1387: 403806a4    97 FUNC    GLOBAL DEFAULT    7 spi_flash_chip_generic_get_caps
  1388: 40005c4c     0 NOTYPE  GLOBAL DEFAULT  ABS esp_coex_ble_conn_dynamic_prio_get
  1389: 40002ee0     0 NOTYPE  GLOBAL DEFAULT  ABS lld_adv_end_ind_handler
  1390: 4037de78   821 FUNC    GLOBAL DEFAULT    7 spi_flash_hal_configure_host_io_mode
  1391: 40003840     0 NOTYPE  GLOBAL DEFAULT  ABS r_hci_fc_acl_en
  1392: 4037b008     0 FUNC    GLOBAL DEFAULT    7 _frxt_coproc_exc_hook
  1393: 42000e38    10 FUNC    GLOBAL DEFAULT   12 esp_efuse_check_errors
  1394: 40002520     0 NOTYPE  GLOBAL DEFAULT  ABS __subvsi3
  1395: 4200d668    11 FUNC    GLOBAL DEFAULT   12 _kill_r
  1396: 3fc92700    16 OBJECT  GLOBAL DEFAULT    9 FreeRTOS_openocd_params
  1397: 4037bafc    50 FUNC    GLOBAL DEFAULT    7 uxTaskPriorityGet
  1398: 3fcefbb4     0 NOTYPE  GLOBAL DEFAULT  ABS rwip_rf
  1399: 40006354     0 NOTYPE  GLOBAL DEFAULT  ABS rom_phy_i2c_init1
  1400: 40000000     0 NOTYPE  GLOBAL DEFAULT  ABS f_hci_le_set_scan_param_cmd_handler
  1401: 40380b98    82 FUNC    GLOBAL DEFAULT    7 spi_flash_chip_generic_set_write_protect
  1402: 40376978    34 FUNC    GLOBAL DEFAULT    7 __retarget_lock_release_recursive
  1403: 40001ecc     0 NOTYPE  GLOBAL DEFAULT  ABS ets_efuse_get_key_purpose
  1404: 400043b0     0 NOTYPE  GLOBAL DEFAULT  ABS r_lld_conn_dynamic_pti_process
  1405: 400062b8     0 NOTYPE  GLOBAL DEFAULT  ABS rom_get_tx_gain_value
  1406: 3fceff5c     0 NOTYPE  GLOBAL DEFAULT  ABS r_plf_funcs_p
  1407: 40005fdc     0 NOTYPE  GLOBAL DEFAULT  ABS rom_bb_bss_cbw40
  1408: 4200e4d0   288 FUNC    GLOBAL DEFAULT   12 tlsf_create
  1409: 3fc91e58     4 OBJECT  GLOBAL DEFAULT    9 g_rtc_dbias_pvt_non_240m
  1410: 40003828     0 NOTYPE  GLOBAL DEFAULT  ABS r_hci_evt_mask_set
  1411: 40377790    91 FUNC    GLOBAL DEFAULT    7 spi_flash_check_and_flush_cache
  1412: 400007ec     0 NOTYPE  GLOBAL DEFAULT  ABS tdefl_get_adler32
  1413: 40375ae0    86 FUNC    GLOBAL DEFAULT    7 esp_backtrace_get_next_frame
  1414: 40003ed0     0 NOTYPE  GLOBAL DEFAULT  ABS r_llc_proc_timer_pause_set
  1415: 403761ac   327 FUNC    GLOBAL DEFAULT    7 heap_caps_realloc_base
  1416: 3fcef938     0 NOTYPE  GLOBAL DEFAULT  ABS wDevMacSleep_ptr
  1417: 40004098     0 NOTYPE  GLOBAL DEFAULT  ABS r_lld_adv_pkt_rx_connect_ind
  1418: 40001ac4     0 NOTYPE  GLOBAL DEFAULT  ABS gpio_output_set
  1419: 3fc94704     4 OBJECT  GLOBAL DEFAULT   11 g_panic_abort_details
  1420: 40003cc0     0 NOTYPE  GLOBAL DEFAULT  ABS r_llc_hci_con_param_req_evt_send
  1421: 40003450     0 NOTYPE  GLOBAL DEFAULT  ABS r_cmp_abs_time
  1422: 40002688     0 NOTYPE  GLOBAL DEFAULT  ABS cdc_acm_irq_rx_enable
  1423: 3ff1f728     0 NOTYPE  GLOBAL DEFAULT  ABS aes_k4_id6
  1424: 40377fa8    89 FUNC    GLOBAL DEFAULT    7 mspi_timing_config_set_psram_clock
  1425: 40001d64     0 NOTYPE  GLOBAL DEFAULT  ABS ets_hmac_disable
  1426: 400057fc     0 NOTYPE  GLOBAL DEFAULT  ABS TRC_AMPDU_PER_UP_THRESHOLD
  1427: 3fceffac     0 NOTYPE  GLOBAL DEFAULT  ABS rom_usb_osglue
  1428: 40002298     0 NOTYPE  GLOBAL DEFAULT  ABS __eqsf2
  1429: 40003d8c     0 NOTYPE  GLOBAL DEFAULT  ABS r_llc_ll_reject_ind_ack_handler
  1430: 40004470     0 NOTYPE  GLOBAL DEFAULT  ABS r_lld_init_process_pkt_rx
  1431: 40001c68     0 NOTYPE  GLOBAL DEFAULT  ABS MD5Update
  1432: 40002c58     0 NOTYPE  GLOBAL DEFAULT  ABS ll_feature_rsp_handler
  1433: 40000618     0 NOTYPE  GLOBAL DEFAULT  ABS ets_install_lock
  1434: 40005b74     0 NOTYPE  GLOBAL DEFAULT  ABS coex_bt_release
  1435: 50000000     0 NOTYPE  GLOBAL DEFAULT  ABS _rtc_noinit_end
  1436: 50000000     0 NOTYPE  GLOBAL DEFAULT  ABS _rtc_bss_start
  1437: 40001bd8     0 NOTYPE  GLOBAL DEFAULT  ABS xthal_get_interrupt
  1438: 3fc946e0     8 OBJECT  GLOBAL DEFAULT   11 g_startup_time
  1439: 3fcefbf0     0 NOTYPE  GLOBAL DEFAULT  ABS rwip_param
  1440: 400049ec     0 NOTYPE  GLOBAL DEFAULT  ABS r_llm_adv_hdl_to_id
  1441: 40004554     0 NOTYPE  GLOBAL DEFAULT  ABS r_lld_per_adv_evt_canceled_cbk
  1442: 40005094     0 NOTYPE  GLOBAL DEFAULT  ABS r_unloaded_area_init
  1443: 40005c04     0 NOTYPE  GLOBAL DEFAULT  ABS coex_hw_timer_set
  1444: 40002784     0 NOTYPE  GLOBAL DEFAULT  ABS dfu_flash_read
  1445: 4037c714    52 FUNC    GLOBAL DEFAULT    7 xTaskGetSchedulerState
  1446: 40004b0c     0 NOTYPE  GLOBAL DEFAULT  ABS r_llm_master_ch_map_get
  1447: 40002d78     0 NOTYPE  GLOBAL DEFAULT  ABS llc_ll_enc_rsp_pdu_send
  1448: 40004ac4     0 NOTYPE  GLOBAL DEFAULT  ABS r_llm_is_dev_synced
  1449: 400063c0     0 NOTYPE  GLOBAL DEFAULT  ABS rom_phy_close_rf
  1450: 3ff1f784     0 NOTYPE  GLOBAL DEFAULT  ABS TASK_DESC_MISC
  1451: 3fceff68     0 NOTYPE  GLOBAL DEFAULT  ABS r_ip_funcs_p
  1452: 4200d650     5 FUNC    GLOBAL DEFAULT   12 newlib_include_pthread_impl
  1453: 40000000     0 NOTYPE  GLOBAL DEFAULT  ABS lld_adv_rep_ind_handler
  1454: 4200c058    15 FUNC    GLOBAL DEFAULT   12 _localeconv_r
  1455: 4000234c     0 NOTYPE  GLOBAL DEFAULT  ABS __floatundidf
  1456: 4200c068    95 FUNC    GLOBAL DEFAULT   12 frexp
  1457: 40004878     0 NOTYPE  GLOBAL DEFAULT  ABS r_lld_sync_frm_eof_isr
  1458: 42008d24    24 FUNC    GLOBAL DEFAULT   12 gettimeofday
  1459: 40001398    37 FUNC    GLOBAL DEFAULT  ABS strcspn
  1460: 40004134     0 NOTYPE  GLOBAL DEFAULT  ABS r_lld_cca_data_reset
  1461: 403801d0    25 FUNC    GLOBAL DEFAULT    7 memspi_host_flush_cache
  1462: 40000e10     0 NOTYPE  GLOBAL DEFAULT  ABS wdt_hal_handle_intr
  1463: 40002124     0 NOTYPE  GLOBAL DEFAULT  ABS ets_emsa_pss_verify
  1464: 40000000     0 NOTYPE  GLOBAL DEFAULT  ABS f_hci_vendor_ble_init_adv_flow_control_cmd_handler
  1465: 42007638    20 FUNC    GLOBAL DEFAULT   12 esp_flash_read_chip_id
  1466: 4000552c     0 NOTYPE  GLOBAL DEFAULT  ABS ppAMPDU2Normal
  1467: 4037a1f4    43 FUNC    GLOBAL DEFAULT    7 esp_rom_install_channel_putc
  1468: 40381a4c     0 NOTYPE  GLOBAL DEFAULT    7 xthal_spill_registers_into_stack_nw
  1469: 40001c5c     0 NOTYPE  GLOBAL DEFAULT  ABS MD5Init
  1470: 420073ec    18 FUNC    GLOBAL DEFAULT   12 spi_flash_op_lock
  1471: 40380bec    18 FUNC    GLOBAL DEFAULT    7 spi_flash_chip_generic_read_reg
  1472: 40003288     0 NOTYPE  GLOBAL DEFAULT  ABS r_ble_util_data_rx_buf_reset
  1473: 40000000     0 NOTYPE  GLOBAL DEFAULT  ABS r_lld_adv_sync_info_set
  1474: 4000585c     0 NOTYPE  GLOBAL DEFAULT  ABS wDevCheckBlockError
  1475: 40002340     0 NOTYPE  GLOBAL DEFAULT  ABS __floatsisf
  1476: 400052c8     0 NOTYPE  GLOBAL DEFAULT  ABS ic_get_trc
  1477: 40003264     0 NOTYPE  GLOBAL DEFAULT  ABS r_ble_util_buf_rx_free_in_isr
  1478: 3c032f14     0 NOTYPE  GLOBAL DEFAULT  ABS soc_reserved_memory_region_end
  1479: 3c032f14     0 NOTYPE  GLOBAL DEFAULT  ABS _esp_system_init_fn_array_start
  1480: 3fcefeb4     0 NOTYPE  GLOBAL DEFAULT  ABS g_event_empty
  1481: 40002034     0 NOTYPE  GLOBAL DEFAULT  ABS ets_ecc_flash_enable
  1482: 400014ac     0 NOTYPE  GLOBAL DEFAULT  ABS srand
  1483: 40004de8     0 NOTYPE  GLOBAL DEFAULT  ABS r_rwip_sw_int_handler
  1484: 40000000     0 NOTYPE  GLOBAL DEFAULT  ABS f_hci_vendor_ble_update_duplicate_exceptional_list_cmd_handler
  1485: 3fcef8bc     0 NOTYPE  GLOBAL DEFAULT  ABS g_net80211_tx_func
  1486: 40002a54     0 NOTYPE  GLOBAL DEFAULT  ABS usb_dfu_force_detach
  1487: 40005220     0 NOTYPE  GLOBAL DEFAULT  ABS r_lld_adv_direct_adv_use_rpa_addr_state_set
  1488: 3fc944a8   124 OBJECT  GLOBAL DEFAULT    9 esp_flash_chip_mxic_opi
  1489: 40002c7c     0 NOTYPE  GLOBAL DEFAULT  ABS ll_min_used_channels_ind_handler
  1490: 400055e0     0 NOTYPE  GLOBAL DEFAULT  ABS ppProcessRxPktHdr
  1491: 40002c64     0 NOTYPE  GLOBAL DEFAULT  ABS ll_length_req_handler
  1492: 60024000     0 NOTYPE  GLOBAL DEFAULT  ABS GPSPI2
  1493: 403775c8    57 FUNC    GLOBAL DEFAULT    7 spi_flash_op_block_func
  1494: 40000000     0 NOTYPE  GLOBAL DEFAULT  ABS r_lld_scan_process_pkt_rx_ext_adv
  1495: 403741c0     0 FUNC    GLOBAL DEFAULT    6 _Level3Vector
  1496: 40000000     0 NOTYPE  GLOBAL DEFAULT  ABS f_hci_le_clear_per_adv_list_cmd_handler
  1497: 40003c60     0 NOTYPE  GLOBAL DEFAULT  ABS r_llc_disconnect_end
  1498: 4037b3cc    82 FUNC    GLOBAL DEFAULT    7 uxListRemove
  1499: 4000579c     0 NOTYPE  GLOBAL DEFAULT  ABS rcUpdateAckSnr
  1500: 40005730     0 NOTYPE  GLOBAL DEFAULT  ABS rcAmpduLowerRate
  1501: 40002f10     0 NOTYPE  GLOBAL DEFAULT  ABS lld_con_evt_sd_evt_time_set
  1502: 40005100     0 NOTYPE  GLOBAL DEFAULT  ABS r_lld_legacy_adv_dynamic_pti_process
  1503: 40005850     0 NOTYPE  GLOBAL DEFAULT  ABS trcAmpduSetState
  1504: 3fcef958     0 NOTYPE  GLOBAL DEFAULT  ABS sdk_cfg_priv_opts
  1505: 40000000     0 NOTYPE  GLOBAL DEFAULT  ABS f_llc_op_le_ping_ind_handler
  1506: 4000057c     0 NOTYPE  GLOBAL DEFAULT  ABS rtc_get_reset_reason
  1507: 40002a30     0 NOTYPE  GLOBAL DEFAULT  ABS dfu_status_cb
  1508: 40001e54     0 NOTYPE  GLOBAL DEFAULT  ABS ets_ds_finish_sign
  1509: 4037ea4c    72 FUNC    GLOBAL DEFAULT    7 systimer_hal_get_counter_value
  1510: 42007c58   197 FUNC    GLOBAL DEFAULT   12 esp_task_wdt_impl_timer_allocate
  1511: 400033e4     0 NOTYPE  GLOBAL DEFAULT  ABS r_bt_rtp_get_txpwr_idx_by_act
  1512: 3fc933c0    40 OBJECT  GLOBAL DEFAULT    9 esp_flash_noos_functions
  1513: 40381a4c   273 NOTYPE  GLOBAL DEFAULT    7 xthal_window_spill_nw
  1514: 4037d64c    71 FUNC    GLOBAL DEFAULT    7 mmu_hal_check_valid_ext_vaddr_region
  1515: 4000090c     0 NOTYPE  GLOBAL DEFAULT  ABS esp_rom_opiflash_erase_block_64k
  1516: 40380fe8     7 FUNC    GLOBAL DEFAULT    7 spi_flash_chip_issi_get_caps
  1517: 40380a70   146 FUNC    GLOBAL DEFAULT    7 spi_flash_chip_generic_erase_sector
  1518: 4037e384   186 FUNC    GLOBAL DEFAULT    7 spi_flash_hal_read
  1519: 400005ac     0 NOTYPE  GLOBAL DEFAULT  ABS rtc_select_apb_bridge
  1520: 4037d750    14 FUNC    GLOBAL DEFAULT    7 spi_flash_encryption_hal_check
  1521: 40376048   339 FUNC    GLOBAL DEFAULT    7 heap_caps_aligned_alloc_base
  1522: 4000291c     0 NOTYPE  GLOBAL DEFAULT  ABS usb_dc_check_poll_for_interrupts
  1523: 4037dd4c   247 FUNC    GLOBAL DEFAULT    7 spi_flash_hal_gpspi_read
  1524: 42001014    73 FUNC    GLOBAL DEFAULT   12 esp_brownout_init
  1525: 4000393c     0 NOTYPE  GLOBAL DEFAULT  ABS r_hci_tl_send
  1526: 3ff1eebe     0 NOTYPE  GLOBAL DEFAULT  ABS rwip_coex_cfg
  1527: 4200e630    60 FUNC    GLOBAL DEFAULT   12 xt_set_interrupt_handler
  1528: 4037cff8   169 FUNC    GLOBAL DEFAULT    7 vTaskStartScheduler
  1529: 40002088     0 NOTYPE  GLOBAL DEFAULT  ABS ets_ecc_get_flash_byte_mode
  1530: 42000020     0 NOTYPE  GLOBAL DEFAULT  ABS _instruction_reserved_start
  1531: 40000df8     0 NOTYPE  GLOBAL DEFAULT  ABS wdt_hal_enable
  1532: 60025000     0 NOTYPE  GLOBAL DEFAULT  ABS GPSPI3
  1533: 40003144     0 NOTYPE  GLOBAL DEFAULT  ABS r_aes_shift_left_128
  1534: 4200d680    11 FUNC    GLOBAL DEFAULT   12 _read_r_console
  1535: 40005d9c     0 NOTYPE  GLOBAL DEFAULT  ABS rom_linear_to_db
  1536: 3fcefc80     0 NOTYPE  GLOBAL DEFAULT  ABS lld_exp_sync_pos_tab
  1537: 400037c8     0 NOTYPE  GLOBAL DEFAULT  ABS r_hci_build_cc_evt
  1538: 40380d60    48 FUNC    GLOBAL DEFAULT    7 spi_flash_common_write_status_16b_wrsr
  1539: 3ff1f790     0 NOTYPE  GLOBAL DEFAULT  ABS RF_TX_PW_CONV_TBL
  1540: 40005ea4     0 NOTYPE  GLOBAL DEFAULT  ABS rom_phy_set_bbfreq_init
  1541: 40002fd0     0 NOTYPE  GLOBAL DEFAULT  ABS lld_update_rxbuf_handler
  1542: 3fcefcb0     0 NOTYPE  GLOBAL DEFAULT  ABS lld_adv_env
  1543: 420017b4   251 FUNC    GLOBAL DEFAULT   12 esp_panic_handler
  1544: 4200e1fc   127 FUNC    GLOBAL DEFAULT   12 multi_heap_get_info
  1545: 40005d18     0 NOTYPE  GLOBAL DEFAULT  ABS rom_get_bbgain_db
  1546: 40005d60     0 NOTYPE  GLOBAL DEFAULT  ABS rom_i2c_writeReg
  1547: 40002268     0 NOTYPE  GLOBAL DEFAULT  ABS __divsc3
  1548: 40002b68     0 NOTYPE  GLOBAL DEFAULT  ABS hci_le_rd_rem_feats_cmd_handler
  1549: 40004a64     0 NOTYPE  GLOBAL DEFAULT  ABS r_llm_cmd_cmp_send
  1550: 400023a0     0 FUNC    GLOBAL DEFAULT  ABS __gtdf2
  1551: 40379d08   208 FUNC    GLOBAL DEFAULT    7 xRingbufferSendFromISR
  1552: 3c031ac0     0 OBJECT  GLOBAL DEFAULT   15 _xt_coproc_sa_offset
  1553: 40006120     0 NOTYPE  GLOBAL DEFAULT  ABS rom_phy_track_pll_cap
  1554: 4037b910   387 FUNC    GLOBAL DEFAULT    7 vTaskDelete
  1555: 40000000     0 NOTYPE  GLOBAL DEFAULT  ABS llm_rpa_renew_to_handler
  1556: 40002c88     0 NOTYPE  GLOBAL DEFAULT  ABS ll_pause_enc_req_handler
  1557: 403803e8    46 FUNC    GLOBAL DEFAULT    7 memspi_host_read_data_slicer
  1558: 40003318     0 NOTYPE  GLOBAL DEFAULT  ABS r_bt_rf_coex_pti_table_get
  1559: 400012e4     0 NOTYPE  GLOBAL DEFAULT  ABS isprint
  1560: 40004e3c     0 NOTYPE  GLOBAL DEFAULT  ABS r_rwip_timer_hus_handler
  1561: 40005688     0 NOTYPE  GLOBAL DEFAULT  ABS ppSelectNextQueue
  1562: 40377734    17 FUNC    GLOBAL DEFAULT    7 spi_flash_cache_enabled
  1563: 400021f0     0 NOTYPE  GLOBAL DEFAULT  ABS __clrsbdi2
  1564: 420053f0    18 FUNC    GLOBAL DEFAULT   12 esp_sleep_sub_mode_force_disable
  1565: 3fcefe21     0 NOTYPE  GLOBAL DEFAULT  ABS hci_env
  1566: 4037619c    16 FUNC    GLOBAL DEFAULT    7 heap_caps_malloc_base
  1567: 40004428     0 NOTYPE  GLOBAL DEFAULT  ABS r_lld_init_evt_canceled_cbk
  1568: 3fcef934     0 NOTYPE  GLOBAL DEFAULT  ABS g_lmac_cnt_ptr
  1569: 40003294     0 NOTYPE  GLOBAL DEFAULT  ABS r_bt_bb_get_intr_mask
  1570: 40003f30     0 NOTYPE  GLOBAL DEFAULT  ABS r_llc_rem_encrypt_proc_err_cb
  1571: 3fcefea9     0 NOTYPE  GLOBAL DEFAULT  ABS g_llm_state
  1572: 42007ae0   188 FUNC    GLOBAL DEFAULT   12 esp_task_wdt_print_triggered_tasks
  1573: 40001d40     0 NOTYPE  GLOBAL DEFAULT  ABS ets_sha_finish
  1574: 40003f3c     0 NOTYPE  GLOBAL DEFAULT  ABS r_llc_rem_phy_upd_proc_continue
  1575: 40002d90     0 NOTYPE  GLOBAL DEFAULT  ABS llc_ll_feature_rsp_pdu_send
  1576: 40002c70     0 NOTYPE  GLOBAL DEFAULT  ABS ll_length_rsp_handler
  1577: 3fcefa2c     0 NOTYPE  GLOBAL DEFAULT  ABS sch_slice_env
  1578: 400045cc     0 NOTYPE  GLOBAL DEFAULT  ABS r_lld_per_adv_sched
  1579: 40006324     0 NOTYPE  GLOBAL DEFAULT  ABS rom_phy_param_addr
  1580: 4000336c     0 NOTYPE  GLOBAL DEFAULT  ABS r_bt_rma_deregister_rule_cs_fmt
  1581: 40004200     0 NOTYPE  GLOBAL DEFAULT  ABS r_lld_con_evt_duration_min_get
  1582: 3ff1f6d7     0 NOTYPE  GLOBAL DEFAULT  ABS co_phy_mask_to_rate
  1583: 400030e4     0 NOTYPE  GLOBAL DEFAULT  ABS r_aes_ccm_xor_128_lsb
  1584: 40004dc4     0 NOTYPE  GLOBAL DEFAULT  ABS r_rwip_prevent_sleep_set
  1585: 40381058    49 FUNC    GLOBAL DEFAULT    7 spi_flash_chip_mxic_opi_detect_size
  1586: 403804b0    31 FUNC    GLOBAL DEFAULT    7 spi_flash_chip_gd_probe
  1587: 40000c60     0 NOTYPE  GLOBAL DEFAULT  ABS esp_rom_spi_set_address_bit_len
  1588: 40001f08     0 NOTYPE  GLOBAL DEFAULT  ABS ets_efuse_secure_boot_enabled
  1589: 400026d0     0 NOTYPE  GLOBAL DEFAULT  ABS cdc_acm_line_ctrl_get
  1590: 400043a4     0 NOTYPE  GLOBAL DEFAULT  ABS r_lld_con_tx_prog
  1591: 400026ac     0 NOTYPE  GLOBAL DEFAULT  ABS cdc_acm_irq_is_pending
  1592: 4200600c    71 FUNC    GLOBAL DEFAULT   12 pq_environment
  1593: 4000639c     0 NOTYPE  GLOBAL DEFAULT  ABS rom_tx_pwctrl_background
  1594: 40002430     0 NOTYPE  GLOBAL DEFAULT  ABS __mulsc3
  1595: 40003918     0 NOTYPE  GLOBAL DEFAULT  ABS r_hci_tl_hci_tx_done_evt_handler
  1596: 40005928     0 NOTYPE  GLOBAL DEFAULT  ABS wdevProcessRxSucDataAll
  1597: 42005438    90 FUNC    GLOBAL DEFAULT   12 esp_newlib_locks_init
  1598: 400028f8     0 NOTYPE  GLOBAL DEFAULT  ABS usb_dc_ep_set_callback
  1599: 42005750   146 FUNC    GLOBAL DEFAULT   12 esp_sync_timekeeping_timers
  1600: 40000000     0 NOTYPE  GLOBAL DEFAULT  ABS r_lld_per_adv_init
  1601: 40003330     0 NOTYPE  GLOBAL DEFAULT  ABS r_bt_rf_coex_st_param_set
  1602: 40003a98     0 NOTYPE  GLOBAL DEFAULT  ABS r_ke_msg_in_queue
  1603: 40004620     0 NOTYPE  GLOBAL DEFAULT  ABS r_lld_read_clock
  1604: 40006360     0 NOTYPE  GLOBAL DEFAULT  ABS rom_tsens_temp_read
  1605: 40004bf0     0 NOTYPE  GLOBAL DEFAULT  ABS r_rf_em_init
  1606: 40002b8c     0 NOTYPE  GLOBAL DEFAULT  ABS hci_le_set_data_len_cmd_handler
  1607: 400023dc     0 FUNC    GLOBAL DEFAULT  ABS __ltdf2
  1608: 40002cd0     0 NOTYPE  GLOBAL DEFAULT  ABS ll_ping_rsp_handler
  1609: 400033fc     0 NOTYPE  GLOBAL DEFAULT  ABS r_bt_rtp_register_rule_cs_fmt
  1610: 40002748     0 NOTYPE  GLOBAL DEFAULT  ABS cpio_done
  1611: 40004728     0 NOTYPE  GLOBAL DEFAULT  ABS r_lld_scan_frm_eof_isr
  1612: 40004938     0 NOTYPE  GLOBAL DEFAULT  ABS r_lld_test_frm_cbk
  1613: 40005d48     0 NOTYPE  GLOBAL DEFAULT  ABS esp_rom_regi2c_read
  1614: 42007980    79 FUNC    GLOBAL DEFAULT   12 task_wdt_timeout_abort
  1615: 4200d668    11 FUNC    WEAK   DEFAULT   12 _unlink_r
  1616: 4037a0f4    34 FUNC    GLOBAL DEFAULT    7 Cache_Freeze_DCache_Enable
  1617: 40000834     0 NOTYPE  GLOBAL DEFAULT  ABS tinfl_decompress_mem_to_callback
  1618: 42007a4c   133 FUNC    GLOBAL DEFAULT   12 esp_task_wdt_reset
  1619: 40005718     0 NOTYPE  GLOBAL DEFAULT  ABS rc_get_trc
  1620: 40005430     0 NOTYPE  GLOBAL DEFAULT  ABS pm_disable_sleep_delay_timer
  1621: 403815c4    28 FUNC    GLOBAL DEFAULT    7 spi_flash_chip_mxic_opi_probe
  1622: 40001230   291 FUNC    GLOBAL DEFAULT  ABS strcmp
  1623: 400023c4     0 NOTYPE  GLOBAL DEFAULT  ABS __lesf2
  1624: 40005574     0 NOTYPE  GLOBAL DEFAULT  ABS ppDequeueRxq_Locked
  1625: 40005904     0 NOTYPE  GLOBAL DEFAULT  ABS hal_mac_is_dma_enable
  1626: 40005f10     0 NOTYPE  GLOBAL DEFAULT  ABS rom_set_rxclk_en
  1627: 4000504c     0 NOTYPE  GLOBAL DEFAULT  ABS r_sdk_config_get_opts
  1628: 4037d310    54 FUNC    GLOBAL DEFAULT    7 cache_hal_is_cache_enabled
  1629: 42003bdc   754 FUNC    GLOBAL DEFAULT   12 esp_mprot_set_pms_area
  1630: 4037f1ec   885 FUNC    GLOBAL DEFAULT    7 tlsf_malloc
  1631: 400024d8    55 FUNC    GLOBAL DEFAULT  ABS __popcountsi2
  1632: 4037ee50    22 FUNC    GLOBAL DEFAULT    7 tlsf_block_size
  1633: 40002b44     0 NOTYPE  GLOBAL DEFAULT  ABS hci_le_ltk_req_reply_cmd_handler
  1634: 403804d0    60 FUNC    GLOBAL DEFAULT    7 spi_flash_chip_gd_set_io_mode
  1635: 5000001c     0 NOTYPE  GLOBAL DEFAULT  ABS _rtc_force_slow_end
  1636: 40001ef0     0 NOTYPE  GLOBAL DEFAULT  ABS ets_efuse_rs_calculate
  1637: 400027d8     0 NOTYPE  GLOBAL DEFAULT  ABS dfu_updater_feed
  1638: 400047ac     0 NOTYPE  GLOBAL DEFAULT  ABS r_lld_scan_process_pkt_rx_ext_adv_ind
  1639: 4200e5f0    34 FUNC    GLOBAL DEFAULT   12 tlsf_create_with_pool
  1640: 3fcef83c     0 NOTYPE  GLOBAL DEFAULT  ABS mesh_rxcb
  1641: 4037d158     7 FUNC    WEAK   DEFAULT    7 xTimerCreateTimerTask
  1642: 40001aa0     0 NOTYPE  GLOBAL DEFAULT  ABS gpio_matrix_out
  1643: 400042fc     0 NOTYPE  GLOBAL DEFAULT  ABS r_lld_con_rx_isr
  1644: 42007d98    39 FUNC    GLOBAL DEFAULT   12 esp_err_to_name
  1645: 40000000     0 NOTYPE  GLOBAL DEFAULT  ABS f_ll_phy_rsp_handler
  1646: 400027cc     0 NOTYPE  GLOBAL DEFAULT  ABS dfu_updater_begin
  1647: 40003e4c     0 NOTYPE  GLOBAL DEFAULT  ABS r_llc_loc_phy_upd_proc_continue
  1648: 40003a5c     0 NOTYPE  GLOBAL DEFAULT  ABS r_ke_msg_dest_id_get
  1649: 40000000     0 NOTYPE  GLOBAL DEFAULT  ABS r_rwip_crypt_evt_handler
  1650: 42001574   162 FUNC    GLOBAL DEFAULT   12 esp_int_wdt_init
  1651: 3fc92498     4 OBJECT  GLOBAL DEFAULT    9 _impure_ptr
  1652: 40004cec     0 NOTYPE  GLOBAL DEFAULT  ABS r_rw_crypto_aes_s1
  1653: 40000a44     0 NOTYPE  GLOBAL DEFAULT  ABS esp_rom_spiflash_write_enable
  1654: 42001d50   102 FUNC    GLOBAL DEFAULT   12 panic_soc_fill_info
  1655: 40375cf4    37 FUNC    GLOBAL DEFAULT    7 esp_backtrace_print
  1656: 40001cd4     0 NOTYPE  GLOBAL DEFAULT  ABS r_lld_sync_evt_start_cbk_hook
  1657: 40004ecc     0 NOTYPE  GLOBAL DEFAULT  ABS r_sch_arb_event_start_isr
  1658: 40002910     0 NOTYPE  GLOBAL DEFAULT  ABS usb_dc_ep_mps
  1659: 4037bc98    13 FUNC    GLOBAL DEFAULT    7 xTaskGetTickCount
  1660: 3c032af8   364 OBJECT  GLOBAL DEFAULT   15 __default_global_locale
  1661: 400013ec     0 NOTYPE  GLOBAL DEFAULT  ABS strndup
  1662: 400051cc     0 NOTYPE  GLOBAL DEFAULT  ABS r_lld_ext_scan_dynamic_pti_get
  1663: 40005c70     0 NOTYPE  GLOBAL DEFAULT  ABS rom_bb_bss_cbw40_dig
  1664: 40000dc8     0 NOTYPE  GLOBAL DEFAULT  ABS wdt_hal_deinit
  1665: 40003e64     0 NOTYPE  GLOBAL DEFAULT  ABS r_llc_msg_handler_tab_p_get
  1666: 400045b4     0 NOTYPE  GLOBAL DEFAULT  ABS r_lld_per_adv_list_add
  1667: 420083b0   166 FUNC    GLOBAL DEFAULT   12 floorf
  1668: 40005f70     0 NOTYPE  GLOBAL DEFAULT  ABS rom_txbbgain_to_index
  1669: 4000366c     0 NOTYPE  GLOBAL DEFAULT  ABS r_get_stack_usage
  1670: 40004bcc     0 NOTYPE  GLOBAL DEFAULT  ABS r_phy_upd_proc_start
  1671: 4200e1fc   127 FUNC    GLOBAL DEFAULT   12 multi_heap_get_info_impl
  1672: 4000201c     0 NOTYPE  GLOBAL DEFAULT  ABS ets_efuse_ecc_flash_page_size
  1673: 40004020     0 NOTYPE  GLOBAL DEFAULT  ABS r_lld_adv_end
  1674: 400027c0     0 NOTYPE  GLOBAL DEFAULT  ABS dfu_updater_enable
  1675: 400059dc     0 NOTYPE  GLOBAL DEFAULT  ABS ampdu_dispatch_as_many_as_possible
  1676: 3fcefed0     0 NOTYPE  GLOBAL DEFAULT  ABS g_conflict_elt
  1677: 400037bc     0 NOTYPE  GLOBAL DEFAULT  ABS r_hci_build_acl_data
  1678: 40003d14     0 NOTYPE  GLOBAL DEFAULT  ABS r_llc_hci_ltk_request_evt_send
  1679: 400005d0     0 NOTYPE  GLOBAL DEFAULT  ABS esp_rom_printf
  1680: 4037772c     8 FUNC    GLOBAL DEFAULT    7 spi_flash_enable_cache
  1681: 403779d8   230 FUNC    GLOBAL DEFAULT    7 esp_flash_init_main
  1682: 4200d668    11 FUNC    GLOBAL DEFAULT   12 _system_r
  1683: 40000000     0 NOTYPE  GLOBAL DEFAULT  ABS f_hci_le_ltk_req_neg_reply_cmd_handler
  1684: 40005ad8     0 NOTYPE  GLOBAL DEFAULT  ABS ic_ebuf_alloc
  1685: 42000020     0 NOTYPE  GLOBAL DEFAULT   12 _stext
  1686: 3fcefee8     0 NOTYPE  GLOBAL DEFAULT  ABS ecc_env
  1687: 3fc94b18     8 OBJECT  GLOBAL DEFAULT   11 port_uxCriticalNesting
  1688: 40005cac     0 NOTYPE  GLOBAL DEFAULT  ABS rom_bb_wdt_timeout_clear
  1689: 400029ac     0 NOTYPE  GLOBAL DEFAULT  ABS usb_read
  1690: 400055f8     0 NOTYPE  GLOBAL DEFAULT  ABS ppRecordBarRRC
  1691: 400011e8    76 FUNC    GLOBAL DEFAULT  ABS memset
  1692: 4000597c     0 NOTYPE  GLOBAL DEFAULT  ABS ppProcessWaitingQueue
  1693: 40005130     0 NOTYPE  GLOBAL DEFAULT  ABS r_lld_adv_ext_pkt_prepare_set
  1694: 40004e48     0 NOTYPE  GLOBAL DEFAULT  ABS r_rwip_timer_hus_set
  1695: 40003e1c     0 NOTYPE  GLOBAL DEFAULT  ABS r_llc_loc_dl_upd_proc_continue
  1696: 40005c88     0 NOTYPE  GLOBAL DEFAULT  ABS rom_bb_wdt_get_status
  1697: 40002388     0 FUNC    GLOBAL DEFAULT  ABS __gedf2
  1698: 40004d28     0 NOTYPE  GLOBAL DEFAULT  ABS r_rwble_sleep_wakeup_end
  1699: 40003a14     0 NOTYPE  GLOBAL DEFAULT  ABS r_ke_is_free
  1700: 40005bc8     0 NOTYPE  GLOBAL DEFAULT  ABS coex_core_status_get
  1701: 40002328     0 NOTYPE  GLOBAL DEFAULT  ABS __floatdisf
  1702: 40001464    13 FUNC    GLOBAL DEFAULT  ABS div
  1703: 4000129c     0 NOTYPE  GLOBAL DEFAULT  ABS isascii
  1704: 40005ca0     0 NOTYPE  GLOBAL DEFAULT  ABS rom_bb_wdt_rst_enable
  1705: 4000147c     0 NOTYPE  GLOBAL DEFAULT  ABS ldiv
  1706: 4000282c     0 NOTYPE  GLOBAL DEFAULT  ABS usb_dc_detach
  1707: 400005dc     0 NOTYPE  GLOBAL DEFAULT  ABS ets_install_putc1
  1708: 40000000     0 NOTYPE  GLOBAL DEFAULT  ABS f_nvds_del
  1709: 40002208     0 NOTYPE  GLOBAL DEFAULT  ABS __clzdi2
  1710: 4037c748   232 FUNC    GLOBAL DEFAULT    7 xTaskPriorityInherit
  1711: 40000000     0 NOTYPE  GLOBAL DEFAULT  ABS _heap_end
  1712: 400016c8     0 NOTYPE  GLOBAL DEFAULT  ABS rom_Cache_WriteBack_Addr
  1713: 400013bc    51 FUNC    GLOBAL DEFAULT  ABS strlcpy
  1714: 42001a58     9 FUNC    GLOBAL DEFAULT   12 panic_restart
  1715: 40003324     0 NOTYPE  GLOBAL DEFAULT  ABS r_bt_rf_coex_st_param_get
  1716: 40004014     0 NOTYPE  GLOBAL DEFAULT  ABS r_lld_adv_dynamic_pti_process
  1717: 42005404    50 FUNC    GLOBAL DEFAULT   12 esp_sleep_sub_mode_dump_config
  1718: 400005f4     0 NOTYPE  GLOBAL DEFAULT  ABS ets_install_putc2
  1719: 40004908     0 NOTYPE  GLOBAL DEFAULT  ABS r_lld_test_cleanup
  1720: 400032b8     0 NOTYPE  GLOBAL DEFAULT  ABS r_bt_bb_isr
  1721: 40001f2c     0 NOTYPE  GLOBAL DEFAULT  ABS ets_efuse_download_modes_disabled
  1722: 3fcefec0     0 NOTYPE  GLOBAL DEFAULT  ABS g_eif_api
  1723: 40004d10     0 NOTYPE  GLOBAL DEFAULT  ABS r_rwble_isr
  1724: 3ff1f73c     0 NOTYPE  GLOBAL DEFAULT  ABS aes_k3_id64
  1725: 403768ec    50 FUNC    GLOBAL DEFAULT    7 __retarget_lock_try_acquire
  1726: 400031e0     0 NOTYPE  GLOBAL DEFAULT  ABS r_ble_util_buf_adv_tx_free
  1727: 3ff1f44c     0 NOTYPE  GLOBAL DEFAULT  ABS hci_cmd_desc_tab_info_par
  1728: 40381844    22 FUNC    GLOBAL DEFAULT    7 spi_flash_chip_winbond_probe
  1729: 40004e78     0 NOTYPE  GLOBAL DEFAULT  ABS r_sch_alarm_clear
  1730: 40379dd8    83 FUNC    GLOBAL DEFAULT    7 xRingbufferReceiveUpTo
  1731: 40001cac     0 NOTYPE  GLOBAL DEFAULT  ABS r_lld_con_tx_prog_new_packet_hook
  1732: 4000387c     0 NOTYPE  GLOBAL DEFAULT  ABS r_hci_look_for_cmd_desc
  1733: 400062f4     0 NOTYPE  GLOBAL DEFAULT  ABS rom_i2c_master_reset
  1734: 40004584     0 NOTYPE  GLOBAL DEFAULT  ABS r_lld_per_adv_frm_isr
  1735: 400060a8     0 NOTYPE  GLOBAL DEFAULT  ABS rom_get_target_power_offset
  1736: 40379144    15 FUNC    GLOBAL DEFAULT    7 esp_cache_unfreeze_ext_mem_cache
  1737: 403814e0    98 FUNC    GLOBAL DEFAULT    7 spi_flash_chip_mxic_opi_read_reg
  1738: 40380d90    60 FUNC    GLOBAL DEFAULT    7 spi_flash_chip_generic_get_io_mode
  1739: 40004a1c     0 NOTYPE  GLOBAL DEFAULT  ABS r_llm_adv_set_all_release
  1740: 40004740     0 NOTYPE  GLOBAL DEFAULT  ABS r_lld_scan_frm_skip_isr
  1741: 40002634     0 NOTYPE  GLOBAL DEFAULT  ABS cdc_acm_rx_fifo_cnt
  1742: 400042e4     0 NOTYPE  GLOBAL DEFAULT  ABS r_lld_con_rx_channel_assess
  1743: 40001c88     0 NOTYPE  GLOBAL DEFAULT  ABS r_lld_adv_aux_evt_start_cbk_hook
  1744: 40005fc4     0 NOTYPE  GLOBAL DEFAULT  ABS rom_bt_bb_to_index
  1745: 40005c10     0 NOTYPE  GLOBAL DEFAULT  ABS coex_schm_interval_set
  1746: 40003a38     0 NOTYPE  GLOBAL DEFAULT  ABS r_ke_mem_is_empty
  1747: 40004848     0 NOTYPE  GLOBAL DEFAULT  ABS r_lld_sync_cleanup
  1748: 4037b04c    10 FUNC    GLOBAL DEFAULT    7 vPortFree
  1749: 403751d8    27 FUNC    GLOBAL DEFAULT    7 esp_system_get_time
  1750: 3fcef820     0 NOTYPE  GLOBAL DEFAULT  ABS g_coex_param_ptr
  1751: 40005040     0 NOTYPE  GLOBAL DEFAULT  ABS r_sdk_config_get_hl_derived_opts
  1752: 40003db0     0 NOTYPE  GLOBAL DEFAULT  ABS r_llc_ll_terminate_ind_ack
  1753: 3fcef914     0 NOTYPE  GLOBAL DEFAULT  ABS pp_task_hdl
  1754: 40005e08     0 NOTYPE  GLOBAL DEFAULT  ABS rom_pbus_rd_shift
  1755: 40374140     0 NOTYPE  GLOBAL DEFAULT    6 _WindowUnderflow12
  1756: 400022a4     0 NOTYPE  GLOBAL DEFAULT  ABS __extendsfdf2
  1757: 4037d71c    34 FUNC    GLOBAL DEFAULT    7 spi_flash_encryption_hal_done
  1758: 4037e468   110 FUNC    GLOBAL DEFAULT    7 spi_flash_hal_erase_sector
  1759: 400007bc     0 NOTYPE  GLOBAL DEFAULT  ABS tdefl_compress_buffer
  1760: 40003678     0 NOTYPE  GLOBAL DEFAULT  ABS r_h4tl_acl_hdr_rx_evt_handler
  1761: 42003698    40 FUNC    GLOBAL DEFAULT   12 esp_chip_info
  1762: 42007dc0    56 FUNC    GLOBAL DEFAULT   12 esp_rom_efuse_get_opiconfig
  1763: 40001d4c     0 NOTYPE  GLOBAL DEFAULT  ABS ets_sha_clone
  1764: 40000000     0 NOTYPE  GLOBAL DEFAULT  ABS f_lld_phy_upd_cfm_handler
  1765: 40001740     0 NOTYPE  GLOBAL DEFAULT  ABS Cache_Resume_DCache_Autoload
  1766: 40002484     0 NOTYPE  GLOBAL DEFAULT  ABS __negdi2
  1767: 4037ecfc    86 FUNC    GLOBAL DEFAULT    7 multi_heap_free
  1768: 400026e8     0 NOTYPE  GLOBAL DEFAULT  ABS chip_usb_dw_did_persist
  1769: 40005d24     0 NOTYPE  GLOBAL DEFAULT  ABS rom_get_data_sat
  1770: 3ff1f6ec     0 NOTYPE  GLOBAL DEFAULT  ABS bigHexP256
  1771: 4000492c     0 NOTYPE  GLOBAL DEFAULT  ABS r_lld_test_freq2chnl
  1772: 40004d94     0 NOTYPE  GLOBAL DEFAULT  ABS r_rwip_hus_2_lpcycles
  1773: 403780a0     5 FUNC    GLOBAL DEFAULT    7 mspi_timing_flash_tuning
  1774: 40378f00   164 FUNC    GLOBAL DEFAULT    7 rtc_clk_cal
  1775: 40380060    12 FUNC    GLOBAL DEFAULT    7 malloc
  1776: 4200d254   270 FUNC    GLOBAL DEFAULT   12 __lshift
  1777: 4037d694    33 FUNC    GLOBAL DEFAULT    7 spi_flash_encryption_hal_enable
  1778: 400038f4     0 NOTYPE  GLOBAL DEFAULT  ABS r_hci_tl_cmd_pld_rx_evt_handler
  1779: 3fc9249c   240 OBJECT  GLOBAL DEFAULT    9 _impure_data
  1780: 42006e28   415 FUNC    GLOBAL DEFAULT   12 esp_mmu_map_init
  1781: 400006c0     0 NOTYPE  GLOBAL DEFAULT  ABS uart_tx_switch
  1782: 40001a94     0 NOTYPE  GLOBAL DEFAULT  ABS esp_rom_gpio_connect_in_signal
  1783: 400022c8     0 NOTYPE  GLOBAL DEFAULT  ABS __fixdfdi
  1784: 40005e20     0 NOTYPE  GLOBAL DEFAULT  ABS rom_pbus_set_rxgain
  1785: 40003c48     0 NOTYPE  GLOBAL DEFAULT  ABS r_llc_con_upd_param_in_range
  1786: 40002904     0 NOTYPE  GLOBAL DEFAULT  ABS usb_dc_set_status_callback
  1787: 40000000     0 NOTYPE  GLOBAL DEFAULT  ABS f_hci_le_tx_test_cmd_handler
  1788: 400019bc     0 NOTYPE  GLOBAL DEFAULT  ABS rom_Cache_Count_Flash_Pages
  1789: 4037a6c4    66 FUNC    GLOBAL DEFAULT    7 xQueueGiveMutexRecursive
  1790: 403764d0    16 FUNC    GLOBAL DEFAULT    7 esp_intr_disable_source
  1791: 40002dd8     0 NOTYPE  GLOBAL DEFAULT  ABS llc_ll_phy_rsp_pdu_send
  1792: 40002da8     0 NOTYPE  GLOBAL DEFAULT  ABS llc_ll_length_rsp_pdu_send
  1793: 40005814     0 NOTYPE  GLOBAL DEFAULT  ABS trc_isTxAmpduOperational
  1794: 3ff1f5f4     0 NOTYPE  GLOBAL DEFAULT  ABS ecc_Jacobian_InfinityPoint256
  1795: 40004b48     0 NOTYPE  GLOBAL DEFAULT  ABS r_llm_rx_path_comp_get
  1796: 400058c8     0 NOTYPE  GLOBAL DEFAULT  ABS wdev_mac_reg_store
  1797: 0000001c     0 NOTYPE  GLOBAL DEFAULT    5 _rtc_slow_length
  1798: 40002bbc     0 NOTYPE  GLOBAL DEFAULT  ABS hci_rd_rem_ver_info_cmd_handler
  1799: 40000000     0 NOTYPE  GLOBAL DEFAULT  ABS f_hci_le_per_adv_term_sync_cmd_handler
  1800: 40005880     0 NOTYPE  GLOBAL DEFAULT  ABS wDev_GetNoiseFloor
  1801: 4200d5bc     5 FUNC    GLOBAL DEFAULT   12 panic_print_hex
  1802: 400023ac     0 NOTYPE  GLOBAL DEFAULT  ABS __gtsf2
  1803: 40003534     0 NOTYPE  GLOBAL DEFAULT  ABS r_co_nb_good_le_channels
  1804: 3fceffe8     0 NOTYPE  GLOBAL DEFAULT  ABS rom_spiflash_legacy_funcs
  1805: 40001ca0     0 NOTYPE  GLOBAL DEFAULT  ABS r_lld_con_rx_hook
  1806: 00000000     0 NOTYPE  GLOBAL DEFAULT  UND __cxx_fatal_exception
  1807: 40005b20     0 NOTYPE  GLOBAL DEFAULT  ABS ieee80211_crypto_encap
  1808: 40000000     0 NOTYPE  GLOBAL DEFAULT  ABS f_lld_per_adv_rx_end_ind_handler_hack
  1809: 3fcef9e4     0 NOTYPE  GLOBAL DEFAULT  ABS dbg_assert_block
  1810: 40381b60    35 FUNC    GLOBAL DEFAULT    7 xthal_window_spill
  1811: 42007764   110 FUNC    GLOBAL DEFAULT   12 esp_crosscore_int_init
  1812: 3fcefe6e     0 NOTYPE  GLOBAL DEFAULT  ABS g_rtp_rule_db
  1813: 40004fb0     0 NOTYPE  GLOBAL DEFAULT  ABS r_sch_prog_rx_isr
  1814: 40005454     0 NOTYPE  GLOBAL DEFAULT  ABS pm_mac_sleep
  1815: 40005298     0 NOTYPE  GLOBAL DEFAULT  ABS GetAccess
  1816: 4037cadc   396 FUNC    GLOBAL DEFAULT    7 xTaskGenericNotify
  1817: 40001c98     0 NOTYPE  GLOBAL DEFAULT  ABS r_lld_con_frm_isr_hook
  1818: 3fcef8dc     0 NOTYPE  GLOBAL DEFAULT  ABS g_esp_mesh_quick_funcs_ptr
  1819: 40005eb0     0 NOTYPE  GLOBAL DEFAULT  ABS rom_pow_usr
  1820: 40001200    65 FUNC    GLOBAL DEFAULT  ABS memmove
  1821: 40005f7c     0 NOTYPE  GLOBAL DEFAULT  ABS rom_wifi_11g_rate_chg
  1822: 400062d0     0 NOTYPE  GLOBAL DEFAULT  ABS rom_wifi_get_tx_gain
  1823: 40002cf4     0 NOTYPE  GLOBAL DEFAULT  ABS ll_start_enc_rsp_handler
  1824: 40000000     0 NOTYPE  GLOBAL DEFAULT  ABS f_lld_sync_start_req_handler
  1825: 40005cc4     0 NOTYPE  GLOBAL DEFAULT  ABS rom_check_noise_floor
  1826: 40003e94     0 NOTYPE  GLOBAL DEFAULT  ABS r_llc_proc_get
  1827: 42007d48    31 FUNC    GLOBAL DEFAULT   12 esp_task_wdt_impl_timeout_triggered
  1828: 400039b4     0 NOTYPE  GLOBAL DEFAULT  ABS r_ke_event_get_all
  1829: 40004a88     0 NOTYPE  GLOBAL DEFAULT  ABS r_llm_dev_list_search
  1830: 00000010     0 NOTYPE  GLOBAL DEFAULT  ABS _flash_rodata_align
  1831: 40000000     0 NOTYPE  GLOBAL DEFAULT  ABS r_lld_scan_restart
  1832: 40004884     0 NOTYPE  GLOBAL DEFAULT  ABS r_lld_sync_frm_rx_isr
  1833: 40379124    15 FUNC    GLOBAL DEFAULT    7 esp_cache_resume_ext_mem_cache
  1834: 400060fc     0 NOTYPE  GLOBAL DEFAULT  ABS rom_get_pll_vol
  1835: 400024b4     0 NOTYPE  GLOBAL DEFAULT  ABS __nesf2
  1836: 42006df4     8 FUNC    GLOBAL DEFAULT   12 bootloader_init_mem
  1837: 40005b14     0 NOTYPE  GLOBAL DEFAULT  ABS roundup2
  1838: 403800f0     5 FUNC    GLOBAL DEFAULT    7 newlib_include_heap_impl
  1839: 4037af30     0 FUNC    GLOBAL DEFAULT    7 vPortYield
  1840: 400012b4     0 NOTYPE  GLOBAL DEFAULT  ABS iscntrl
  1841: 400048cc     0 NOTYPE  GLOBAL DEFAULT  ABS r_lld_sync_scan_dynamic_pti_process
  1842: 400012cc     0 NOTYPE  GLOBAL DEFAULT  ABS islower
  1843: 40006300     0 NOTYPE  GLOBAL DEFAULT  ABS rom_bt_filter_reg
  1844: 3ff1ef34     0 NOTYPE  GLOBAL DEFAULT  ABS lld_sync_max_aux_dur_tab
  1845: 40001374    34 FUNC    GLOBAL DEFAULT  ABS strcat
  1846: 40000780     0 NOTYPE  GLOBAL DEFAULT  ABS ets_set_user_start
  1847: 400011dc     0 NOTYPE  GLOBAL DEFAULT  ABS esp_rom_newlib_init_common_mutexes
  1848: 4037db00   588 FUNC    GLOBAL DEFAULT    7 spi_flash_hal_gpspi_common_command
  1849: 40005424     0 NOTYPE  GLOBAL DEFAULT  ABS pm_disable_dream_timer
  1850: 400014a0     0 NOTYPE  GLOBAL DEFAULT  ABS rand
  1851: 40001368     0 NOTYPE  GLOBAL DEFAULT  ABS strcasestr
  1852: 40003c3c     0 NOTYPE  GLOBAL DEFAULT  ABS r_llc_con_plan_set_update
  1853: 42005700    39 FUNC    GLOBAL DEFAULT   12 esp_time_impl_set_boot_time
  1854: 42002800    16 FUNC    GLOBAL DEFAULT   12 esp_clk_slowclk_cal_set
  1855: 40000000     0 NOTYPE  GLOBAL DEFAULT  ABS f_hci_le_ltk_req_reply_cmd_handler
  1856: 40001ddc     0 NOTYPE  GLOBAL DEFAULT  ABS ets_bigint_disable
  1857: 40004bfc     0 NOTYPE  GLOBAL DEFAULT  ABS r_rf_force_agc_enable
  1858: 40006180     0 NOTYPE  GLOBAL DEFAULT  ABS rom_i2c_paral_set_mst0
  1859: 403777ec    10 FUNC    GLOBAL DEFAULT    7 spi_flash_guard_set
  1860: 4000213c     0 NOTYPE  GLOBAL DEFAULT  ABS ets_secure_boot_verify_bootloader_with_keys
  1861: 40380f0c   138 FUNC    GLOBAL DEFAULT    7 spi_flash_common_set_io_mode
  1862: 3c032eec     0 NOTYPE  GLOBAL DEFAULT  ABS soc_reserved_memory_region_start
  1863: 3c032418    49 OBJECT  GLOBAL DEFAULT   15 rtc_io_num_map
  1864: 40004770     0 NOTYPE  GLOBAL DEFAULT  ABS r_lld_scan_process_pkt_rx_adv_rep
  1865: 4000123c     0 NOTYPE  GLOBAL DEFAULT  ABS strncmp
  1866: 40002e44     0 NOTYPE  GLOBAL DEFAULT  ABS llc_llcp_version_ind_pdu_send
  1867: 40004410     0 NOTYPE  GLOBAL DEFAULT  ABS r_lld_init_connect_req_pack
  1868: 4000513c     0 NOTYPE  GLOBAL DEFAULT  ABS r_lld_adv_ext_chain_none_construct
  1869: 3fc94b44    84 OBJECT  GLOBAL DEFAULT   11 __lock___malloc_recursive_mutex
  1870: 4000450c     0 NOTYPE  GLOBAL DEFAULT  ABS r_lld_per_adv_chain_construct
  1871: 40002db4     0 NOTYPE  GLOBAL DEFAULT  ABS llc_ll_pause_enc_req_pdu_send
  1872: 4200d5b4     5 FUNC    GLOBAL DEFAULT   12 panic_print_str
  1873: 40377604   184 FUNC    GLOBAL DEFAULT    7 spi_flash_disable_interrupts_caches_and_other_cpu
  1874: 40002cc4     0 NOTYPE  GLOBAL DEFAULT  ABS ll_ping_req_handler
  1875: 40004aac     0 NOTYPE  GLOBAL DEFAULT  ABS r_llm_init_ble_adv_report_flow_contol
  1876: 4000396c     0 NOTYPE  GLOBAL DEFAULT  ABS r_isValidSecretKey_256
  1877: 40004b30     0 NOTYPE  GLOBAL DEFAULT  ABS r_llm_per_adv_slot_dur
  1878: 4000273c     0 NOTYPE  GLOBAL DEFAULT  ABS cpio_feed
  1879: 40000000     0 NOTYPE  GLOBAL DEFAULT  ABS f_hci_le_rd_per_adv_list_size_cmd_handler
  1880: 40000e04     0 NOTYPE  GLOBAL DEFAULT  ABS wdt_hal_disable
  1881: 4037abb4   336 FUNC    GLOBAL DEFAULT    7 xPortEnterCriticalTimeout
  1882: 42007df8   417 FUNC    GLOBAL DEFAULT   12 spi_flash_hal_init
  1883: 4037de44    15 FUNC    GLOBAL DEFAULT    7 spi_flash_hal_gpspi_poll_cmd_done
  1884: 40006150     0 NOTYPE  GLOBAL DEFAULT  ABS rom_get_i2c_hostid
  1885: 60004000     0 NOTYPE  GLOBAL DEFAULT  ABS GPIO
  1886: 400046ec     0 NOTYPE  GLOBAL DEFAULT  ABS r_lld_scan_create_sync_cancel
  1887: 4000570c     0 NOTYPE  GLOBAL DEFAULT  ABS rcUpdateRxDone
  1888: 4037731c   168 FUNC    GLOBAL DEFAULT    7 bootloader_flash_reset_chip
  1889: 40001fc8     0 NOTYPE  GLOBAL DEFAULT  ABS ets_efuse_set_timing
  1890: 4037a2a0     5 FUNC    GLOBAL DEFAULT    7 __ubsan_include
  1891: 40002dc0     0 NOTYPE  GLOBAL DEFAULT  ABS llc_ll_pause_enc_rsp_pdu_send
  1892: 403812d4   148 FUNC    GLOBAL DEFAULT    7 spi_flash_chip_mxic_opi_write
  1893: 40004f20     0 NOTYPE  GLOBAL DEFAULT  ABS r_sch_plan_clock_wrap_offset_update
  1894: 4037ee48     7 FUNC    GLOBAL DEFAULT    7 tlsf_alloc_overhead
  1895: 40002f70     0 NOTYPE  GLOBAL DEFAULT  ABS lld_per_adv_rep_ind_handler
  1896: 40000000     0 NOTYPE  GLOBAL DEFAULT  ABS f_hci_le_rd_nb_supp_adv_sets_cmd_handler
  1897: 40000690     0 NOTYPE  GLOBAL DEFAULT  ABS uart_tx_flush
  1898: 3c032f94     0 NOTYPE  GLOBAL DEFAULT  ABS _lit4_start
  1899: 3c031884    65 OBJECT  GLOBAL DEFAULT   15 spikeids_qdq_sha256
  1900: 400040a4     0 NOTYPE  GLOBAL DEFAULT  ABS r_lld_adv_pkt_rx_send_scan_req_evt
  1901: 3ff1ef4c     0 NOTYPE  GLOBAL DEFAULT  ABS lld_init_max_aux_dur_tab
  1902: 40003618     0 NOTYPE  GLOBAL DEFAULT  ABS r_emi_base_reg_lut_show
  1903: 40001218   144 FUNC    GLOBAL DEFAULT  ABS strcpy
  1904: 40001d10     0 NOTYPE  GLOBAL DEFAULT  ABS ets_sha_init
  1905: 40003df8     0 NOTYPE  GLOBAL DEFAULT  ABS r_llc_loc_ch_map_proc_continue
  1906: 420034e4   187 FUNC    GLOBAL DEFAULT   12 esp_sleep_config_gpio_isolate
  1907: 4037688c    48 FUNC    GLOBAL DEFAULT    7 __retarget_lock_acquire
  1908: 4037b09c    68 FUNC    GLOBAL DEFAULT    7 xPortcheckValidStackMem
  1909: 40001b00     0 NOTYPE  GLOBAL DEFAULT  ABS gpio_pad_pullup
  1910: 400021d8     0 NOTYPE  GLOBAL DEFAULT  ABS __bswapsi2
  1911: 40002d3c     0 NOTYPE  GLOBAL DEFAULT  ABS llc_hci_command_handler_wrapper
  1912: 4037d4fc   134 FUNC    GLOBAL DEFAULT    7 mmu_hal_unmap_region
  1913: 40005f40     0 NOTYPE  GLOBAL DEFAULT  ABS rom_spur_cal
  1914: 400029e8     0 NOTYPE  GLOBAL DEFAULT  ABS usb_transfer_ep_callback
  1915: 3ff1ef68     0 NOTYPE  GLOBAL DEFAULT  ABS hci_evt_le_desc_tab
  1916: 420032c4   348 FUNC    GLOBAL DEFAULT   12 periph_module_enable
  1917: 40001ae8     0 NOTYPE  GLOBAL DEFAULT  ABS gpio_pad_input_enable
  1918: 40005c28     0 NOTYPE  GLOBAL DEFAULT  ABS coex_schm_unlock
  1919: 420075b0   134 FUNC    GLOBAL DEFAULT   12 esp_mspi_pin_reserve
  1920: 40002898     0 NOTYPE  GLOBAL DEFAULT  ABS usb_dc_ep_enable
  1921: 400063fc     0 NOTYPE  GLOBAL DEFAULT  ABS rom_wifi_track_tx_power
  1922: 40006288     0 NOTYPE  GLOBAL DEFAULT  ABS rom_set_tx_gain_mem
  1923: 400046bc     0 NOTYPE  GLOBAL DEFAULT  ABS r_lld_rpa_renew_instant_cbk
  1924: 4000408c     0 NOTYPE  GLOBAL DEFAULT  ABS r_lld_adv_pkt_rx
  1925: 400026dc     0 NOTYPE  GLOBAL DEFAULT  ABS cdc_acm_poll_out
  1926: 40005d6c     0 NOTYPE  GLOBAL DEFAULT  ABS esp_rom_regi2c_write_mask
  1927: 400043f8     0 NOTYPE  GLOBAL DEFAULT  ABS r_lld_init_cal_anchor_point
  1928: 400043e0     0 NOTYPE  GLOBAL DEFAULT  ABS r_lld_hw_cca_evt_handler
  1929: 4000288c     0 NOTYPE  GLOBAL DEFAULT  ABS usb_dc_ep_is_stalled
  1930: 40002574   699 FUNC    GLOBAL DEFAULT  ABS __umoddi3
  1931: 3ff1ef24     0 NOTYPE  GLOBAL DEFAULT  ABS llm_local_le_states
  1932: 40005178     0 NOTYPE  GLOBAL DEFAULT  ABS r_lld_adv_start_set_cs
  1933: 400034bc     0 NOTYPE  GLOBAL DEFAULT  ABS r_co_list_init
  1934: 40374400     0 NOTYPE  GLOBAL DEFAULT  ABS _invalid_pc_placeholder
  1935: 40004734     0 NOTYPE  GLOBAL DEFAULT  ABS r_lld_scan_frm_rx_isr
  1936: 3fcef8e8     0 NOTYPE  GLOBAL DEFAULT  ABS g_pm_cnt_ptr
  1937: 3c000020     0 NOTYPE  GLOBAL DEFAULT  ABS _flash_rodata_dummy_start
  1938: 40379154    68 FUNC    GLOBAL DEFAULT    7 esp_cache_freeze_caches_disable_interrupts
  1939: 4037d6b8    23 FUNC    GLOBAL DEFAULT    7 spi_flash_encryption_hal_disable
  1940: 60023000     0 NOTYPE  GLOBAL DEFAULT  ABS SYSTIMER
  1941: 40001a40     0 NOTYPE  GLOBAL DEFAULT  ABS ets_get_cpu_frequency
  1942: 40380168   102 FUNC    GLOBAL DEFAULT    7 memspi_host_read_id_hs
  1943: 40001404     0 NOTYPE  GLOBAL DEFAULT  ABS strrchr
  1944: 40003504     0 NOTYPE  GLOBAL DEFAULT  ABS r_co_list_push_back
  1945: 400027fc     0 NOTYPE  GLOBAL DEFAULT  ABS dfu_updater_flash_read
  1946: 4037ae38     0 FUNC    GLOBAL DEFAULT    7 _frxt_int_enter
  1947: 40001ca4     0 NOTYPE  GLOBAL DEFAULT  ABS crc32_be
  1948: 40003084     0 NOTYPE  GLOBAL DEFAULT  ABS r_SubtractBigHex256
  1949: 400061d4     0 NOTYPE  GLOBAL DEFAULT  ABS rom_chan_to_freq
  1950: 40000000     0 NOTYPE  GLOBAL DEFAULT  ABS f_hci_le_set_per_adv_param_cmd_handler
  1951: 40002b74     0 NOTYPE  GLOBAL DEFAULT  ABS hci_le_rem_con_param_req_neg_reply_cmd_handler
  1952: 40003690     0 NOTYPE  GLOBAL DEFAULT  ABS r_h4tl_cmd_pld_rx_evt_handler
  1953: 40005e14     0 NOTYPE  GLOBAL DEFAULT  ABS rom_pbus_set_dco
  1954: 3fceff98     0 NOTYPE  GLOBAL DEFAULT  ABS g_rw_init_sem
  1955: 400058bc     0 NOTYPE  GLOBAL DEFAULT  ABS wdev_mac_reg_load
  1956: 40377cd4    15 FUNC    GLOBAL DEFAULT    7 esp_crosscore_int_send_yield
  1957: 40375a6c    15 FUNC    GLOBAL DEFAULT    7 esp_ipc_isr_stall_abort
  1958: 4037c1d0   557 FUNC    GLOBAL DEFAULT    7 vTaskSwitchContext
  1959: 40005988     0 NOTYPE  GLOBAL DEFAULT  ABS ppDisableQueue
  1960: 40377060     0 FUNC    WEAK   DEFAULT    7 xt_highint5
  1961: 40002d0c     0 NOTYPE  GLOBAL DEFAULT  ABS ll_version_ind_handler
  1962: 400005e8     0 NOTYPE  GLOBAL DEFAULT  ABS ets_install_uart_printf
  1963: 40375688     0 FUNC    GLOBAL DEFAULT    7 xt_highint4
  1964: 40004788     0 NOTYPE  GLOBAL DEFAULT  ABS r_lld_scan_process_pkt_rx_aux_chain_ind
  1965: 4200d5e4     7 FUNC    GLOBAL DEFAULT   12 panic_set_address
  1966: 40005b08     0 NOTYPE  GLOBAL DEFAULT  ABS ieee80211_search_node
  1967: 40381e00     0 NOTYPE  GLOBAL DEFAULT  ABS _iram_data_end
  1968: 4037a708   110 FUNC    GLOBAL DEFAULT    7 xQueueCreateMutexStatic
  1969: 40000804     0 NOTYPE  GLOBAL DEFAULT  ABS tdefl_init
  1970: 4000261c     0 NOTYPE  GLOBAL DEFAULT  ABS cdc_acm_init
  1971: 40380094    10 FUNC    GLOBAL DEFAULT    7 cfree
  1972: 40003120     0 NOTYPE  GLOBAL DEFAULT  ABS r_aes_k2_continue
  1973: 40003ba0     0 NOTYPE  GLOBAL DEFAULT  ABS r_ke_timer_adjust_all
  1974: 4037b0e0    61 FUNC    GLOBAL DEFAULT    7 vApplicationGetIdleTaskMemory
  1975: 400046f8     0 NOTYPE  GLOBAL DEFAULT  ABS r_lld_scan_end
  1976: 40381618   154 FUNC    GLOBAL DEFAULT    7 spi_flash_chip_winbond_read
  1977: 40004ae8     0 NOTYPE  GLOBAL DEFAULT  ABS r_llm_le_evt_mask_check
  1978: 4200bfcc   139 FUNC    GLOBAL DEFAULT   12 __smakebuf_r
  1979: 4000330c     0 NOTYPE  GLOBAL DEFAULT  ABS r_bt_rf_coex_per_adv_dynamic_pti_en_get
  1980: 42000e44    49 FUNC    GLOBAL DEFAULT   12 esp_register_shutdown_handler
  1981: 3fcef85c     0 NOTYPE  GLOBAL DEFAULT  ABS s_encap_amsdu_func
  1982: 400044dc     0 NOTYPE  GLOBAL DEFAULT  ABS r_lld_init_stop
  1983: 40381748   144 FUNC    GLOBAL DEFAULT    7 spi_flash_chip_winbond_erase_sector
  1984: 4000057c     0 NOTYPE  GLOBAL DEFAULT  ABS esp_rom_get_reset_reason
  1985: 4037adac    61 FUNC    WEAK   DEFAULT    7 vApplicationStackOverflowHook
  1986: 4000600c     0 NOTYPE  GLOBAL DEFAULT  ABS rom_iq_corr_enable
  1987: 40002a48     0 NOTYPE  GLOBAL DEFAULT  ABS usb_dfu_init
  1988: 4200cf20    64 FUNC    GLOBAL DEFAULT   12 _Bfree
  1989: 40004fbc     0 NOTYPE  GLOBAL DEFAULT  ABS r_sch_prog_skip_isr
  1990: 4037aae0    40 FUNC    GLOBAL DEFAULT    7 xPortStartScheduler
  1991: 40004c14     0 NOTYPE  GLOBAL DEFAULT  ABS r_rf_reg_wr
  1992: 4037687c    15 FUNC    GLOBAL DEFAULT    7 __retarget_lock_close_recursive
  1993: 400033cc     0 NOTYPE  GLOBAL DEFAULT  ABS r_bt_rtp_deregister_rule_cs_fmt
  1994: 4000405c     0 NOTYPE  GLOBAL DEFAULT  ABS r_lld_adv_frm_cbk
  1995: 40005be0     0 NOTYPE  GLOBAL DEFAULT  ABS coex_event_duration_get
  1996: 400058e0     0 NOTYPE  GLOBAL DEFAULT  ABS wdev_mac_special_reg_store
  1997: 400006d8     0 NOTYPE  GLOBAL DEFAULT  ABS software_reset
  1998: 40005e50     0 NOTYPE  GLOBAL DEFAULT  ABS rom_pbus_xpd_tx_off
  1999: 4000075c     0 NOTYPE  GLOBAL DEFAULT  ABS GetUartDevice
  2000: 40000000     0 NOTYPE  GLOBAL DEFAULT  ABS f_llc_op_phy_upd_ind_handler
  2001: 40002b20     0 NOTYPE  GLOBAL DEFAULT  ABS hci_disconnect_cmd_handler
  2002: 403800a0    12 FUNC    GLOBAL DEFAULT    7 _malloc_r
  2003: 4000612c     0 NOTYPE  GLOBAL DEFAULT  ABS rom_phy_pwdet_always_en
  2004: 40003b94     0 NOTYPE  GLOBAL DEFAULT  ABS r_ke_timer_active
  2005: 40002a84     0 NOTYPE  GLOBAL DEFAULT  ABS bt_rf_coex_hooks_p_set
  2006: 40005e5c     0 NOTYPE  GLOBAL DEFAULT  ABS rom_pbus_xpd_tx_on
  2007: 40004a94     0 NOTYPE  GLOBAL DEFAULT  ABS r_llm_env_adv_dup_filt_deinit
  2008: 40000954     0 NOTYPE  GLOBAL DEFAULT  ABS esp_rom_opiflash_legacy_driver_init
  2009: 40000000     0 NOTYPE  GLOBAL DEFAULT  ABS f_hci_le_per_adv_create_sync_cmd_handler
  2010: 4037d19c   140 FUNC    GLOBAL DEFAULT    7 cache_hal_init
  2011: 40377970   102 FUNC    GLOBAL DEFAULT    7 esp_flash_get_physical_size
  2012: 40003624     0 NOTYPE  GLOBAL DEFAULT  ABS r_emi_em_base_reg_show
  2013: 400023f4   746 FUNC    GLOBAL DEFAULT  ABS __moddi3
  2014: 40000000     0 NOTYPE  GLOBAL DEFAULT  ABS r_flash_env_init
  2015: 40003c24     0 NOTYPE  GLOBAL DEFAULT  ABS r_llc_cmd_stat_send
  2016: 40001ee4     0 NOTYPE  GLOBAL DEFAULT  ABS ets_efuse_find_unused_key_block
  2017: 3fcef8b4     0 NOTYPE  GLOBAL DEFAULT  ABS s_michael_mic_failure_cb
  2018: 400013f8     0 NOTYPE  GLOBAL DEFAULT  ABS strnlen
  2019: 40004260     0 NOTYPE  GLOBAL DEFAULT  ABS r_lld_con_frm_skip_isr
  2020: 3ff1ffdc     0 NOTYPE  GLOBAL DEFAULT  ABS BasePoint_x_256
  2021: 40002e5c     0 NOTYPE  GLOBAL DEFAULT  ABS llc_op_con_upd_ind_handler
  2022: 3fcefc88     0 NOTYPE  GLOBAL DEFAULT  ABS lld_con_env
  2023: 400041d0     0 NOTYPE  GLOBAL DEFAULT  ABS r_lld_con_data_tx
  2024: 400012d8     0 NOTYPE  GLOBAL DEFAULT  ABS isgraph
  2025: 400060cc     0 NOTYPE  GLOBAL DEFAULT  ABS rom_get_rate_target_power
  2026: 40006390     0 NOTYPE  GLOBAL DEFAULT  ABS rom_txpwr_cal_track
  2027: 40380fcc    26 FUNC    GLOBAL DEFAULT    7 spi_flash_chip_issi_get_io_mode
  2028: 4000144c     0 NOTYPE  GLOBAL DEFAULT  ABS setjmp
  2029: 403786e4   187 FUNC    GLOBAL DEFAULT    7 rtc_clk_cpu_freq_to_xtal
  2030: 40002028     0 NOTYPE  GLOBAL DEFAULT  ABS ets_efuse_ecc_16to17_mode
  2031: 3c032830    40 OBJECT  GLOBAL DEFAULT   15 __mprec_bigtens
  2032: 40002c28     0 NOTYPE  GLOBAL DEFAULT  ABS ll_connection_update_ind_handler
  2033: 403800b8    17 FUNC    GLOBAL DEFAULT    7 _realloc_r
  2034: 40003b7c     0 NOTYPE  GLOBAL DEFAULT  ABS r_ke_time_cmp
  2035: 400008f4     0 NOTYPE  GLOBAL DEFAULT  ABS esp_rom_opiflash_wren
  2036: 40001434     0 NOTYPE  GLOBAL DEFAULT  ABS strupr
  2037: 42008008    77 FUNC    GLOBAL DEFAULT   12 esp_partition_is_flash_region_writable
  2038: 40002f28     0 NOTYPE  GLOBAL DEFAULT  ABS lld_con_param_upd_cfm_handler
  2039: 40002a9c     0 NOTYPE  GLOBAL DEFAULT  ABS btdm_controller_get_compile_version_impl
  2040: 400014b8    20 FUNC    GLOBAL DEFAULT  ABS utoa
  2041: 40003a20     0 NOTYPE  GLOBAL DEFAULT  ABS r_ke_malloc
  2042: 3fcefef4     0 NOTYPE  GLOBAL DEFAULT  ABS btdm_pwr_state
  2043: 40002778     0 NOTYPE  GLOBAL DEFAULT  ABS dfu_flash_program
  2044: 3fcef920     0 NOTYPE  GLOBAL DEFAULT  ABS g_intr_lock_mux
  2045: 3fcef860     0 NOTYPE  GLOBAL DEFAULT  ABS g_per_conn_trc
  2046: 3fceffe4     0 NOTYPE  GLOBAL DEFAULT  ABS rom_spiflash_legacy_data
  2047: 40004c50     0 NOTYPE  GLOBAL DEFAULT  ABS r_rf_sleep
  2048: 400030a8     0 NOTYPE  GLOBAL DEFAULT  ABS r_SubtractFromSelfBigHex256
  2049: 40377d04     0 FUNC    GLOBAL DEFAULT    7 _xt_panic
  2050: 40379028    40 FUNC    GLOBAL DEFAULT    7 rtc_time_get
  2051: 4037c638   187 FUNC    GLOBAL DEFAULT    7 xTaskCheckForTimeOut
  2052: 40002b14     0 NOTYPE  GLOBAL DEFAULT  ABS hci_acl_data_handler
  2053: 40002214     0 NOTYPE  GLOBAL DEFAULT  ABS __clzsi2
  2054: 3fc94b44    84 OBJECT  GLOBAL DEFAULT   11 __lock___atexit_recursive_mutex
  2055: 4200d870    32 FUNC    GLOBAL DEFAULT   12 __ascii_mbtowc
  2056: 40001f44     0 NOTYPE  GLOBAL DEFAULT  ABS ets_efuse_flash_opi_5pads_power_sel_vddspi
  2057: 40005dd8     0 NOTYPE  GLOBAL DEFAULT  ABS rom_pbus_force_mode
  2058: 400013c8     0 NOTYPE  GLOBAL DEFAULT  ABS strlwr
  2059: 40001d88     0 NOTYPE  GLOBAL DEFAULT  ABS ets_hmac_invalidate_downstream
  2060: 40001c70     0 NOTYPE  GLOBAL DEFAULT  ABS r_lld_scan_evt_start_cbk_hook
  2061: 4000084c     0 NOTYPE  GLOBAL DEFAULT  ABS tinfl_decompress_mem_to_mem
  2062: 40004548     0 NOTYPE  GLOBAL DEFAULT  ABS r_lld_per_adv_dynamic_pti_process
  2063: 40002874     0 NOTYPE  GLOBAL DEFAULT  ABS usb_dc_ep_clear_stall
  2064: 40374400     0 FUNC    GLOBAL DEFAULT    6 _init
  2065: 4037d760   314 FUNC    GLOBAL DEFAULT    7 spi_flash_hal_gpspi_device_config
  2066: 40005fe8     0 NOTYPE  GLOBAL DEFAULT  ABS rom_set_cca
  2067: 40001e6c     0 NOTYPE  GLOBAL DEFAULT  ABS ets_aes_setkey_dec
  2068: 40005a48     0 NOTYPE  GLOBAL DEFAULT  ABS ieee80211_align_eb
  2069: 40001ce0     0 NOTYPE  GLOBAL DEFAULT  ABS r_sch_arb_insert_hook
  2070: 420074cc    70 FUNC    GLOBAL DEFAULT   12 spi_flash_munmap
  2071: 40000678     0 NOTYPE  GLOBAL DEFAULT  ABS uart_rx_readbuff
  2072: 4037bfb8   536 FUNC    GLOBAL DEFAULT    7 xTaskResumeAll
  2073: 40001380     0 NOTYPE  GLOBAL DEFAULT  ABS strdup
  2074: 40377de4    20 FUNC    GLOBAL DEFAULT    7 esp_cpu_compare_and_set
  2075: 40002fe8     0 NOTYPE  GLOBAL DEFAULT  ABS llm_hci_command_handler_wrapper
  2076: 4000486c     0 NOTYPE  GLOBAL DEFAULT  ABS r_lld_sync_frm_cbk
  2077: 40001c7c     0 NOTYPE  GLOBAL DEFAULT  ABS r_lld_scan_sched_hook
  2078: 400022bc     0 NOTYPE  GLOBAL DEFAULT  ABS __ffssi2
  2079: 40003dbc     0 NOTYPE  GLOBAL DEFAULT  ABS r_llc_ll_unknown_ind_handler
  2080: 40381ce4     0 FUNC    GLOBAL DEFAULT    7 _xt_coproc_release
  2081: 3ff1eed4     0 NOTYPE  GLOBAL DEFAULT  ABS max_data_tx_time
  2082: 40375717     0 NOTYPE  GLOBAL DEFAULT    7 ld_include_highint_hdl
  2083: 40001b48     0 NOTYPE  GLOBAL DEFAULT  ABS gpio_bypass_matrix_in
  2084: 4000069c     0 NOTYPE  GLOBAL DEFAULT  ABS esp_rom_output_tx_wait_idle
  2085: 40001c50     0 NOTYPE  GLOBAL DEFAULT  ABS md5_vector
  2086: 40000000     0 NOTYPE  GLOBAL DEFAULT  ABS llc_llcp_phy_update_ind_ack
  2087: 40003e40     0 NOTYPE  GLOBAL DEFAULT  ABS r_llc_loc_feats_exch_proc_continue
  2088: 3fcef91c     0 NOTYPE  GLOBAL DEFAULT  ABS g_wifi_global_lock
  2089: 40004638     0 NOTYPE  GLOBAL DEFAULT  ABS r_lld_res_list_clear
  2090: 40002d30     0 NOTYPE  GLOBAL DEFAULT  ABS llc_encrypt_ind_handler
  2091: 40004d58     0 NOTYPE  GLOBAL DEFAULT  ABS r_rwip_assert
  2092: 40002364     0 FUNC    GLOBAL DEFAULT  ABS __floatunsidf
  2093: 40377524   131 FUNC    GLOBAL DEFAULT    7 esp_heap_adjust_alignment_to_hw
  2094: 40000de0     0 NOTYPE  GLOBAL DEFAULT  ABS wdt_hal_write_protect_disable
  2095: 40002358     0 NOTYPE  GLOBAL DEFAULT  ABS __floatundisf
  2096: 400028b0     0 NOTYPE  GLOBAL DEFAULT  ABS usb_dc_ep_flush
  2097: 40002850     0 NOTYPE  GLOBAL DEFAULT  ABS usb_dc_ep_check_cap
  2098: 40003e10     0 NOTYPE  GLOBAL DEFAULT  ABS r_llc_loc_con_upd_proc_err_cb
  2099: 40005d6c     0 NOTYPE  GLOBAL DEFAULT  ABS rom_i2c_writeReg_Mask
  2100: 40005d0c     0 NOTYPE  GLOBAL DEFAULT  ABS rom_enable_agc
  2101: 400041ac     0 NOTYPE  GLOBAL DEFAULT  ABS r_lld_con_current_tx_power_get
  2102: 4000345c     0 NOTYPE  GLOBAL DEFAULT  ABS r_cmp_dest_id
  2103: 40001608     0 NOTYPE  GLOBAL DEFAULT  ABS Cache_Get_DCache_Line_Size
  2104: 40004b9c     0 NOTYPE  GLOBAL DEFAULT  ABS r_misc_free_em_buf_in_isr
  2105: 40004c74     0 NOTYPE  GLOBAL DEFAULT  ABS r_rf_util_cs_fmt_convert
  2106: 3fc94c08     8 OBJECT  GLOBAL DEFAULT   11 s_microseconds_offset
  2107: 40006318     0 NOTYPE  GLOBAL DEFAULT  ABS rom_i2c_sar2_init_code
  2108: 400006e4     0 NOTYPE  GLOBAL DEFAULT  ABS esp_rom_software_reset_cpu
  2109: 40376920    50 FUNC    GLOBAL DEFAULT    7 __retarget_lock_try_acquire_recursive
  2110: 40000000     0 NOTYPE  GLOBAL DEFAULT  ABS f_hci_le_set_per_adv_en_cmd_handler
  2111: 40003c54     0 NOTYPE  GLOBAL DEFAULT  ABS r_llc_disconnect
  2112: 400021a8     0 NOTYPE  GLOBAL DEFAULT  ABS __addvsi3
  2113: 40005d78     0 NOTYPE  GLOBAL DEFAULT  ABS rom_index_to_txbbgain
  2114: 3fcef8d4     0 NOTYPE  GLOBAL DEFAULT  ABS g_mac_sleep_en_ptr
  2115: 400052a4     0 NOTYPE  GLOBAL DEFAULT  ABS hal_mac_is_low_rate_enabled
  2116: 4037a3a8   163 FUNC    GLOBAL DEFAULT    7 xQueueGenericReset
  2117: 40004128     0 NOTYPE  GLOBAL DEFAULT  ABS r_lld_cca_alloc
  2118: 40005628     0 NOTYPE  GLOBAL DEFAULT  ABS ppRecycleRxPkt
  2119: 4037ab90    34 FUNC    GLOBAL DEFAULT    7 xPortInIsrContext
  2120: 400022e0     0 NOTYPE  GLOBAL DEFAULT  ABS __fixsfdi
  2121: 42002718   231 FUNC    GLOBAL DEFAULT   12 esp_rtc_get_time_us
  2122: 40005a0c     0 NOTYPE  GLOBAL DEFAULT  ABS cnx_node_is_existing
  2123: 3ff1f6e2     0 NOTYPE  GLOBAL DEFAULT  ABS byte_tx_time
  2124: 40001c08     0 NOTYPE  GLOBAL DEFAULT  ABS _xtos_restore_intlevel
  2125: 40004614     0 NOTYPE  GLOBAL DEFAULT  ABS r_lld_ral_search
  2126: 400029b8     0 NOTYPE  GLOBAL DEFAULT  ABS usb_ep_set_stall
  2127: 4037d584    90 FUNC    GLOBAL DEFAULT    7 mmu_hal_vaddr_to_paddr
  2128: 400026b8     0 NOTYPE  GLOBAL DEFAULT  ABS cdc_acm_irq_callback_set
  2129: 42007d68    46 FUNC    GLOBAL DEFAULT   12 esp_task_wdt_impl_timer_restart
  2130: 3fceffb8     0 NOTYPE  GLOBAL DEFAULT  ABS g_usb_print
  2131: 400039c0     0 NOTYPE  GLOBAL DEFAULT  ABS r_ke_event_init
  2132: 40001278     0 NOTYPE  GLOBAL DEFAULT  ABS sbrk
  2133: 40002a18     0 NOTYPE  GLOBAL DEFAULT  ABS usb_dfu_set_detach_cb
  2134: 40002310     0 NOTYPE  GLOBAL DEFAULT  ABS __fixunssfsi
  2135: 4037aecc     0 FUNC    GLOBAL DEFAULT    7 _frxt_dispatch
  2136: 3fcef954     0 NOTYPE  GLOBAL DEFAULT  ABS pTxRx
  2137: 400061f8     0 NOTYPE  GLOBAL DEFAULT  ABS rom_tsens_read_init
  2138: 40005afc     0 NOTYPE  GLOBAL DEFAULT  ABS ieee80211_recycle_cache_eb
  2139: 40002e38     0 NOTYPE  GLOBAL DEFAULT  ABS llc_llcp_phy_upd_ind_pdu_send
  2140: 400006fc     0 NOTYPE  GLOBAL DEFAULT  ABS assist_debug_record_enable
  2141: 40003bc4     0 NOTYPE  GLOBAL DEFAULT  ABS r_ke_timer_schedule
  2142: 400013b0    80 FUNC    GLOBAL DEFAULT  ABS strlcat
  2143: 40001dc4     0 NOTYPE  GLOBAL DEFAULT  ABS ets_aes_block
  2144: 40003a68     0 NOTYPE  GLOBAL DEFAULT  ABS r_ke_msg_discard
  2145: 40003960     0 NOTYPE  GLOBAL DEFAULT  ABS r_hci_tx_trigger
  2146: 40004be4     0 NOTYPE  GLOBAL DEFAULT  ABS r_register_esp_vendor_cmd_handler
  2147: 3fcef8d0     0 NOTYPE  GLOBAL DEFAULT  ABS g_mesh_is_root_ptr
  2148: 400031b0     0 NOTYPE  GLOBAL DEFAULT  ABS r_ble_util_buf_acl_tx_elt_get
  2149: 400015fc     0 NOTYPE  GLOBAL DEFAULT  ABS Cache_Get_ICache_Line_Size
  2150: 40001884     0 NOTYPE  GLOBAL DEFAULT  ABS Cache_Disable_DCache
  2151: 400024a8     0 NOTYPE  GLOBAL DEFAULT  ABS __negvsi2
  2152: 40380e44    52 FUNC    GLOBAL DEFAULT    7 spi_flash_common_read_status_8b_rdsr2
  2153: 40002e68     0 NOTYPE  GLOBAL DEFAULT  ABS llc_op_disconnect_ind_handler
  2154: 4037a098    27 FUNC    GLOBAL DEFAULT    7 Cache_Suspend_ICache
  2155: 42008bbc   164 FUNC    GLOBAL DEFAULT   12 __swsetup_r
  2156: 4000243c     0 NOTYPE  GLOBAL DEFAULT  ABS __mulsf3
  2157: 40005a24     0 NOTYPE  GLOBAL DEFAULT  ABS ic_ebuf_recycle_rx
  2158: 403764e0    18 FUNC    GLOBAL DEFAULT    7 periph_rcc_enter
  2159: 40003b10     0 NOTYPE  GLOBAL DEFAULT  ABS r_ke_task_check
  2160: 42001794    32 FUNC    GLOBAL DEFAULT   12 esp_panic_handler_increment_entry_count
  2161: 40004704     0 NOTYPE  GLOBAL DEFAULT  ABS r_lld_scan_evt_canceled_cbk
  2162: 40004a7c     0 NOTYPE  GLOBAL DEFAULT  ABS r_llm_dev_list_empty_entry
  2163: 403803b0    55 FUNC    GLOBAL DEFAULT    7 memspi_host_write_data_slicer
  2164: 40381e00     0 NOTYPE  GLOBAL DEFAULT  ABS _iram_end
  2165: 3c032ee0     0 NOTYPE  GLOBAL DEFAULT  ABS __XT_EXCEPTION_DESCS_
  2166: 40004f74     0 NOTYPE  GLOBAL DEFAULT  ABS r_sch_plan_req
  2167: 400005a0     0 NOTYPE  GLOBAL DEFAULT  ABS rtc_get_wakeup_cause
  2168: 40001254    54 FUNC    GLOBAL DEFAULT  ABS strstr
  2169: 4037c448   467 FUNC    GLOBAL DEFAULT    7 xTaskRemoveFromEventList
  2170: 40003cfc     0 NOTYPE  GLOBAL DEFAULT  ABS r_llc_hci_feats_info_send
  2171: 4037bca8    53 FUNC    GLOBAL DEFAULT    7 pcTaskGetName
  2172: 3ff1fffc     0 NOTYPE  GLOBAL DEFAULT  ABS ets_rom_layout_p
  2173: 40005f1c     0 NOTYPE  GLOBAL DEFAULT  ABS rom_set_tx_dig_gain
  2174: 4000636c     0 NOTYPE  GLOBAL DEFAULT  ABS rom_bt_track_pll_cap
  2175: 4000420c     0 NOTYPE  GLOBAL DEFAULT  ABS r_lld_con_evt_max_eff_time_cal
  2176: 4037ae7c     0 FUNC    GLOBAL DEFAULT    7 _frxt_int_exit
  2177: 40000768     0 NOTYPE  GLOBAL DEFAULT  ABS UartDwnLdProc
  2178: 40003444     0 NOTYPE  GLOBAL DEFAULT  ABS r_cali_phase_match_p
  2179: 40004db8     0 NOTYPE  GLOBAL DEFAULT  ABS r_rwip_prevent_sleep_clear
  2180: 40001458     0 NOTYPE  GLOBAL DEFAULT  ABS abs
  2181: 4038035c    35 FUNC    GLOBAL DEFAULT    7 memspi_host_erase_chip
  2182: 40002100     0 NOTYPE  GLOBAL DEFAULT  ABS ets_ecc_set_sram_byte_mode
  2183: 40000000     0 NOTYPE  GLOBAL DEFAULT  ABS f_ll_phy_req_handler
  2184: 4037e540   175 FUNC    GLOBAL DEFAULT    7 spi_flash_hal_program_page
  2185: 403765f4    54 FUNC    GLOBAL DEFAULT    7 regi2c_ctrl_write_reg
  2186: 400013a4     0 NOTYPE  GLOBAL DEFAULT  ABS strcoll
  2187: 40003d98     0 NOTYPE  GLOBAL DEFAULT  ABS r_llc_ll_reject_ind_pdu_send
  2188: 40000930     0 NOTYPE  GLOBAL DEFAULT  ABS esp_rom_opiflash_write
  2189: 40005598     0 NOTYPE  GLOBAL DEFAULT  ABS ppEnqueueRxq
  2190: 4000270c     0 NOTYPE  GLOBAL DEFAULT  ABS chip_usb_dw_prepare_persist
  2191: 4037d128    45 FUNC    GLOBAL DEFAULT    7 vTaskGetSnapshot
  2192: 40005370     0 NOTYPE  GLOBAL DEFAULT  ABS lmacProcessCollisions
  2193: 40004c8c     0 NOTYPE  GLOBAL DEFAULT  ABS r_rw_crypto_aes_encrypt
  2194: 3fcef944     0 NOTYPE  GLOBAL DEFAULT  ABS pp_wdev_funcs
  2195: 40002094     0 NOTYPE  GLOBAL DEFAULT  ABS ets_ecc_set_flash_range
  2196: 40375ed4    32 FUNC    GLOBAL DEFAULT    7 heap_caps_malloc
  2197: 40005268     0 NOTYPE  GLOBAL DEFAULT  ABS ebuf_list_remove
  2198: 40000000     0 NOTYPE  GLOBAL DEFAULT  ABS f_hci_le_rmv_dev_from_per_adv_list_cmd_handler
  2199: 40005118     0 NOTYPE  GLOBAL DEFAULT  ABS r_lld_ext_adv_dynamic_aux_pti_process
  2200: 403764f4    14 FUNC    GLOBAL DEFAULT    7 periph_rcc_exit
  2201: 4037b058    68 FUNC    GLOBAL DEFAULT    7 xPortCheckValidTCBMem
  2202: 40005340     0 NOTYPE  GLOBAL DEFAULT  ABS lmacIsLongFrame
  2203: 4200cf60   139 FUNC    GLOBAL DEFAULT   12 __multadd
  2204: 40006228     0 NOTYPE  GLOBAL DEFAULT  ABS rom_tsens_dac_cal
  2205: 400007f8     0 NOTYPE  GLOBAL DEFAULT  ABS tdefl_get_prev_return_status
  2206: 3ff1f751     0 NOTYPE  GLOBAL DEFAULT  ABS aes_cmac_zero
  2207: 4000069c     0 NOTYPE  GLOBAL DEFAULT  ABS uart_tx_wait_idle
  2208: 40004d1c     0 NOTYPE  GLOBAL DEFAULT  ABS r_rwble_sleep_enter
  2209: 42001fec    51 FUNC    GLOBAL DEFAULT   12 esp_vApplicationIdleHook
  2210: 40001f98     0 NOTYPE  GLOBAL DEFAULT  ABS ets_efuse_get_uart_print_control
  2211: 42005bf0   687 FUNC    GLOBAL DEFAULT   12 v5_process
  2212: 400035f4     0 NOTYPE  GLOBAL DEFAULT  ABS r_ecc_multiplication_event_handler
  2213: 3fc9469c     0 NOTYPE  GLOBAL DEFAULT  ABS _noinit_end
  2214: 400047f4     0 NOTYPE  GLOBAL DEFAULT  ABS r_lld_scan_stop
  2215: 40001ec0     0 NOTYPE  GLOBAL DEFAULT  ABS ets_efuse_get_read_register_address
  2216: 40001a34     0 NOTYPE  GLOBAL DEFAULT  ABS ets_get_apb_freq
  2217: 400063f0     0 NOTYPE  GLOBAL DEFAULT  ABS rom_bt_track_tx_power
  2218: 3c010020     0 NOTYPE  GLOBAL DEFAULT  ABS _rodata_reserved_start
  2219: 40380728   132 FUNC    GLOBAL DEFAULT    7 spi_flash_chip_generic_read
  2220: 400029a0     0 NOTYPE  GLOBAL DEFAULT  ABS usb_write
  2221: 4200d668    11 FUNC    WEAK   DEFAULT   12 _open_r
  2222: 4000303c     0 NOTYPE  GLOBAL DEFAULT  ABS r_GF_Jacobian_Point_Addition256
  2223: 4200e67c     0 NOTYPE  GLOBAL DEFAULT   12 _etext
  2224: 4200d668    11 FUNC    WEAK   DEFAULT   12 _close_r
  2225: 40001c20     0 NOTYPE  GLOBAL DEFAULT  ABS _xtos_set_interrupt_handler
  2226: 403776bc   110 FUNC    GLOBAL DEFAULT    7 spi_flash_enable_interrupts_caches_and_other_cpu
  2227: 40005fd0     0 NOTYPE  GLOBAL DEFAULT  ABS rom_spur_coef_cfg
  2228: 40005e98     0 NOTYPE  GLOBAL DEFAULT  ABS rom_phy_get_rx_freq
  2229: 40005f28     0 NOTYPE  GLOBAL DEFAULT  ABS rom_set_txcap_reg
  2230: 40003b70     0 NOTYPE  GLOBAL DEFAULT  ABS r_ke_time
  2231: 40001428     0 NOTYPE  GLOBAL DEFAULT  ABS strtok_r
  2232: 400041b8     0 NOTYPE  GLOBAL DEFAULT  ABS r_lld_con_data_flow_set
  2233: 40005544     0 NOTYPE  GLOBAL DEFAULT  ABS ppCalFrameTimes
  2234: 3fc9243c     4 OBJECT  GLOBAL DEFAULT    9 esp_flash_registered_chips
  2235: 40001cc0     0 NOTYPE  GLOBAL DEFAULT  ABS r_lld_init_process_pkt_tx_hook
  2236: 40379134    15 FUNC    GLOBAL DEFAULT    7 esp_cache_freeze_ext_mem_cache
  2237: 40004ca4     0 NOTYPE  GLOBAL DEFAULT  ABS r_rw_crypto_aes_k1
  2238: 40000000     0 NOTYPE  GLOBAL DEFAULT  ABS r_lld_sync_init
  2239: 40004cc8     0 NOTYPE  GLOBAL DEFAULT  ABS r_rw_crypto_aes_k4
  2240: 40001e78     0 NOTYPE  GLOBAL DEFAULT  ABS ets_aes_setkey_enc
  2241: 40000000     0 NOTYPE  GLOBAL DEFAULT  ABS r_llm_env_adv_dup_filt_deinit_eco
  2242: 3fcefffc     0 NOTYPE  GLOBAL DEFAULT  ABS ets_ops_table_ptr
  2243: 40002370     0 NOTYPE  GLOBAL DEFAULT  ABS __floatunsisf
  2244: 4037d348    62 FUNC    GLOBAL DEFAULT    7 cache_hal_invalidate_addr
  2245: 400046e0     0 NOTYPE  GLOBAL DEFAULT  ABS r_lld_scan_create_sync
  2246: 3c031e84   196 OBJECT  GLOBAL DEFAULT   15 GPIO_PIN_MUX_REG
  2247: 40380060    12 FUNC    GLOBAL DEFAULT    7 pvalloc
  2248: 3fcef92c     0 NOTYPE  GLOBAL DEFAULT  ABS g_eb_list_desc_ptr
  2249: 40377ce4    15 FUNC    GLOBAL DEFAULT    7 esp_crosscore_int_send_print_backtrace
  2250: 4037ff6c   236 FUNC    GLOBAL DEFAULT    7 __assert_func
  2251: 40379e7c    92 FUNC    GLOBAL DEFAULT    7 vRingbufferReturnItem
  2252: 40005148     0 NOTYPE  GLOBAL DEFAULT  ABS r_lld_adv_ext_chain_connectable_construct
  2253: 40005a3c     0 NOTYPE  GLOBAL DEFAULT  ABS ic_reset_rx_ba
  2254: 4000342c     0 NOTYPE  GLOBAL DEFAULT  ABS r_btdm_task_post_from_isr
  2255: 4000249c     0 NOTYPE  GLOBAL DEFAULT  ABS __negvdi2
  2256: 40001a58     0 NOTYPE  GLOBAL DEFAULT  ABS ets_get_printf_channel
  2257: 400042d8     0 NOTYPE  GLOBAL DEFAULT  ABS r_lld_con_rx
  2258: 40004cb0     0 NOTYPE  GLOBAL DEFAULT  ABS r_rw_crypto_aes_k2
  2259: 40002580     0 NOTYPE  GLOBAL DEFAULT  ABS __umodsi3
  2260: 40001908     0 NOTYPE  GLOBAL DEFAULT  ABS Cache_Freeze_DCache_Disable
  2261: 3fceff58     0 NOTYPE  GLOBAL DEFAULT  ABS vhci_env_p
  2262: 400043c8     0 NOTYPE  GLOBAL DEFAULT  ABS r_lld_ext_scan_dynamic_pti_process
  2263: 4000540c     0 NOTYPE  GLOBAL DEFAULT  ABS mac_tx_set_plcp2
  2264: 40003588     0 NOTYPE  GLOBAL DEFAULT  ABS r_dl_upd_proc_start
  2265: 40000660     0 NOTYPE  GLOBAL DEFAULT  ABS uart_rx_one_char
  2266: 40001c98     0 NOTYPE  GLOBAL DEFAULT  ABS crc32_le
  2267: 3fc91e5c     4 OBJECT  GLOBAL DEFAULT    9 g_dig_dbias_pvt_non_240m
  2268: 40002514     0 NOTYPE  GLOBAL DEFAULT  ABS __subvdi3
  2269: 4037eba4    13 FUNC    GLOBAL DEFAULT    7 systimer_hal_set_tick_rate_ops
  2270: 40005bec     0 NOTYPE  GLOBAL DEFAULT  ABS coex_hw_timer_disable
  2271: 3fcef900     0 NOTYPE  GLOBAL DEFAULT  ABS ap_no_lr_ptr
  2272: 4200d5cc     7 FUNC    GLOBAL DEFAULT   12 panic_soc_check_pseudo_cause
  2273: 40000000     0 NOTYPE  GLOBAL DEFAULT  ABS r_lld_init_process_pkt_rx_aux_connect_rsp
  2274: 3fc9469c     0 NOTYPE  GLOBAL DEFAULT  ABS _noinit_start
  2275: 42008c60   196 FUNC    GLOBAL DEFAULT   12 _reclaim_reent
  2276: 40003f0c     0 NOTYPE  GLOBAL DEFAULT  ABS r_llc_rem_con_upd_proc_err_cb
  2277: 40005ee0     0 NOTYPE  GLOBAL DEFAULT  ABS rom_set_cal_rxdc
  2278: 40374404     0 NOTYPE  GLOBAL DEFAULT  ABS _iram_text_start
  2279: 400031bc     0 NOTYPE  GLOBAL DEFAULT  ABS r_ble_util_buf_acl_tx_free
  2280: 40002160     0 NOTYPE  GLOBAL DEFAULT  ABS ets_secure_boot_revoke_public_key_digest
  2281: 40002ba4     0 NOTYPE  GLOBAL DEFAULT  ABS hci_le_start_enc_cmd_handler
  2282: 400053f4     0 NOTYPE  GLOBAL DEFAULT  ABS mac_tx_set_plcp0
  2283: 4037a778   212 FUNC    GLOBAL DEFAULT    7 xQueueGenericSendFromISR
  2284: 403783c4   123 FUNC    GLOBAL DEFAULT    7 rtc_clk_cpu_freq_mhz_to_config
  2285: 40005934     0 NOTYPE  GLOBAL DEFAULT  ABS wdev_csi_len_align
  2286: 40000960     0 NOTYPE  GLOBAL DEFAULT  ABS esp_rom_spiflash_wait_idle
  2287: 40005ac0     0 NOTYPE  GLOBAL DEFAULT  ABS wifi_rf_phy_disable
  2288: 40001b18     0 NOTYPE  GLOBAL DEFAULT  ABS gpio_pad_set_drv
  2289: 4000468c     0 NOTYPE  GLOBAL DEFAULT  ABS r_lld_reset_reg
  2290: 40003a80     0 NOTYPE  GLOBAL DEFAULT  ABS r_ke_msg_forward_new_id
  2291: 4000327c     0 NOTYPE  GLOBAL DEFAULT  ABS r_ble_util_buf_set_rx_buf_size
  2292: 40002a3c     0 NOTYPE  GLOBAL DEFAULT  ABS dfu_custom_handle_req
  2293: 400049c8     0 NOTYPE  GLOBAL DEFAULT  ABS r_llm_activity_free_set
  2294: 40003d08     0 NOTYPE  GLOBAL DEFAULT  ABS r_llc_hci_le_phy_upd_cmp_evt_send
  2295: 3fcefdbc     0 NOTYPE  GLOBAL DEFAULT  ABS ke_env
  2296: 40000000     0 NOTYPE  GLOBAL DEFAULT  ABS r_lld_adv_aux_ch_idx_set
  2297: 40005b44     0 NOTYPE  GLOBAL DEFAULT  ABS ieee80211_set_tx_pti
  2298: 3fcef830     0 NOTYPE  GLOBAL DEFAULT  ABS coex_pti_tab_ptr
  2299: 403790d0    18 FUNC    GLOBAL DEFAULT    7 esp_cache_sync_ops_enter_critical_section
  2300: 40005af0     0 NOTYPE  GLOBAL DEFAULT  ABS ieee80211_copy_eb_header
  2301: 40005844     0 NOTYPE  GLOBAL DEFAULT  ABS trc_tid_isTxAmpduOperational
  2302: 40001c68     0 NOTYPE  GLOBAL DEFAULT  ABS esp_rom_md5_update
  2303: 40001aa0     0 NOTYPE  GLOBAL DEFAULT  ABS esp_rom_gpio_connect_out_signal
  2304: 4000456c     0 NOTYPE  GLOBAL DEFAULT  ABS r_lld_per_adv_ext_pkt_prepare
  2305: 3fcef950     0 NOTYPE  GLOBAL DEFAULT  ABS lmacConfMib_ptr
  2306: 40000000     0 NOTYPE  GLOBAL DEFAULT  ABS llm_exception_list_init
  2307: 40001c64     0 NOTYPE  GLOBAL DEFAULT  ABS r_llc_loc_phy_upd_proc_continue_hook
  2308: 4000240c     0 NOTYPE  GLOBAL DEFAULT  ABS __muldc3
  2309: 40005b50     0 NOTYPE  GLOBAL DEFAULT  ABS wifi_is_started
  2310: 40003108     0 NOTYPE  GLOBAL DEFAULT  ABS r_aes_cmac_start
  2311: 40005358     0 NOTYPE  GLOBAL DEFAULT  ABS lmacPostTxComplete
  2312: 40004cbc     0 NOTYPE  GLOBAL DEFAULT  ABS r_rw_crypto_aes_k3
  2313: 40004c20     0 NOTYPE  GLOBAL DEFAULT  ABS r_rf_reset
  2314: 4000546c     0 NOTYPE  GLOBAL DEFAULT  ABS pm_enable_sleep_delay_timer
  2315: 400046b0     0 NOTYPE  GLOBAL DEFAULT  ABS r_lld_rpa_renew_evt_start_cbk
  2316: 40005874     0 NOTYPE  GLOBAL DEFAULT  ABS wDev_DiscardFrame
  2317: 40000798     0 NOTYPE  GLOBAL DEFAULT  ABS mz_crc32
  2318: 40004398     0 NOTYPE  GLOBAL DEFAULT  ABS r_lld_con_tx_len_update_for_rate
  2319: 400049d4     0 NOTYPE  GLOBAL DEFAULT  ABS r_llm_activity_syncing_get
  2320: 3ff1eea8     0 NOTYPE  GLOBAL DEFAULT  ABS rwip_priority
  2321: 40002ed4     0 NOTYPE  GLOBAL DEFAULT  ABS lld_acl_tx_cfm_handler
  2322: 40003ffc     0 NOTYPE  GLOBAL DEFAULT  ABS r_lld_adv_coex_env_reset
  2323: 42000e78    34 FUNC    GLOBAL DEFAULT   12 esp_restart
  2324: 3c010128     8 OBJECT  GLOBAL DEFAULT   15 g_startup_fn
  2325: 40002808     0 NOTYPE  GLOBAL DEFAULT  ABS usb_dc_prepare_persist
  2326: 3fc94214   124 OBJECT  GLOBAL DEFAULT    9 esp_flash_chip_gd
  2327: 3ff1eedc     0 NOTYPE  GLOBAL DEFAULT  ABS maxSecretKey_256
  2328: 3fceffd0     0 NOTYPE  GLOBAL DEFAULT  ABS _global_impure_ptr
  2329: 40000894     0 NOTYPE  GLOBAL DEFAULT  ABS esp_rom_opiflash_pin_config
  2330: 4000138c     0 NOTYPE  GLOBAL DEFAULT  ABS strchr
  2331: 40003aec     0 NOTYPE  GLOBAL DEFAULT  ABS r_ke_sleep_check
  2332: 400054c0     0 NOTYPE  GLOBAL DEFAULT  ABS pm_on_data_rx
  2333: 4000186c     0 NOTYPE  GLOBAL DEFAULT  ABS Cache_Disable_ICache
  2334: 40003f60     0 NOTYPE  GLOBAL DEFAULT  ABS r_llc_sk_gen
  2335: 400013d4     0 NOTYPE  GLOBAL DEFAULT  ABS strncasecmp
  2336: 40005058     0 NOTYPE  GLOBAL DEFAULT  ABS r_sdk_config_get_priv_opts
  2337: 4037a26c    42 FUNC    GLOBAL DEFAULT    7 _esp_error_check_failed
  2338: 400061bc     0 NOTYPE  GLOBAL DEFAULT  ABS rom_i2c_paral_write_mask
  2339: 400047e8     0 NOTYPE  GLOBAL DEFAULT  ABS r_lld_scan_start
  2340: 40006084     0 NOTYPE  GLOBAL DEFAULT  ABS rom_write_chan_freq
  2341: 40004af4     0 NOTYPE  GLOBAL DEFAULT  ABS r_llm_le_features_get
  2342: 400026a0     0 NOTYPE  GLOBAL DEFAULT  ABS cdc_acm_irq_rx_ready
  2343: 4000162c     0 NOTYPE  GLOBAL DEFAULT  ABS Cache_Set_DCache_Mode
  2344: 40002304     0 NOTYPE  GLOBAL DEFAULT  ABS __fixunssfdi
  2345: 400048fc     0 NOTYPE  GLOBAL DEFAULT  ABS r_lld_sync_trunc_ind
  2346: 40005e8c     0 NOTYPE  GLOBAL DEFAULT  ABS rom_phy_get_noisefloor
  2347: 40004e24     0 NOTYPE  GLOBAL DEFAULT  ABS r_rwip_timer_hs_handler
  2348: 400050ac     0 NOTYPE  GLOBAL DEFAULT  ABS r_vhci_flow_on
  2349: 40000000     0 NOTYPE  GLOBAL DEFAULT  ABS coex_schm_ble_scan_stop
  2350: 3fcef8b8     0 NOTYPE  GLOBAL DEFAULT  ABS g_timer_func
  2351: 3fcefc18     0 NOTYPE  GLOBAL DEFAULT  ABS rwble_env
  2352: 40003708     0 NOTYPE  GLOBAL DEFAULT  ABS r_h4tl_rx_acl_hdr_extract
  2353: 40381610     7 FUNC    GLOBAL DEFAULT    7 spi_flash_chip_th_get_caps
  2354: 4037ee40     7 FUNC    GLOBAL DEFAULT    7 multi_heap_set_lock
  2355: 3fc942c0   124 OBJECT  GLOBAL DEFAULT    9 esp_flash_chip_generic
  2356: 40002ad8     0 NOTYPE  GLOBAL DEFAULT  ABS btdm_enable_scan_forever_impl
  2357: 40004fa4     0 NOTYPE  GLOBAL DEFAULT  ABS r_sch_prog_push
  2358: 600fe000     0 NOTYPE  GLOBAL DEFAULT  ABS _rtc_force_fast_end
  2359: 3fcef9f0     0 NOTYPE  GLOBAL DEFAULT  ABS TASK_DESC_VSHCI
  2360: 40004e54     0 NOTYPE  GLOBAL DEFAULT  ABS r_rwip_wakeup
  2361: 40002b80     0 NOTYPE  GLOBAL DEFAULT  ABS hci_le_rem_con_param_req_reply_cmd_handler
  2362: 3fc94dc8     0 NOTYPE  GLOBAL DEFAULT  ABS _bss_end
  2363: 403800ac    10 FUNC    GLOBAL DEFAULT    7 _free_r
  2364: 40005de4     0 NOTYPE  GLOBAL DEFAULT  ABS rom_pbus_force_test
  2365: 40005808     0 NOTYPE  GLOBAL DEFAULT  ABS trc_calc_duration
  2366: 40005c94     0 NOTYPE  GLOBAL DEFAULT  ABS rom_bb_wdt_int_enable
  2367: 40003570     0 NOTYPE  GLOBAL DEFAULT  ABS r_dbg_env_init
  2368: 40003720     0 NOTYPE  GLOBAL DEFAULT  ABS r_h4tl_rx_done
  2369: 4000441c     0 NOTYPE  GLOBAL DEFAULT  ABS r_lld_init_end
  2370: 40000000     0 NOTYPE  GLOBAL DEFAULT  ABS f_hci_le_set_per_adv_data_cmd_handler
  2371: 420082fc    14 FUNC    GLOBAL DEFAULT   12 esp_partition_iterator_release
  2372: 40380154    19 FUNC    GLOBAL DEFAULT    7 spi_flash_brownout_need_reset
  2373: 3fceff88     0 NOTYPE  GLOBAL DEFAULT  ABS lld_scan_env
  2374: 40002e50     0 NOTYPE  GLOBAL DEFAULT  ABS llc_op_ch_map_upd_ind_handler
  2375: 403790f4    29 FUNC    GLOBAL DEFAULT    7 esp_cache_get_alignment
  2376: 40376954    34 FUNC    GLOBAL DEFAULT    7 __retarget_lock_release
  2377: 400054cc     0 NOTYPE  GLOBAL DEFAULT  ABS pm_on_tbtt
  2378: 4037d228    50 FUNC    GLOBAL DEFAULT    7 cache_hal_disable
  2379: 400059d0     0 NOTYPE  GLOBAL DEFAULT  ABS ampdu_dispatch_all
  2380: 4200d734    11 FUNC    GLOBAL DEFAULT   12 fegetround
  2381: 4037e440    38 FUNC    GLOBAL DEFAULT    7 spi_flash_hal_erase_chip
  2382: 400050d0     0 NOTYPE  GLOBAL DEFAULT  ABS r_vnd_hci_command_handler
  2383: 42008058    55 FUNC    GLOBAL DEFAULT   12 esp_partition_main_flash_region_safe
  2384: 4037d6d0    76 FUNC    GLOBAL DEFAULT    7 spi_flash_encryption_hal_prepare
  2385: 4000141c     0 NOTYPE  GLOBAL DEFAULT  ABS strspn
  2386: 4000609c     0 NOTYPE  GLOBAL DEFAULT  ABS rom_set_xpd_sar
  2387: 40004524     0 NOTYPE  GLOBAL DEFAULT  ABS r_lld_per_adv_coex_env_reset
  2388: 50000000     0 NOTYPE  GLOBAL DEFAULT  ABS _rtc_bss_end
  2389: 42005728    39 FUNC    GLOBAL DEFAULT   12 esp_time_impl_get_boot_time
  2390: 40002190     0 NOTYPE  GLOBAL DEFAULT  ABS __addsf3
  2391: 400038dc     0 NOTYPE  GLOBAL DEFAULT  ABS r_hci_tl_c2h_data_flow_on
  2392: 3fcefe20     0 NOTYPE  GLOBAL DEFAULT  ABS hci_ext_host
  2393: 40000900     0 NOTYPE  GLOBAL DEFAULT  ABS esp_rom_opiflash_erase_sector
  2394: 420073c4    38 FUNC    GLOBAL DEFAULT   12 spi_flash_init_lock
  2395: 40004164     0 NOTYPE  GLOBAL DEFAULT  ABS r_lld_ch_map_set
  2396: 40379cb0    88 FUNC    GLOBAL DEFAULT    7 xRingbufferSend
  2397: 40001cec     0 NOTYPE  GLOBAL DEFAULT  ABS ets_sha_enable
  2398: 3fcefe6c     0 NOTYPE  GLOBAL DEFAULT  ABS g_time_msb
  2399: 40002a6c     0 NOTYPE  GLOBAL DEFAULT  ABS usb_dw_ctrl_deinit
  2400: 400044f4     0 NOTYPE  GLOBAL DEFAULT  ABS r_lld_llcp_rx_ind_handler
  2401: 40005640     0 NOTYPE  GLOBAL DEFAULT  ABS ppResumeTxAMPDU
  2402: 40006204     0 NOTYPE  GLOBAL DEFAULT  ABS rom_tsens_code_read
  2403: 40005da8     0 NOTYPE  GLOBAL DEFAULT  ABS rom_loopback_mode_en
  2404: 40380324    55 FUNC    GLOBAL DEFAULT    7 memspi_host_read_status_hs
  2405: 40001a88     0 NOTYPE  GLOBAL DEFAULT  ABS gpio_input_get
  2406: 40003b58     0 NOTYPE  GLOBAL DEFAULT  ABS r_ke_task_saved_update
  2407: 40003510     0 NOTYPE  GLOBAL DEFAULT  ABS r_co_list_push_back_sublist
  2408: 400020e8     0 NOTYPE  GLOBAL DEFAULT  ABS ets_ecc_set_sram_page_size
  2409: 400051c0     0 NOTYPE  GLOBAL DEFAULT  ABS r_lld_per_adv_evt_start_chm_upd
  2410: 40001ba8     0 NOTYPE  GLOBAL DEFAULT  ABS xthal_memcpy
  2411: 40000000     0 NOTYPE  GLOBAL DEFAULT  ABS f_hci_le_clear_adv_sets_cmd_handler
  2412: 40001f38     0 NOTYPE  GLOBAL DEFAULT  ABS ets_efuse_find_purpose
  2413: 40001f14     0 NOTYPE  GLOBAL DEFAULT  ABS ets_efuse_secure_boot_aggressive_revoke_enabled
  2414: 4000465c     0 NOTYPE  GLOBAL DEFAULT  ABS r_lld_res_list_peer_rpa_get
  2415: 40001adc     0 NOTYPE  GLOBAL DEFAULT  ABS gpio_pad_input_disable
  2416: 3fceff94     0 NOTYPE  GLOBAL DEFAULT  ABS g_rw_schd_queue
  2417: 400049bc     0 NOTYPE  GLOBAL DEFAULT  ABS r_llm_activity_free_get
  2418: 400062dc     0 NOTYPE  GLOBAL DEFAULT  ABS rom_fe_i2c_reg_renew
  2419: 400032f4     0 NOTYPE  GLOBAL DEFAULT  ABS r_bt_rf_coex_ext_scan_dynamic_pti_en_get
  2420: 3fcef840     0 NOTYPE  GLOBAL DEFAULT  ABS s_netstack_free
  2421: 4037a44c   134 FUNC    GLOBAL DEFAULT    7 xQueueGenericCreateStatic
  2422: 4037ed54    12 FUNC    GLOBAL DEFAULT    7 multi_heap_get_allocated_size_impl
  2423: 40004e0c     0 NOTYPE  GLOBAL DEFAULT  ABS r_rwip_timer_10ms_handler
  2424: 400045c0     0 NOTYPE  GLOBAL DEFAULT  ABS r_lld_per_adv_list_rem
  2425: 400020a0     0 NOTYPE  GLOBAL DEFAULT  ABS ets_ecc_get_flash_range
  2426: 40006378     0 NOTYPE  GLOBAL DEFAULT  ABS rom_wifi_track_pll_cap
  2427: 4037aabc    36 FUNC    GLOBAL DEFAULT    7 vQueueDelete
  2428: 400007e0     0 NOTYPE  GLOBAL DEFAULT  ABS tdefl_compress_mem_to_output
  2429: 40002bec     0 NOTYPE  GLOBAL DEFAULT  ABS hci_vs_set_pref_slave_latency_cmd_handler
  2430: 4037e830   389 FUNC    GLOBAL DEFAULT    7 spi_flash_hal_device_config
  2431: 40002e14     0 NOTYPE  GLOBAL DEFAULT  ABS llc_ll_terminate_ind_pdu_send
  2432: 400038d0     0 NOTYPE  GLOBAL DEFAULT  ABS r_hci_send_2_host
  2433: 400056dc     0 NOTYPE  GLOBAL DEFAULT  ABS pp_hdrsize
  2434: 4037ecfc    86 FUNC    GLOBAL DEFAULT    7 multi_heap_free_impl
  2435: 42006d84   109 FUNC    GLOBAL DEFAULT   12 gpio_sleep_sel_dis
  2436: 40003600     0 NOTYPE  GLOBAL DEFAULT  ABS r_ecc_point_multiplication_win_256
  2437: 40002058     0 NOTYPE  GLOBAL DEFAULT  ABS ets_ecc_flash_disable_all
  2438: 400007d4     0 NOTYPE  GLOBAL DEFAULT  ABS tdefl_compress_mem_to_mem
  2439: 40380274    71 FUNC    GLOBAL DEFAULT    7 memspi_host_program_page
  2440: 4200e370   351 FUNC    GLOBAL DEFAULT   12 tlsf_add_pool
  2441: 400020f4     0 NOTYPE  GLOBAL DEFAULT  ABS ets_ecc_get_sram_byte_mode
  2442: 40005514     0 NOTYPE  GLOBAL DEFAULT  ABS pm_sleep_for
  2443: 4037ed54    12 FUNC    GLOBAL DEFAULT    7 multi_heap_get_allocated_size
  2444: 4200d658     5 FUNC    GLOBAL DEFAULT   12 newlib_include_getentropy_impl
  2445: 400050b8     0 NOTYPE  GLOBAL DEFAULT  ABS r_vhci_notify_host_send_available
  2446: 40000000     0 NOTYPE  GLOBAL DEFAULT  ABS f_hci_le_set_ext_scan_en_cmd_handler
  2447: 40380494    26 FUNC    GLOBAL DEFAULT    7 spi_flash_chip_gd_get_io_mode
  2448: 400048b4     0 NOTYPE  GLOBAL DEFAULT  ABS r_lld_sync_process_pkt_rx_aux_sync_ind
  2449: 4200bf60   107 FUNC    GLOBAL DEFAULT   12 __swhatbuf_r
  2450: 3ff1f526     0 NOTYPE  GLOBAL DEFAULT  ABS em_base_reg_lut
  2451: 40375e1c    36 FUNC    GLOBAL DEFAULT    7 esp_vApplicationTickHook
  2452: 400016d4     0 NOTYPE  GLOBAL DEFAULT  ABS Cache_Invalidate_ICache_All
  2453: 40004a34     0 NOTYPE  GLOBAL DEFAULT  ABS r_llm_adv_set_release
  2454: 3fc9248c    12 OBJECT  GLOBAL DEFAULT    9 __sglue
  2455: 3fc94190   124 OBJECT  GLOBAL DEFAULT    9 esp_flash_chip_boya
  2456: 3fc946b4    10 OBJECT  GLOBAL DEFAULT   11 app_elf_sha256_str
  2457: 40003b40     0 NOTYPE  GLOBAL DEFAULT  ABS r_ke_task_init
  2458: 40005ef8     0 NOTYPE  GLOBAL DEFAULT  ABS rom_set_loopback_gain
  2459: 400039cc     0 NOTYPE  GLOBAL DEFAULT  ABS r_ke_event_schedule
  2460: 40002d84     0 NOTYPE  GLOBAL DEFAULT  ABS llc_ll_feature_req_pdu_send
  2461: 40001dac     0 NOTYPE  GLOBAL DEFAULT  ABS ets_aes_disable
  2462: 400024f0     0 NOTYPE  GLOBAL DEFAULT  ABS __powisf2
  2463: 40004ab8     0 NOTYPE  GLOBAL DEFAULT  ABS r_llm_is_dev_connected
  2464: 40005154     0 NOTYPE  GLOBAL DEFAULT  ABS r_lld_adv_ext_chain_scannable_construct
  2465: 42007728    27 FUNC    GLOBAL DEFAULT   12 esp_flash_app_init
  2466: 4037c6f4    31 FUNC    GLOBAL DEFAULT    7 xTaskGetCurrentTaskHandle
  2467: 4200d694     5 FUNC    GLOBAL DEFAULT   12 pthread_include_pthread_impl
  2468: 4200820c   135 FUNC    GLOBAL DEFAULT   12 esp_partition_next
  2469: 40001290     0 NOTYPE  GLOBAL DEFAULT  ABS isalpha
  2470: 3c032c64   257 OBJECT  GLOBAL DEFAULT   15 _ctype_
  2471: 40001cdc     0 NOTYPE  GLOBAL DEFAULT  ABS r_lld_sync_process_pkt_rx_pkt_check_hook
  2472: 42008520   306 FUNC    GLOBAL DEFAULT   12 __sflush_r
  2473: 40376a6c    22 FUNC    GLOBAL DEFAULT    7 xt_unhandled_interrupt
  2474: 40001af4     0 NOTYPE  GLOBAL DEFAULT  ABS gpio_pad_pulldown
  2475: 400037d4     0 NOTYPE  GLOBAL DEFAULT  ABS r_hci_build_cs_evt
  2476: 4037cc68   428 FUNC    GLOBAL DEFAULT    7 vTaskGenericNotifyGiveFromISR
  2477: 400063e4     0 NOTYPE  GLOBAL DEFAULT  ABS rom_phy_ant_init
  2478: 4000402c     0 NOTYPE  GLOBAL DEFAULT  ABS r_lld_adv_evt_canceled_cbk
  2479: 42008ac8    50 FUNC    GLOBAL DEFAULT   12 printf
  2480: 40381b84    47 NOTYPE  GLOBAL DEFAULT    7 xthal_restore_extra_nw
  2481: 40002c10     0 NOTYPE  GLOBAL DEFAULT  ABS ll_connection_param_req_handler
  2482: 400034c8     0 NOTYPE  GLOBAL DEFAULT  ABS r_co_list_insert_after
  2483: 4200d6e8    75 FUNC    GLOBAL DEFAULT   12 mpu_hal_set_region_access
  2484: 40380520    62 FUNC    GLOBAL DEFAULT    7 spi_flash_chip_generic_detect_size
  2485: 403809e8   134 FUNC    GLOBAL DEFAULT    7 spi_flash_chip_generic_erase_chip
  2486: 4037fedc    10 FUNC    GLOBAL DEFAULT    7 tlsf_size
  2487: 42001778    28 FUNC    GLOBAL DEFAULT   12 esp_panic_handler_feed_wdts
  2488: 400012f0     0 NOTYPE  GLOBAL DEFAULT  ABS ispunct
  2489: 40004fec     0 NOTYPE  GLOBAL DEFAULT  ABS r_sch_slice_compute
  2490: 4000471c     0 NOTYPE  GLOBAL DEFAULT  ABS r_lld_scan_frm_cbk
  2491: 40001620     0 NOTYPE  GLOBAL DEFAULT  ABS Cache_Set_ICache_Mode
  2492: 40004b60     0 NOTYPE  GLOBAL DEFAULT  ABS r_llm_scan_sync_acad_attach
  2493: 4000444c     0 NOTYPE  GLOBAL DEFAULT  ABS r_lld_init_frm_eof_isr
  2494: 40005c64     0 NOTYPE  GLOBAL DEFAULT  ABS rom_abs_temp
  2495: 403814a8    56 FUNC    GLOBAL DEFAULT    7 spi_flash_chip_mxic_opi_get_write_protect
  2496: 40376f94     0 FUNC    GLOBAL DEFAULT    7 _xt_medint2_exit
  2497: 400028a4     0 NOTYPE  GLOBAL DEFAULT  ABS usb_dc_ep_disable
  2498: 40380060    12 FUNC    GLOBAL DEFAULT    7 valloc
  2499: 40002f34     0 NOTYPE  GLOBAL DEFAULT  ABS lld_disc_ind_handler
  2500: 420087ac    14 FUNC    GLOBAL DEFAULT   12 __sfp_lock_release
  2501: 40004ef0     0 NOTYPE  GLOBAL DEFAULT  ABS r_sch_arb_prog_timer
  2502: 4037b2f4    36 FUNC    GLOBAL DEFAULT    7 vListInitialise
  2503: 40002b98     0 NOTYPE  GLOBAL DEFAULT  ABS hci_le_set_phy_cmd_handler
  2504: 3fcefd00     0 NOTYPE  GLOBAL DEFAULT  ABS ke_task_env
  2505: 40379ed8    89 FUNC    GLOBAL DEFAULT    7 vRingbufferReturnItemFromISR
  2506: 40002934     0 NOTYPE  GLOBAL DEFAULT  ABS usb_set_current_descriptor
  2507: 3ff1f6ce     0 NOTYPE  GLOBAL DEFAULT  ABS co_phy_to_rate
  2508: 3fc945b0   124 OBJECT  GLOBAL DEFAULT    9 esp_flash_chip_winbond
  2509: 400021c0     0 NOTYPE  GLOBAL DEFAULT  ABS __ashrdi3
  2510: 40003f78     0 NOTYPE  GLOBAL DEFAULT  ABS r_llc_stop
  2511: 40005e74     0 NOTYPE  GLOBAL DEFAULT  ABS rom_phy_disable_cca
  2512: 40381e00     0 NOTYPE  GLOBAL DEFAULT  ABS _iram_bss_start
  2513: 40001e3c     0 NOTYPE  GLOBAL DEFAULT  ABS ets_ds_start_sign
  2514: 400052b0     0 NOTYPE  GLOBAL DEFAULT  ABS hal_mac_tx_get_blockack
  2515: 40004344     0 NOTYPE  GLOBAL DEFAULT  ABS r_lld_con_start
  2516: 40003360     0 NOTYPE  GLOBAL DEFAULT  ABS r_bt_rma_configure
  2517: 4000318c     0 NOTYPE  GLOBAL DEFAULT  ABS r_bigHexInversion256
  2518: 3ff1f08c     0 NOTYPE  GLOBAL DEFAULT  ABS hci_cmd_desc_tab_stat_par
  2519: 40378038     6 FUNC    GLOBAL DEFAULT    7 spi_timing_get_flash_timing_param
  2520: 40377df8   106 FUNC    GLOBAL DEFAULT    7 esp_cpu_stall
  2521: 40000924     0 NOTYPE  GLOBAL DEFAULT  ABS esp_rom_opiflash_read
  2522: 40003870     0 NOTYPE  GLOBAL DEFAULT  ABS r_hci_fc_init
  2523: 40001614     0 NOTYPE  GLOBAL DEFAULT  ABS Cache_Get_Mode
  2524: 4037a0b4    33 FUNC    GLOBAL DEFAULT    7 Cache_Suspend_DCache
  2525: 40376788    59 FUNC    GLOBAL DEFAULT    7 _lock_close
  2526: 40381bb4    47 NOTYPE  GLOBAL DEFAULT    7 xthal_save_extra_nw
  2527: 3ff1f79a     0 NOTYPE  GLOBAL DEFAULT  ABS LLM_AA_CT1
  2528: 40004aa0     0 NOTYPE  GLOBAL DEFAULT  ABS r_llm_env_adv_dup_filt_init
  2529: 40004920     0 NOTYPE  GLOBAL DEFAULT  ABS r_lld_test_evt_start_cbk
  2530: 3fc93310     4 OBJECT  GLOBAL DEFAULT    9 offset_xCoreID
  2531: 403742c0     0 FUNC    GLOBAL DEFAULT    6 _NMIExceptionVector
  2532: 3ff1f798     0 NOTYPE  GLOBAL DEFAULT  ABS LLM_AA_CT2
  2533: 400036b4     0 NOTYPE  GLOBAL DEFAULT  ABS r_h4tl_init
  2534: 40000000     0 NOTYPE  GLOBAL DEFAULT  ABS f_hci_le_set_ext_scan_rsp_data_cmd_handler
  2535: 3fcef8f8     0 NOTYPE  GLOBAL DEFAULT  ABS rc11NSchedTbl_ptr
  2536: 40000000     0 NOTYPE  GLOBAL DEFAULT  ABS f_hci_le_set_ext_adv_en_cmd_handler
  2537: 4000426c     0 NOTYPE  GLOBAL DEFAULT  ABS r_lld_con_init
  2538: 400014c4    20 FUNC    GLOBAL DEFAULT  ABS itoa
  2539: 40001b6c     0 NOTYPE  GLOBAL DEFAULT  ABS ets_intr_unlock
  2540: 40003408     0 NOTYPE  GLOBAL DEFAULT  ABS r_bt_rtp_register_rule_cs_idx
  2541: 4000219c     0 NOTYPE  GLOBAL DEFAULT  ABS __addvdi3
  2542: 40003138     0 NOTYPE  GLOBAL DEFAULT  ABS r_aes_k4_continue
  2543: 4000333c     0 NOTYPE  GLOBAL DEFAULT  ABS r_bt_rf_coex_sync_scan_dynamic_pti_en_get
  2544: 40003a74     0 NOTYPE  GLOBAL DEFAULT  ABS r_ke_msg_forward
  2545: 40003114     0 NOTYPE  GLOBAL DEFAULT  ABS r_aes_k1_continue
  2546: 400059ac     0 NOTYPE  GLOBAL DEFAULT  ABS ppProcTxCallback
  2547: 3ff1f6c5     0 NOTYPE  GLOBAL DEFAULT  ABS co_rate_to_byte_dur_us
  2548: 40004bb4     0 NOTYPE  GLOBAL DEFAULT  ABS r_misc_msg_handler_tab_p_get
  2549: 40004c08     0 NOTYPE  GLOBAL DEFAULT  ABS r_rf_reg_rd
  2550: 420087bc    43 FUNC    GLOBAL DEFAULT   12 __sinit
  2551: 40377dd8    12 FUNC    GLOBAL DEFAULT    7 esp_flash_chip_driver_initialized
  2552: 3fcef854     0 NOTYPE  GLOBAL DEFAULT  ABS g_scan
  2553: 40004668     0 NOTYPE  GLOBAL DEFAULT  ABS r_lld_res_list_peer_update
  2554: 40001914     0 NOTYPE  GLOBAL DEFAULT  ABS Cache_Set_IDROM_MMU_Size
  2555: 40002e20     0 NOTYPE  GLOBAL DEFAULT  ABS llc_ll_unknown_rsp_pdu_send
  2556: 3c032858   200 OBJECT  GLOBAL DEFAULT   15 __mprec_tens
  2557: 40004968     0 NOTYPE  GLOBAL DEFAULT  ABS r_lld_test_set_tx_power
  2558: 4038098c    92 FUNC    GLOBAL DEFAULT    7 spi_flash_chip_generic_reset
  2559: 400057d8     0 NOTYPE  GLOBAL DEFAULT  ABS rssi_margin
  2560: 42000020     0 NOTYPE  GLOBAL DEFAULT  ABS _text_start
  2561: 403751f4    22 FUNC    GLOBAL DEFAULT    7 esp_timer_impl_get_time
  2562: 40001ce4     0 NOTYPE  GLOBAL DEFAULT  ABS r_sch_plan_offset_req_hook
  2563: 400058b0     0 NOTYPE  GLOBAL DEFAULT  ABS wdev_bank_load
  2564: 40002490     0 NOTYPE  GLOBAL DEFAULT  ABS __negsf2
  2565: 40001a4c     0 NOTYPE  GLOBAL DEFAULT  ABS esp_rom_set_cpu_ticks_per_us
  2566: 40004f68     0 NOTYPE  GLOBAL DEFAULT  ABS r_sch_plan_rem
  2567: 40003ef4     0 NOTYPE  GLOBAL DEFAULT  ABS r_llc_rem_ch_map_proc_continue
  2568: 40004578     0 NOTYPE  GLOBAL DEFAULT  ABS r_lld_per_adv_frm_cbk
  2569: 40000000     0 NOTYPE  GLOBAL DEFAULT  ABS f_hci_le_ext_create_con_cmd_handler
  2570: 40004650     0 NOTYPE  GLOBAL DEFAULT  ABS r_lld_res_list_local_rpa_get
  2571: 40377d44    24 FUNC    GLOBAL DEFAULT    7 efuse_hal_chip_revision
  2572: 40005dcc     0 NOTYPE  GLOBAL DEFAULT  ABS rom_pbus_debugmode
  2573: 40001a4c     0 NOTYPE  GLOBAL DEFAULT  ABS ets_update_cpu_frequency
  2574: 403815f0    31 FUNC    GLOBAL DEFAULT    7 spi_flash_chip_th_probe
  2575: 40002bf8     0 NOTYPE  GLOBAL DEFAULT  ABS hci_wr_auth_payl_to_cmd_handler
  2576: 40000714     0 NOTYPE  GLOBAL DEFAULT  ABS disable_default_watchdog
  2577: 4200920c 11413 FUNC    GLOBAL DEFAULT   12 _vfprintf_r
  2578: 3fcef844     0 NOTYPE  GLOBAL DEFAULT  ABS g_tx_cacheq_ptr
  2579: 40001fb0     0 NOTYPE  GLOBAL DEFAULT  ABS ets_efuse_legacy_spi_boot_mode_disabled
  2580: 40380e3c     8 FUNC    GLOBAL DEFAULT    7 spi_flash_chip_generic_read_unique_id_none
  2581: 400021cc     0 NOTYPE  GLOBAL DEFAULT  ABS __bswapdi2
  2582: 400020d0     0 NOTYPE  GLOBAL DEFAULT  ABS ets_ecc_sram_disable_all
  2583: 40002a90     0 NOTYPE  GLOBAL DEFAULT  ABS btdm_con_maxevtime_cal_impl
  2584: 40005f4c     0 NOTYPE  GLOBAL DEFAULT  ABS rom_spur_reg_write_one_tone
  2585: 40377ebc    79 FUNC    GLOBAL DEFAULT    7 esp_ptr_executable
  2586: 40003cd8     0 NOTYPE  GLOBAL DEFAULT  ABS r_llc_hci_disconnected_dis
  2587: 400038b8     0 NOTYPE  GLOBAL DEFAULT  ABS r_hci_register_vendor_desc_tab
  2588: 403764c0    16 FUNC    GLOBAL DEFAULT    7 esp_intr_enable_source
  2589: 420057e4    37 FUNC    GLOBAL DEFAULT   12 esp_time_impl_init
  2590: 40004608     0 NOTYPE  GLOBAL DEFAULT  ABS r_lld_process_cca_data
  2591: 40005b8c     0 NOTYPE  GLOBAL DEFAULT  ABS coex_core_ble_conn_dyn_prio_get
  2592: 40000000     0 NOTYPE  GLOBAL DEFAULT  ABS f_hci_le_generate_dhkey_cmd_handler
  2593: 3fcefc30     0 NOTYPE  GLOBAL DEFAULT  ABS lld_sync_env
  2594: 3fcefc20     0 NOTYPE  GLOBAL DEFAULT  ABS rw_sleep_enable
  2595: 4037631c    17 FUNC    GLOBAL DEFAULT    7 esp_clk_cpu_freq
  2596: 400060c0     0 NOTYPE  GLOBAL DEFAULT  ABS rom_get_rate_fcc_index
  2597: 40004080     0 NOTYPE  GLOBAL DEFAULT  ABS r_lld_adv_init
  2598: 40000750     0 NOTYPE  GLOBAL DEFAULT  ABS recv_packet
  2599: 400041a0     0 NOTYPE  GLOBAL DEFAULT  ABS r_lld_con_cleanup
  2600: 4038185c    20 FUNC    GLOBAL DEFAULT    7 spi_flash_chip_winbond_get_caps
  2601: 3fc91e10     4 OBJECT  GLOBAL DEFAULT    9 esp_ipc_isr_end_fl
  2602: 40002988     0 NOTYPE  GLOBAL DEFAULT  ABS usb_disable
  2603: 4037a4d4    80 FUNC    GLOBAL DEFAULT    7 xQueueGenericCreate
  2604: 40005088     0 NOTYPE  GLOBAL DEFAULT  ABS r_specialModP256
  2605: 420072c0   153 FUNC    GLOBAL DEFAULT   12 esp_mmu_unmap
  2606: 40004110     0 NOTYPE  GLOBAL DEFAULT  ABS r_lld_adv_sync_info_update
  2607: 40005cb8     0 NOTYPE  GLOBAL DEFAULT  ABS rom_cbw2040_cfg
  2608: 4200361c   123 FUNC    GLOBAL DEFAULT   12 esp_deep_sleep_wakeup_io_reset
  2609: 3fc947f4     4 OBJECT  GLOBAL DEFAULT   11 registered_heaps
  2610: 40000000     0 NOTYPE  GLOBAL DEFAULT  ABS f_hci_le_set_phy_cmd_handler
  2611: 40378aa4    42 FUNC    GLOBAL DEFAULT    7 rtc_get_xtal
  2612: 40005550     0 NOTYPE  GLOBAL DEFAULT  ABS ppCalSubFrameLength
  2613: 40004b18     0 NOTYPE  GLOBAL DEFAULT  ABS r_llm_msg_handler_tab_p_get
  2614: 3fceff6c     0 NOTYPE  GLOBAL DEFAULT  ABS r_hli_funcs_p
  2615: 3fc92488     4 OBJECT  GLOBAL DEFAULT    9 environ
  2616: 40004338     0 NOTYPE  GLOBAL DEFAULT  ABS r_lld_con_set_tx_power
  2617: 400020b8     0 NOTYPE  GLOBAL DEFAULT  ABS ets_ecc_sram_disable
  2618: 400051a8     0 NOTYPE  GLOBAL DEFAULT  ABS r_lld_con_tx_prog_new_packet
  2619: 4037a84c   158 FUNC    GLOBAL DEFAULT    7 xQueueGiveFromISR
  2620: 4037ea30    26 FUNC    GLOBAL DEFAULT    7 systimer_hal_init
  2621: 400031a4     0 NOTYPE  GLOBAL DEFAULT  ABS r_ble_util_buf_acl_tx_alloc
  2622: 3ff1f678     0 NOTYPE  GLOBAL DEFAULT  ABS connect_req_dur_tab
  2623: 40005478     0 NOTYPE  GLOBAL DEFAULT  ABS pm_local_tsf_process
  2624: 40000dd4     0 NOTYPE  GLOBAL DEFAULT  ABS wdt_hal_config_stage
  2625: 50000000     0 NOTYPE  GLOBAL DEFAULT  ABS _rtc_force_slow_start
  2626: 40002fac     0 NOTYPE  GLOBAL DEFAULT  ABS lld_scan_req_ind_handler
  2627: 40003090     0 NOTYPE  GLOBAL DEFAULT  ABS r_SubtractBigHexMod256
  2628: 40005484     0 NOTYPE  GLOBAL DEFAULT  ABS //pm_set_beacon_filter
  2629: 40002c04     0 NOTYPE  GLOBAL DEFAULT  ABS ll_channel_map_ind_handler
  2630: 40001e24     0 NOTYPE  GLOBAL DEFAULT  ABS ets_ds_enable
  2631: 40003e7c     0 NOTYPE  GLOBAL DEFAULT  ABS r_llc_proc_collision_check
  2632: 40001224   219 FUNC    GLOBAL DEFAULT  ABS strncpy
  2633: 42001560    17 FUNC    GLOBAL DEFAULT   12 esp_apb_backup_dma_lock_init
  2634: 40004ddc     0 NOTYPE  GLOBAL DEFAULT  ABS r_rwip_sleep
  2635: 40000000     0 NOTYPE  GLOBAL DEFAULT  ABS f_lld_adv_rep_ind_handler_hack
  2636: 40000000     0 NOTYPE  GLOBAL DEFAULT  ABS f_lld_per_adv_rep_ind_handler
  2637: 3fc91fa0     0 NOTYPE  GLOBAL DEFAULT    9 _xt_interrupt_table
  2638: 400059c4     0 NOTYPE  GLOBAL DEFAULT  ABS ampdu_dispatch
  2639: 400024e4     0 NOTYPE  GLOBAL DEFAULT  ABS __powidf2
  2640: 3c010020     0 NOTYPE  GLOBAL DEFAULT  ABS _rodata_start
  2641: 403762f4    40 FUNC    GLOBAL DEFAULT    7 heap_caps_calloc_base
  2642: 40003ea0     0 NOTYPE  GLOBAL DEFAULT  ABS r_llc_proc_id_get
  2643: 40001cd4     0 NOTYPE  GLOBAL DEFAULT  ABS crc8_be
  2644: 3ff1f766     0 NOTYPE  GLOBAL DEFAULT  ABS adv_evt_prop2type
  2645: 40004ed8     0 NOTYPE  GLOBAL DEFAULT  ABS r_sch_arb_init
  2646: 4037d89c   610 FUNC    GLOBAL DEFAULT    7 spi_flash_hal_gpspi_configure_host_io_mode
  2647: 3fc94dc0     4 OBJECT  GLOBAL DEFAULT   11 __stdio_exit_handler
  2648: 40002178     0 NOTYPE  GLOBAL DEFAULT  ABS __absvsi2
  2649: 4000507c     0 NOTYPE  GLOBAL DEFAULT  ABS r_sdk_config_set_opts
  2650: 40003bf4     0 NOTYPE  GLOBAL DEFAULT  ABS r_llc_aes_res_cb
  2651: 400041f4     0 NOTYPE  GLOBAL DEFAULT  ABS r_lld_con_evt_canceled_cbk
  2652: 40004a28     0 NOTYPE  GLOBAL DEFAULT  ABS r_llm_adv_set_dft_params
  2653: 4000198c     0 NOTYPE  GLOBAL DEFAULT  ABS Cache_Occupy_DCache_MEMORY
  2654: 3fceff9c     0 NOTYPE  GLOBAL DEFAULT  ABS g_rw_controller_task_handle
  2655: 4037636c   187 FUNC    GLOBAL DEFAULT    7 esp_intr_disable
  2656: 40003354     0 NOTYPE  GLOBAL DEFAULT  ABS r_bt_rma_apply_rule_cs_idx
  2657: 400039d8     0 NOTYPE  GLOBAL DEFAULT  ABS r_ke_event_set
  2658: 400032ac     0 NOTYPE  GLOBAL DEFAULT  ABS r_bt_bb_intr_mask_set
  2659: 40001f74     0 NOTYPE  GLOBAL DEFAULT  ABS esp_rom_efuse_get_flash_gpio_info
  2660: 40006108     0 NOTYPE  GLOBAL DEFAULT  ABS rom_get_phy_target_power
  2661: 3fc921a0     0 NOTYPE  GLOBAL DEFAULT    9 _xt_exception_table
  2662: 4000516c     0 NOTYPE  GLOBAL DEFAULT  ABS r_lld_adv_start_init_evt_param
  2663: 42001d18    56 FUNC    GLOBAL DEFAULT   12 panic_arch_fill_info
  2664: 4000060c     0 NOTYPE  GLOBAL DEFAULT  ABS ets_get_stack_info
  2665: 3ff1f7a0     0 NOTYPE  GLOBAL DEFAULT  ABS ECC_4Win_Look_up_table
  2666: 40376844    40 FUNC    GLOBAL DEFAULT    7 __retarget_lock_init_recursive
  2667: 40004bd8     0 NOTYPE  GLOBAL DEFAULT  ABS r_platform_reset
  2668: 4000567c     0 NOTYPE  GLOBAL DEFAULT  ABS ppSearchTxframe
  2669: 40004278     0 NOTYPE  GLOBAL DEFAULT  ABS r_lld_con_llcp_tx
  2670: 400063a8     0 NOTYPE  GLOBAL DEFAULT  ABS rom_bt_set_tx_gain
  2671: 3fc93314     4 OBJECT  GLOBAL DEFAULT    9 offset_cpsa
  2672: 40375fd8    36 FUNC    GLOBAL DEFAULT    7 heap_caps_calloc
  2673: 3fc9469c     0 NOTYPE  GLOBAL DEFAULT  ABS _data_end
  2674: 400046c8     0 NOTYPE  GLOBAL DEFAULT  ABS r_lld_rxdesc_check
  2675: 3c014b28   280 OBJECT  GLOBAL DEFAULT   15 spikeids_qdq_model
  2676: 3fcef90c     0 NOTYPE  GLOBAL DEFAULT  ABS s_pp_task_del_sem
  2677: 40377810    32 FUNC    GLOBAL DEFAULT    7 spi_flash_init_chip_state
  2678: 40005bbc     0 NOTYPE  GLOBAL DEFAULT  ABS coex_core_request
  2679: 40005a00     0 NOTYPE  GLOBAL DEFAULT  ABS chm_is_at_home_channel
  2680: 40003810     0 NOTYPE  GLOBAL DEFAULT  ABS r_hci_cmd_reject
  2681: 4037de54     7 FUNC    GLOBAL DEFAULT    7 spi_flash_hal_gpspi_supports_direct_write
  2682: 40003768     0 NOTYPE  GLOBAL DEFAULT  ABS r_hci_acl_tx_data_alloc
  2683: 40005838     0 NOTYPE  GLOBAL DEFAULT  ABS trc_SetTxAmpduState
  2684: 400059b8     0 NOTYPE  GLOBAL DEFAULT  ABS esp_net80211_rom_version_get
  2685: 420067f0   128 FUNC    GLOBAL DEFAULT   12 usb_serial_jtag_driver_uninstall
  2686: 420054f8    74 FUNC    GLOBAL DEFAULT   12 esp_setup_newlib_syscalls
  2687: 4200d5c4     5 FUNC    GLOBAL DEFAULT   12 panic_print_dec
  2688: 40005cf4     0 NOTYPE  GLOBAL DEFAULT  ABS rom_disable_agc
  2689: 400056f4     0 NOTYPE  GLOBAL DEFAULT  ABS pp_process_hmac_waiting_txq
  2690: 40001fe0     0 NOTYPE  GLOBAL DEFAULT  ABS ets_efuse_usb_download_mode_disabled
  2691: 40004224     0 NOTYPE  GLOBAL DEFAULT  ABS r_lld_con_evt_start_cbk
  2692: 4000297c     0 NOTYPE  GLOBAL DEFAULT  ABS usb_enable
  2693: 400029c4     0 NOTYPE  GLOBAL DEFAULT  ABS usb_ep_clear_stall
  2694: 40005184     0 NOTYPE  GLOBAL DEFAULT  ABS r_lld_adv_start_update_filter_policy
  2695: 42003420   196 FUNC    GLOBAL DEFAULT   12 rtc_isr_register
  2696: 3fc91e64     4 OBJECT  GLOBAL DEFAULT    9 g_dig_dbias_pvt_240m
  2697: 40000000     0 NOTYPE  GLOBAL DEFAULT  ABS r_lld_adv_aux_evt_start_cbk
  2698: 3ff1f761     0 NOTYPE  GLOBAL DEFAULT  ABS adv_evt_type2prop
  2699: 42000d24   166 FUNC    GLOBAL DEFAULT   12 esp_timer_impl_early_init
  2700: 40381d90    27 FUNC    GLOBAL DEFAULT    7 xt_ints_off
  2701: 60007000     0 NOTYPE  GLOBAL DEFAULT  ABS EFUSE
  2702: 40000000     0 NOTYPE  GLOBAL DEFAULT  ABS f_llc_op_encrypt_ind_handler
  2703: 42002218   116 FUNC    GLOBAL DEFAULT   12 heap_caps_get_info
  2704: 40001e30     0 NOTYPE  GLOBAL DEFAULT  ABS ets_ds_disable
  2705: 40003060     0 NOTYPE  GLOBAL DEFAULT  ABS r_MultiplyBigHexByUint32_256
  2706: 4200e2c4    83 FUNC    GLOBAL DEFAULT   12 tlsf_walk_pool
  2707: 40004c5c     0 NOTYPE  GLOBAL DEFAULT  ABS r_rf_txpwr_cs_get
  2708: 4000384c     0 NOTYPE  GLOBAL DEFAULT  ABS r_hci_fc_acl_packet_sent
  2709: 403773c4    16 FUNC    GLOBAL DEFAULT    7 bootloader_flash_is_octal_mode_enabled
  2710: 3fc94c88   312 OBJECT  GLOBAL DEFAULT   11 __sf
  2711: 42006734    68 FUNC    GLOBAL DEFAULT   12 usb_serial_jtag_read_bytes
  2712: 40001c80     0 NOTYPE  GLOBAL DEFAULT  ABS hmac_md5_vector
  2713: 40005994     0 NOTYPE  GLOBAL DEFAULT  ABS pm_allow_tx
  2714: 40001dd0     0 NOTYPE  GLOBAL DEFAULT  ABS ets_bigint_enable
  2715: 40381d50     0 FUNC    GLOBAL DEFAULT    7 _xt_coproc_restorecs
  2716: 00000000     0 NOTYPE  GLOBAL DEFAULT  ABS _flash_cache_start
  2717: 4200e318    88 FUNC    GLOBAL DEFAULT   12 tlsf_fit_size
  2718: 40001b30     0 NOTYPE  GLOBAL DEFAULT  ABS gpio_pin_wakeup_disable
  2719: 40375244   172 FUNC    GLOBAL DEFAULT    7 call_start_cpu1
  2720: 40003f9c     0 NOTYPE  GLOBAL DEFAULT  ABS r_llcp_pdu_handler_tab_p_get
  2721: 4037d2a0    44 FUNC    GLOBAL DEFAULT    7 cache_hal_suspend
  2722: 3fceff48     0 NOTYPE  GLOBAL DEFAULT  ABS aes_env
  2723: 40003bdc     0 NOTYPE  GLOBAL DEFAULT  ABS r_led_init
  2724: 4037ab08   135 FUNC    GLOBAL DEFAULT    7 pxPortInitialiseStack
  2725: 40004ee4     0 NOTYPE  GLOBAL DEFAULT  ABS r_sch_arb_insert
  2726: 3fc93414     4 OBJECT  GLOBAL DEFAULT    9 rom_flash_chip_dummy_hpm
  2727: 40001e60     0 NOTYPE  GLOBAL DEFAULT  ABS ets_ds_encrypt_params
  2728: 40004440     0 NOTYPE  GLOBAL DEFAULT  ABS r_lld_init_frm_cbk
  2729: 403817d8   108 FUNC    GLOBAL DEFAULT    7 spi_flash_chip_winbond_page_program
  2730: 400061e0     0 NOTYPE  GLOBAL DEFAULT  ABS rom_open_i2c_xpd
  2731: 40380058     5 FUNC    GLOBAL DEFAULT    7 newlib_include_assert_impl
  2732: 4037a9f4    60 FUNC    GLOBAL DEFAULT    7 xQueueTakeMutexRecursive
  2733: 4000423c     0 NOTYPE  GLOBAL DEFAULT  ABS r_lld_con_free_all_tx_buf
  2734: 3c032920   108 OBJECT  GLOBAL DEFAULT   15 __action_table
  2735: 40004c80     0 NOTYPE  GLOBAL DEFAULT  ABS r_rw_crypto_aes_ccm
  2736: 40381c88     0 FUNC    GLOBAL DEFAULT    7 _xt_context_restore
  2737: 40002dcc     0 NOTYPE  GLOBAL DEFAULT  ABS llc_ll_phy_req_pdu_send
  2738: 42005550     9 FUNC    GLOBAL DEFAULT   12 raise
  2739: 3fcefef8     0 NOTYPE  GLOBAL DEFAULT  ABS bt_rf_coex_cfg_cb
  2740: 40002d48     0 NOTYPE  GLOBAL DEFAULT  ABS llc_ll_connection_param_req_pdu_send
  2741: 40001950     0 NOTYPE  GLOBAL DEFAULT  ABS Cache_Set_IDROM_MMU_Info
  2742: 40379f34    39 FUNC    GLOBAL DEFAULT    7 vRingbufferDelete
  2743: 40000000     0 NOTYPE  GLOBAL DEFAULT  ABS r_lld_per_adv_ch_map_update
  2744: 3fcefa1c     0 NOTYPE  GLOBAL DEFAULT  ABS timer_env
  2745: 42001db8    32 FUNC    GLOBAL DEFAULT   12 panic_print_backtrace
  2746: 3fceff8c     0 NOTYPE  GLOBAL DEFAULT  ABS lld_rpa_renew_env
  2747: 40001f8c     0 NOTYPE  GLOBAL DEFAULT  ABS ets_efuse_usb_serial_jtag_print_is_disabled
  2748: 400051e4     0 NOTYPE  GLOBAL DEFAULT  ABS r_lld_sync_insert
  2749: 400058f8     0 NOTYPE  GLOBAL DEFAULT  ABS wdev_mac_sleep
  2750: 40001d70     0 NOTYPE  GLOBAL DEFAULT  ABS ets_hmac_calculate_message
  2751: 40005310     0 NOTYPE  GLOBAL DEFAULT  ABS lmacDiscardAgedMSDU
  2752: 400021b4     0 NOTYPE  GLOBAL DEFAULT  ABS __ashldi3
  2753: 3fceffb9     0 NOTYPE  GLOBAL DEFAULT  ABS g_uart_print
  2754: 40004680     0 NOTYPE  GLOBAL DEFAULT  ABS r_lld_res_list_rem
  2755: 400024cc     0 NOTYPE  GLOBAL DEFAULT  ABS __popcountdi2
  2756: 40004038     0 NOTYPE  GLOBAL DEFAULT  ABS r_lld_adv_evt_start_cbk
  2757: 3fcefa14     0 NOTYPE  GLOBAL DEFAULT  ABS vshci_state
  2758: 420013c8    28 FUNC    GLOBAL DEFAULT   12 esp_reset_reason_get_hint
  2759: 42002550   455 FUNC    GLOBAL DEFAULT   12 soc_get_available_memory_regions
  2760: 400060e4     0 NOTYPE  GLOBAL DEFAULT  ABS rom_read_sar2_code
  2761: 40006264     0 NOTYPE  GLOBAL DEFAULT  ABS rom_phy_dis_hw_set_freq
  2762: 40380880   178 FUNC    GLOBAL DEFAULT    7 spi_flash_chip_generic_write_encrypted
  2763: 420087e8    52 FUNC    GLOBAL DEFAULT   12 fprintf
  2764: 40001eb4     0 NOTYPE  GLOBAL DEFAULT  ABS ets_efuse_write_key
  2765: 40003384     0 NOTYPE  GLOBAL DEFAULT  ABS r_bt_rma_get_ant_by_act
  2766: 400018e4     0 NOTYPE  GLOBAL DEFAULT  ABS rom_Cache_Freeze_ICache_Enable
  2767: 40004f38     0 NOTYPE  GLOBAL DEFAULT  ABS r_sch_plan_interval_req
  2768: 3fceff84     0 NOTYPE  GLOBAL DEFAULT  ABS lld_scan_sync_env
  2769: 4200e67c     0 NOTYPE  GLOBAL DEFAULT  ABS _text_end
  2770: 40380130    24 FUNC    GLOBAL DEFAULT    7 spi_flash_needs_reset_check
  2771: 3ff1ff9c     0 NOTYPE  GLOBAL DEFAULT  ABS DebugE256PublicKey_x
  2772: 40002064     0 NOTYPE  GLOBAL DEFAULT  ABS ets_ecc_get_flash_page_size
  2773: 3fcefff4     0 NOTYPE  GLOBAL DEFAULT  ABS rom_opiflash_cmd_def
  2774: 40004e84     0 NOTYPE  GLOBAL DEFAULT  ABS r_sch_alarm_init
  2775: 4000324c     0 NOTYPE  GLOBAL DEFAULT  ABS r_ble_util_buf_rx_alloc_in_isr
  2776: 3fc93418     4 OBJECT  GLOBAL DEFAULT    9 rom_flash_chip_dummy
  2777: 40004e60     0 NOTYPE  GLOBAL DEFAULT  ABS r_rwip_wakeup_end
  2778: 3ff1ff7c     0 NOTYPE  GLOBAL DEFAULT  ABS DebugE256PublicKey_y
  2779: 4200bf3c    34 FUNC    GLOBAL DEFAULT   12 __sprint_r
  2780: 40001ed8     0 NOTYPE  GLOBAL DEFAULT  ABS ets_efuse_key_block_unused
  2781: 40001350     0 NOTYPE  GLOBAL DEFAULT  ABS memrchr
  2782: 400037b0     0 NOTYPE  GLOBAL DEFAULT  ABS r_hci_ble_conhdl_unregister
  2783: 40002e8c     0 NOTYPE  GLOBAL DEFAULT  ABS llc_op_feats_exch_ind_handler
  2784: 40002d9c     0 NOTYPE  GLOBAL DEFAULT  ABS llc_ll_length_req_pdu_send
  2785: 40002814     0 NOTYPE  GLOBAL DEFAULT  ABS usb_dw_isr_handler
  2786: 4037a118   219 FUNC    GLOBAL DEFAULT    7 esp_rom_opiflash_cache_mode_config
  2787: 40005bb0     0 NOTYPE  GLOBAL DEFAULT  ABS coex_core_release
  2788: 400028e0     0 NOTYPE  GLOBAL DEFAULT  ABS usb_dc_ep_read_continue
  2789: 400034b0     0 NOTYPE  GLOBAL DEFAULT  ABS r_co_list_find
  2790: 3fc94dc8     0 NOTYPE  GLOBAL DEFAULT  ABS _heap_start
  2791: 40003d20     0 NOTYPE  GLOBAL DEFAULT  ABS r_llc_hci_nb_cmp_pkts_evt_send
  2792: 40003c84     0 NOTYPE  GLOBAL DEFAULT  ABS r_llc_dl_chg_check
  2793: 4200d740    55 FUNC    GLOBAL DEFAULT   12 _fwalk_sglue
  2794: 40001e90     0 NOTYPE  GLOBAL DEFAULT  ABS ets_efuse_read
  2795: 00000000     0 NOTYPE  GLOBAL DEFAULT  UND start_app_other_cores
  2796: 40005010     0 NOTYPE  GLOBAL DEFAULT  ABS r_sch_slice_init
  2797: 400006a8     0 NOTYPE  GLOBAL DEFAULT  ABS uart_div_modify
  2798: 400051fc     0 NOTYPE  GLOBAL DEFAULT  ABS r_sch_prog_bt_push
  2799: 420056cc    14 FUNC    GLOBAL DEFAULT   12 settimeofday
  2800: 40005604     0 NOTYPE  GLOBAL DEFAULT  ABS lmacRequestTxopQueue
  2801: 600fe000     0 NOTYPE  GLOBAL DEFAULT  ABS _data_seg_org
  2802: 40004b24     0 NOTYPE  GLOBAL DEFAULT  ABS r_llm_no_activity
  2803: 40002c34     0 NOTYPE  GLOBAL DEFAULT  ABS ll_enc_req_handler
  2804: 4000519c     0 NOTYPE  GLOBAL DEFAULT  ABS r_lld_con_tx_prog_new_packet_coex
  2805: 40001554    24 FUNC    GLOBAL DEFAULT  ABS __swbuf
  2806: 400047b8     0 NOTYPE  GLOBAL DEFAULT  ABS r_lld_scan_process_pkt_rx_legacy_adv
  2807: 40005ec8     0 NOTYPE  GLOBAL DEFAULT  ABS rom_read_hw_noisefloor
  2808: 40001fec     0 NOTYPE  GLOBAL DEFAULT  ABS ets_efuse_usb_module_disabled
  2809: 4037681c    40 FUNC    GLOBAL DEFAULT    7 __retarget_lock_init
  2810: 40005244     0 NOTYPE  GLOBAL DEFAULT  ABS r_lld_init_evt_end_type_check_state_get
  2811: 40001bb4     0 NOTYPE  GLOBAL DEFAULT  ABS xthal_get_ccompare
  2812: 40004e00     0 NOTYPE  GLOBAL DEFAULT  ABS r_rwip_time_get
  2813: 40000000     0 NOTYPE  GLOBAL DEFAULT  ABS f_hci_le_set_ext_scan_param_cmd_handler
  2814: 400028c8     0 NOTYPE  GLOBAL DEFAULT  ABS usb_dc_ep_write
  2815: 400033c0     0 NOTYPE  GLOBAL DEFAULT  ABS r_bt_rtp_apply_rule_cs_idx
  2816: 4000063c     0 NOTYPE  GLOBAL DEFAULT  ABS UartRxString
  2817: 40004c2c     0 NOTYPE  GLOBAL DEFAULT  ABS r_rf_rssi_convert
  2818: 40001c74     0 NOTYPE  GLOBAL DEFAULT  ABS MD5Final
  2819: 3fcefea6     0 NOTYPE  GLOBAL DEFAULT  ABS g_misc_state
  2820: 40006000     0 NOTYPE  GLOBAL DEFAULT  ABS rom_i2cmst_reg_init
  2821: 3ff1f741     0 NOTYPE  GLOBAL DEFAULT  ABS aes_k2_salt
  2822: 4200d4bc   192 FUNC    GLOBAL DEFAULT   12 __d2b
  2823: 40002820     0 NOTYPE  GLOBAL DEFAULT  ABS usb_dc_attach
  2824: 3fcef8f4     0 NOTYPE  GLOBAL DEFAULT  ABS rcLoRaSchedTbl_ptr
  2825: 400033f0     0 NOTYPE  GLOBAL DEFAULT  ABS r_bt_rtp_init
  2826: 400062a0     0 NOTYPE  GLOBAL DEFAULT  ABS rom_bt_get_tx_gain
  2827: 400056ac     0 NOTYPE  GLOBAL DEFAULT  ABS //ppTxPkt
  2828: 40006210     0 NOTYPE  GLOBAL DEFAULT  ABS rom_tsens_index_to_dac
  2829: 40378350    42 FUNC    GLOBAL DEFAULT    7 rtc_clk_slow_freq_get_hz
  2830: 3fceffa8     0 NOTYPE  GLOBAL DEFAULT  ABS bt_rf_coex_cfg_p
  2831: 400049f8     0 NOTYPE  GLOBAL DEFAULT  ABS r_llm_adv_rep_flow_control_check
  2832: 40002ab4     0 NOTYPE  GLOBAL DEFAULT  ABS btdm_dis_privacy_err_report_impl
  2833: 40375e40    62 FUNC    GLOBAL DEFAULT    7 efuse_hal_get_major_chip_version
  2834: 4037ae20     0 FUNC    GLOBAL DEFAULT    7 _frxt_setup_switch
  2835: 40000738     0 NOTYPE  GLOBAL DEFAULT  ABS esp_rom_get_rtc_wake_addr
  2836: 3fc94b00     8 OBJECT  GLOBAL DEFAULT   11 pxCurrentTCBs
  2837: 40004c98     0 NOTYPE  GLOBAL DEFAULT  ABS r_rw_crypto_aes_init
  2838: 42006778   120 FUNC    GLOBAL DEFAULT   12 usb_serial_jtag_write_bytes
  2839: 40375b38   444 FUNC    GLOBAL DEFAULT    7 esp_backtrace_print_from_frame
  2840: 40003d68     0 NOTYPE  GLOBAL DEFAULT  ABS r_llc_le_ping_restart
  2841: 40003180     0 NOTYPE  GLOBAL DEFAULT  ABS r_assert_warn
  2842: 400030f0     0 NOTYPE  GLOBAL DEFAULT  ABS r_aes_ccm_xor_128_msb
  2843: 40001d94     0 NOTYPE  GLOBAL DEFAULT  ABS ets_jtag_enable_temporarily
  2844: 3fcef858     0 NOTYPE  GLOBAL DEFAULT  ABS net80211_funcs
  2845: 40003d74     0 NOTYPE  GLOBAL DEFAULT  ABS r_llc_le_ping_set
  2846: 42001f4c   158 FUNC    GLOBAL DEFAULT   12 esp_ipc_call_nonblocking
  2847: 400016b0     0 NOTYPE  GLOBAL DEFAULT  ABS Cache_Invalidate_Addr
  2848: 40000000     0 NOTYPE  GLOBAL DEFAULT  ABS f_hci_le_rx_test_cmd_handler
  2849: 400022f8     0 NOTYPE  GLOBAL DEFAULT  ABS __fixunsdfsi
  2850: 40003c0c     0 NOTYPE  GLOBAL DEFAULT  ABS r_llc_cleanup
  2851: 4000375c     0 NOTYPE  GLOBAL DEFAULT  ABS r_h4tl_write
  2852: 42007400    16 FUNC    GLOBAL DEFAULT   12 spi_flash_op_unlock
  2853: 40003bd0     0 NOTYPE  GLOBAL DEFAULT  ABS r_ke_timer_set
  2854: 40003540     0 NOTYPE  GLOBAL DEFAULT  ABS r_co_util_pack
  2855: 40004ba8     0 NOTYPE  GLOBAL DEFAULT  ABS r_misc_init
  2856: 400008a0     0 NOTYPE  GLOBAL DEFAULT  ABS esp_rom_spi_set_op_mode
  2857: 40004d88     0 NOTYPE  GLOBAL DEFAULT  ABS r_rwip_half_slot_2_lpcycles
  2858: 40001c14     0 NOTYPE  GLOBAL DEFAULT  ABS _xtos_set_exception_handler
  2859: 40001c9c     0 NOTYPE  GLOBAL DEFAULT  ABS r_lld_con_tx_hook
  2860: 4000573c     0 NOTYPE  GLOBAL DEFAULT  ABS rcampduuprate
  2861: 40001338     0 NOTYPE  GLOBAL DEFAULT  ABS memccpy
  2862: 4037ebd4    34 FUNC    GLOBAL DEFAULT    7 systimer_hal_enable_counter
  2863: 40004a70     0 NOTYPE  GLOBAL DEFAULT  ABS r_llm_cmd_stat_send
  2864: 40002664     0 NOTYPE  GLOBAL DEFAULT  ABS cdc_acm_irq_state_enable
  2865: 40378268    24 FUNC    GLOBAL DEFAULT    7 rtc_clk_8md256_enabled
  2866: 40004f8c     0 NOTYPE  GLOBAL DEFAULT  ABS r_sch_prog_end_isr
  2867: 40004944     0 NOTYPE  GLOBAL DEFAULT  ABS r_lld_test_frm_isr
  2868: 400032dc     0 NOTYPE  GLOBAL DEFAULT  ABS r_bt_rf_coex_conn_phy_coded_data_time_limit_en_get
  2869: 4200cfec    42 FUNC    GLOBAL DEFAULT   12 __i2b
  2870: 40004830     0 NOTYPE  GLOBAL DEFAULT  ABS r_lld_sw_cca_isr
  2871: 4200e130    76 FUNC    GLOBAL DEFAULT   12 esp_startup_start_app
  2872: 3c032460     4 OBJECT  GLOBAL DEFAULT   15 g_spi_lock_main_flash_dev
  2873: 40375734    48 FUNC    GLOBAL DEFAULT    7 esp_reset_reason_set_hint
  2874: 4200879c    14 FUNC    GLOBAL DEFAULT   12 __sfp_lock_acquire
  2875: 40005e80     0 NOTYPE  GLOBAL DEFAULT  ABS rom_phy_enable_cca
  2876: 40377d84     7 FUNC    GLOBAL DEFAULT    7 esp_mspi_32bit_address_flash_feature_check
  2877: 400038a0     0 NOTYPE  GLOBAL DEFAULT  ABS r_hci_look_for_le_evt_desc_esp
  2878: 40004218     0 NOTYPE  GLOBAL DEFAULT  ABS r_lld_con_evt_sd_evt_time_get
  2879: 40003ca8     0 NOTYPE  GLOBAL DEFAULT  ABS r_llc_hci_cmd_handler_tab_p_get
  2880: 40000000     0 NOTYPE  GLOBAL DEFAULT  ABS f_ll_enc_rsp_handler
  2881: 40000000     0 NOTYPE  GLOBAL DEFAULT  ABS f_hci_le_start_enc_cmd_handler
  2882: 40000000     0 NOTYPE  GLOBAL DEFAULT  ABS llm_scan_period_to_handler
  2883: 00000000     0 NOTYPE  GLOBAL DEFAULT    5 _rtc_fast_length
  2884: 40000000     0 NOTYPE  GLOBAL DEFAULT  ABS lld_con_estab_ind_handler
  2885: 40004314     0 NOTYPE  GLOBAL DEFAULT  ABS r_lld_con_rx_llcp_check
  2886: 400041c4     0 NOTYPE  GLOBAL DEFAULT  ABS r_lld_con_data_len_update
  2887: 400046a4     0 NOTYPE  GLOBAL DEFAULT  ABS r_lld_rpa_renew_evt_canceled_cbk
  2888: 400059f4     0 NOTYPE  GLOBAL DEFAULT  ABS ampdu_dispatch_upto
  2889: 4000132c     0 NOTYPE  GLOBAL DEFAULT  ABS toascii
  2890: 4200830c    28 FUNC    GLOBAL DEFAULT   12 esp_partition_get
  2891: 3fc923c0     0 OBJECT  GLOBAL DEFAULT    9 _xt_coproc_owner_sa_lock
  2892: 40375ef4   110 FUNC    GLOBAL DEFAULT    7 heap_caps_malloc_default
  2893: 40005d00     0 NOTYPE  GLOBAL DEFAULT  ABS rom_en_pwdet
  2894: 4037ba94   103 FUNC    GLOBAL DEFAULT    7 vTaskDelay
  2895: 403752f0   100 FUNC    GLOBAL DEFAULT    7 do_multicore_settings
  2896: 40004488     0 NOTYPE  GLOBAL DEFAULT  ABS r_lld_init_process_pkt_rx_adv_ind_or_direct_ind
  2897: 40001b24     0 NOTYPE  GLOBAL DEFAULT  ABS gpio_pad_unhold
  2898: 400007c8     0 NOTYPE  GLOBAL DEFAULT  ABS tdefl_compress_mem_to_heap
  2899: 40002154     0 NOTYPE  GLOBAL DEFAULT  ABS ets_secure_boot_read_key_digests
  2900: 4000267c     0 NOTYPE  GLOBAL DEFAULT  ABS cdc_acm_irq_tx_ready
  2901: 400018b4     0 NOTYPE  GLOBAL DEFAULT  ABS rom_Cache_Suspend_DCache
  2902: 40004710     0 NOTYPE  GLOBAL DEFAULT  ABS r_lld_scan_evt_start_cbk
  2903: 400036d8     0 NOTYPE  GLOBAL DEFAULT  ABS r_h4tl_read_hdr
  2904: 400044c4     0 NOTYPE  GLOBAL DEFAULT  ABS r_lld_init_set_tx_power
  2905: 40003834     0 NOTYPE  GLOBAL DEFAULT  ABS r_hci_fc_acl_buf_size_set
  2906: 40002aa8     0 NOTYPE  GLOBAL DEFAULT  ABS btdm_controller_rom_data_init
  2907: 40004a40     0 NOTYPE  GLOBAL DEFAULT  ABS r_llm_aes_res_cb
  2908: 4000360c     0 NOTYPE  GLOBAL DEFAULT  ABS r_emi_alloc_em_mapping_by_offset
  2909: 40000600     0 NOTYPE  GLOBAL DEFAULT  ABS ets_delay_us
  2910: 4037e9e8    34 FUNC    GLOBAL DEFAULT    7 spi_flash_hal_resume
  2911: 3fc94b98    84 OBJECT  GLOBAL DEFAULT   11 __lock___dd_hash_mutex
  2912: 40002448     0 NOTYPE  GLOBAL DEFAULT  ABS __mulsi3
  2913: 400022ec     0 NOTYPE  GLOBAL DEFAULT  ABS __fixsfsi
  2914: 40003d44     0 NOTYPE  GLOBAL DEFAULT  ABS r_llc_iv_skd_rand_gen
  2915: 40004e18     0 NOTYPE  GLOBAL DEFAULT  ABS r_rwip_timer_10ms_set
  2916: 40003990     0 NOTYPE  GLOBAL DEFAULT  ABS r_ke_event_clear
  2917: 40001cc8     0 NOTYPE  GLOBAL DEFAULT  ABS r_lld_per_adv_frm_isr_hook
  2918: 42008b30    57 FUNC    GLOBAL DEFAULT   12 __swrite
  2919: 400055b0     0 NOTYPE  GLOBAL DEFAULT  ABS ppGetTxQFirstAvail_Locked
  2920: 42001100    50 FUNC    GLOBAL DEFAULT   12 esp_rtc_init
  2921: 40005070     0 NOTYPE  GLOBAL DEFAULT  ABS r_sdk_config_set_hl_derived_opts
  2922: 403773d4    10 FUNC    GLOBAL DEFAULT    7 esp_flash_encryption_enabled
  2923: 4037ebf8    33 FUNC    GLOBAL DEFAULT    7 systimer_hal_connect_alarm_counter
  2924: 40003630     0 NOTYPE  GLOBAL DEFAULT  ABS r_emi_free_em_mapping_by_offset
  2925: 40004794     0 NOTYPE  GLOBAL DEFAULT  ABS r_lld_scan_process_pkt_rx_aux_scan_rsp
  2926: 40000000     0 NOTYPE  GLOBAL DEFAULT  ABS f_hci_le_set_ext_adv_param_cmd_handler
  2927: 400033a8     0 NOTYPE  GLOBAL DEFAULT  ABS r_bt_rma_register_rule_cs_idx
  2928: 42003b5c   126 FUNC    GLOBAL DEFAULT   12 esp_mprot_set_pms_lock
  2929: 4000549c     0 NOTYPE  GLOBAL DEFAULT  ABS pm_is_waked
  2930: 4000438c     0 NOTYPE  GLOBAL DEFAULT  ABS r_lld_con_tx_len_update_for_intv
  2931: 4037b360   105 FUNC    GLOBAL DEFAULT    7 vListInsert
  2932: 40004f98     0 NOTYPE  GLOBAL DEFAULT  ABS r_sch_prog_init
  2933: 40005e68     0 NOTYPE  GLOBAL DEFAULT  ABS rom_phy_byte_to_word
  2934: 40003f90     0 NOTYPE  GLOBAL DEFAULT  ABS r_llc_ver_proc_err_cb
  2935: 40001cf8     0 NOTYPE  GLOBAL DEFAULT  ABS ets_sha_disable
  2936: 400013e0     0 NOTYPE  GLOBAL DEFAULT  ABS strncat
  2937: 42008458   197 FUNC    GLOBAL DEFAULT   12 _fclose_r
  2938: 400044a0     0 NOTYPE  GLOBAL DEFAULT  ABS r_lld_init_process_pkt_tx
  2939: 40002400     0 NOTYPE  GLOBAL DEFAULT  ABS __modsi3
  2940: 40001c44     0 NOTYPE  GLOBAL DEFAULT  ABS _xtos_set_vpri
  2941: 40005034     0 NOTYPE  GLOBAL DEFAULT  ABS r_sdk_config_get_bt_sleep_enable
  2942: 400014f4     0 NOTYPE  GLOBAL DEFAULT  ABS strtoul
  2943: 403743c0     0 NOTYPE  GLOBAL DEFAULT    6 _DoubleExceptionVector
  2944: 40001a28     0 NOTYPE  GLOBAL DEFAULT  ABS rom_config_data_cache_mode
  2945: 40381e00     0 NOTYPE  GLOBAL DEFAULT  ABS _iram_data_start
  2946: 40003e28     0 NOTYPE  GLOBAL DEFAULT  ABS r_llc_loc_encrypt_proc_continue
  2947: 40379198    24 FUNC    GLOBAL DEFAULT    7 esp_cache_unfreeze_caches_enable_interrupts
  2948: 3fcef94c     0 NOTYPE  GLOBAL DEFAULT  ABS our_wait_eb
  2949: 42001720    86 FUNC    GLOBAL DEFAULT   12 esp_panic_handler_enable_rtc_wdt
  2950: 40000000     0 NOTYPE  GLOBAL DEFAULT  ABS f_hci_le_set_ext_adv_data_cmd_handler
  2951: 40003eb8     0 NOTYPE  GLOBAL DEFAULT  ABS r_llc_proc_state_get
  2952: 4200d8b4    36 FUNC    GLOBAL DEFAULT   12 esp_cpu_set_breakpoint
  2953: 4000453c     0 NOTYPE  GLOBAL DEFAULT  ABS r_lld_per_adv_data_update
  2954: 40006234     0 NOTYPE  GLOBAL DEFAULT  ABS rom_code_to_temp
  2955: 42007fc4    44 FUNC    GLOBAL DEFAULT   12 esp_cpu_configure_region_protection
  2956: 40001c78     0 NOTYPE  GLOBAL DEFAULT  ABS r_lld_scan_process_pkt_rx_ext_adv_hook
  2957: 40001a7c     0 NOTYPE  GLOBAL DEFAULT  ABS ets_get_xtal_freq
  2958: 40380840    62 FUNC    GLOBAL DEFAULT    7 spi_flash_chip_generic_yield
  2959: 4037a524    52 FUNC    GLOBAL DEFAULT    7 xQueueGetMutexHolder
  2960: 40004adc     0 NOTYPE  GLOBAL DEFAULT  ABS r_llm_is_wl_accessible
  2961: 403775c0     8 FUNC    GLOBAL DEFAULT    7 spi_flash_restore_cache
  2962: 400037a4     0 NOTYPE  GLOBAL DEFAULT  ABS r_hci_ble_conhdl_register
  2963: 403774d8    74 FUNC    GLOBAL DEFAULT    7 esp_mmu_paddr_find_caps
  2964: 400024c0     0 NOTYPE  GLOBAL DEFAULT  ABS __paritysi2
  2965: 40005700     0 NOTYPE  GLOBAL DEFAULT  ABS rcGetAmpduSched
  2966: 40000000     0 NOTYPE  GLOBAL DEFAULT  ABS r_lld_init_process_pkt_rx_adv_ext_ind
  2967: 4037ce14   108 FUNC    GLOBAL DEFAULT    7 xTaskIncrementTickOtherCores
  2968: 4200e67c     0 NOTYPE  GLOBAL DEFAULT  ABS _instruction_reserved_end
  2969: 40000000     0 NOTYPE  GLOBAL DEFAULT  ABS f_ll_enc_req_handler
  2970: 40001260    18 FUNC    GLOBAL DEFAULT  ABS bzero
  2971: 40005c40     0 NOTYPE  GLOBAL DEFAULT  ABS coex_wifi_release
  2972: 40002bd4     0 NOTYPE  GLOBAL DEFAULT  ABS hci_rd_tx_pwr_lvl_cmd_handler
  2973: 4200ce98   134 FUNC    GLOBAL DEFAULT   12 _Balloc
  2974: 40003b64     0 NOTYPE  GLOBAL DEFAULT  ABS r_ke_task_schedule
  2975: 40003a44     0 NOTYPE  GLOBAL DEFAULT  ABS r_ke_mem_is_in_heap
  2976: 3c032f94     0 NOTYPE  GLOBAL DEFAULT  ABS _lit4_end
  2977: 3ff1f6d2     0 NOTYPE  GLOBAL DEFAULT  ABS co_phy_mask_to_value
  2978: 40000000     0 NOTYPE  GLOBAL DEFAULT  ABS r_lld_ext_adv_dynamic_pti_process
  2979: 40003c00     0 NOTYPE  GLOBAL DEFAULT  ABS r_llc_ch_map_up_proc_err_cb
  2980: 40003c30     0 NOTYPE  GLOBAL DEFAULT  ABS r_llc_con_move_cbk
  2981: 3fc9331c     8 OBJECT  GLOBAL DEFAULT    9 g_flash_guard_default_ops
  2982: 40001db8     0 NOTYPE  GLOBAL DEFAULT  ABS ets_aes_setkey
  2983: 40003150     0 NOTYPE  GLOBAL DEFAULT  ABS r_aes_start
  2984: 40001bfc     0 NOTYPE  GLOBAL DEFAULT  ABS _xtos_ints_on
  2985: 42007fb0    18 FUNC    GLOBAL DEFAULT   12 spi_flash_hal_supports_direct_read
  2986: 4037a0d8    28 FUNC    GLOBAL DEFAULT    7 Cache_Freeze_ICache_Enable
  2987: 403812a0    50 FUNC    GLOBAL DEFAULT    7 spi_flash_chip_xmic_opi_config_host_io_mode
  2988: 40003a08     0 NOTYPE  GLOBAL DEFAULT  ABS r_ke_init
  2989: 40002508     0 NOTYPE  GLOBAL DEFAULT  ABS __subsf3
  2990: 40374200     0 FUNC    GLOBAL DEFAULT    6 _Level4Vector
  2991: 40002658     0 NOTYPE  GLOBAL DEFAULT  ABS cdc_acm_irq_tx_disable
  2992: 40000630     0 NOTYPE  GLOBAL DEFAULT  ABS ets_apb_backup_init_lock_func
  2993: 400040bc     0 NOTYPE  GLOBAL DEFAULT  ABS r_lld_adv_restart
  2994: 40005748     0 NOTYPE  GLOBAL DEFAULT  ABS rcClearCurAMPDUSched
  2995: 3fcef8ac     0 NOTYPE  GLOBAL DEFAULT  ABS g_tx_done_cb_func
  2996: 40005fac     0 NOTYPE  GLOBAL DEFAULT  ABS rom_enable_wifi_agc
  2997: 40002244     0 NOTYPE  GLOBAL DEFAULT  ABS __divdc3
  2998: 40380e78    52 FUNC    GLOBAL DEFAULT    7 spi_flash_common_read_status_8b_rdsr
  2999: 3c032f94     0 NOTYPE  GLOBAL DEFAULT  ABS _thread_local_end
  3000: 400043ec     0 NOTYPE  GLOBAL DEFAULT  ABS r_lld_hw_cca_isr
  3001: 400042f0     0 NOTYPE  GLOBAL DEFAULT  ABS r_lld_con_rx_enc
  3002: 4037647c    66 FUNC    GLOBAL DEFAULT    7 esp_intr_noniram_enable
  3003: 3fc94c68     1 OBJECT  GLOBAL DEFAULT   11 g_twdt_isr
  3004: 00000000     0 NOTYPE  GLOBAL DEFAULT  UND start_app
  3005: 42001004    16 FUNC    GLOBAL DEFAULT   12 startup_resume_other_cores
  3006: 40002394     0 NOTYPE  GLOBAL DEFAULT  ABS __gesf2
  3007: 40004d34     0 NOTYPE  GLOBAL DEFAULT  ABS r_rwbtdm_isr_wrapper
  3008: 40005b68     0 NOTYPE  GLOBAL DEFAULT  ABS esp_coex_rom_version_get
  3009: 3ff1eec3     0 NOTYPE  GLOBAL DEFAULT  ABS one_bits
  3010: 40004068     0 NOTYPE  GLOBAL DEFAULT  ABS r_lld_adv_frm_isr
  3011: 40002ac0     0 NOTYPE  GLOBAL DEFAULT  ABS btdm_disable_adv_delay_impl
  3012: 40381d28     0 FUNC    GLOBAL DEFAULT    7 _xt_coproc_savecs
  3013: 3fcef9a4     0 NOTYPE  GLOBAL DEFAULT  ABS hci_command_handler_tab_esp
  3014: 40000000     0 NOTYPE  GLOBAL DEFAULT  ABS f_hci_le_rd_max_adv_data_len_cmd_handler
  3015: 40000000     0 NOTYPE  GLOBAL DEFAULT  ABS f_lld_scan_end_ind_handler_hack
  3016: 40001ce0     0 NOTYPE  GLOBAL DEFAULT  ABS esp_crc8
  3017: 4000588c     0 NOTYPE  GLOBAL DEFAULT  ABS wDev_IndicateAmpdu
  3018: 40380c00   125 FUNC    GLOBAL DEFAULT    7 spi_flash_chip_generic_wait_idle
  3019: 40000dbc     0 NOTYPE  GLOBAL DEFAULT  ABS wdt_hal_init
  3020: 40001b90    14 FUNC    GLOBAL DEFAULT  ABS ets_isr_unmask
  3021: 40001668     0 NOTYPE  GLOBAL DEFAULT  ABS ROM_Boot_Cache_Init
  3022: 40001f20     0 NOTYPE  GLOBAL DEFAULT  ABS ets_efuse_cache_encryption_enabled
  3023: 40004158     0 NOTYPE  GLOBAL DEFAULT  ABS r_lld_ch_idx_get
  3024: 3fceffc0     0 NOTYPE  GLOBAL DEFAULT  ABS ets_ecc_table_ptr
  3025: 40001fbc     0 NOTYPE  GLOBAL DEFAULT  ABS ets_efuse_security_download_modes_enabled
  3026: 40000574     0 NOTYPE  GLOBAL DEFAULT  ABS _rom_eco_version
  3027: 40004b84     0 NOTYPE  GLOBAL DEFAULT  ABS r_llm_tx_path_comp_get
  3028: 3fc94b20     8 OBJECT  GLOBAL DEFAULT   11 port_interruptNesting
  3029: 40005f58     0 NOTYPE  GLOBAL DEFAULT  ABS rom_target_power_add_backoff
  3030: 40001b54     0 NOTYPE  GLOBAL DEFAULT  ABS intr_matrix_set
  3031: 400049e0     0 NOTYPE  GLOBAL DEFAULT  ABS r_llm_adv_con_len_check
  3032: 50000000     0 NOTYPE  GLOBAL DEFAULT  ABS _rtc_data_start
  3033: 3c032ee0     0 NOTYPE  GLOBAL DEFAULT  ABS __XT_EXCEPTION_DESCS_END__
  3034: 403767d4    72 FUNC    GLOBAL DEFAULT    7 _lock_release
  3035: 40004380     0 NOTYPE  GLOBAL DEFAULT  ABS r_lld_con_tx_len_update
  3036: 400037e0     0 NOTYPE  GLOBAL DEFAULT  ABS r_hci_build_evt
  3037: 40000000     0 NOTYPE  GLOBAL DEFAULT  ABS lld_acl_rx_ind_handler
  3038: 40002d54     0 NOTYPE  GLOBAL DEFAULT  ABS llc_ll_connection_param_rsp_pdu_send
  3039: 40006144     0 NOTYPE  GLOBAL DEFAULT  ABS rom_get_i2c_mst0_mask
  3040: 4000369c     0 NOTYPE  GLOBAL DEFAULT  ABS r_h4tl_eif_io_event_post
  3041: 3fc94530   124 OBJECT  GLOBAL DEFAULT    9 esp_flash_chip_th
  3042: 40003864     0 NOTYPE  GLOBAL DEFAULT  ABS r_hci_fc_host_nb_acl_pkts_complete
  3043: 42008b6c    58 FUNC    GLOBAL DEFAULT   12 __sseek
  3044: 4000258c     0 FUNC    GLOBAL DEFAULT  ABS __unorddf2
  3045: 4200d628     5 FUNC    GLOBAL DEFAULT   12 esp_security_init_include_impl
  3046: 4037e5f0    54 FUNC    GLOBAL DEFAULT    7 spi_flash_hal_set_write_protect
  3047: 4037b318    12 FUNC    GLOBAL DEFAULT    7 vListInitialiseItem
  3048: 4038006c    40 FUNC    GLOBAL DEFAULT    7 calloc
  3049: 40376428    84 FUNC    GLOBAL DEFAULT    7 esp_intr_noniram_disable
  3050: 3fcef8e4     0 NOTYPE  GLOBAL DEFAULT  ABS g_pm_ptr
  3051: 400044b8     0 NOTYPE  GLOBAL DEFAULT  ABS r_lld_init_sched
  3052: 40380f98    31 FUNC    GLOBAL DEFAULT    7 spi_flash_chip_issi_probe
  3053: 4037af94     0 FUNC    GLOBAL DEFAULT    7 vPortYieldFromInt
  3054: 4037e9b8    15 FUNC    GLOBAL DEFAULT    7 spi_flash_hal_poll_cmd_done
  3055: 40000690     0 NOTYPE  GLOBAL DEFAULT  ABS esp_rom_output_flush_tx
  3056: 40002cdc     0 NOTYPE  GLOBAL DEFAULT  ABS ll_slave_feature_req_handler
  3057: 3c032ee0     0 NOTYPE  GLOBAL DEFAULT  ABS __XT_EXCEPTION_TABLE_
  3058: 4000309c     0 NOTYPE  GLOBAL DEFAULT  ABS r_SubtractBigHexUint32_256
  3059: 40380b04   146 FUNC    GLOBAL DEFAULT    7 spi_flash_chip_generic_erase_block
  3060: 400037f8     0 NOTYPE  GLOBAL DEFAULT  ABS r_hci_cmd_get_max_param_size
  3061: 3fc94b44    84 OBJECT  GLOBAL DEFAULT   11 __lock___sinit_recursive_mutex
  3062: 40003b34     0 NOTYPE  GLOBAL DEFAULT  ABS r_ke_task_handler_get
  3063: 40005760     0 NOTYPE  GLOBAL DEFAULT  ABS rcClearCurStat
  3064: 4000606c     0 NOTYPE  GLOBAL DEFAULT  ABS rom_set_rx_comp
  3065: 400033d8     0 NOTYPE  GLOBAL DEFAULT  ABS r_bt_rtp_deregister_rule_cs_idx
  3066: 4200d68c     5 FUNC    GLOBAL DEFAULT   12 newlib_include_syscalls_impl
  3067: 400018c0     0 NOTYPE  GLOBAL DEFAULT  ABS Cache_Resume_DCache
  3068: 40381e00     0 NOTYPE  GLOBAL DEFAULT  ABS _iram_text_end
  3069: 40001c68     0 NOTYPE  GLOBAL DEFAULT  ABS r_llc_rem_phy_upd_proc_continue_hook
  3070: 40004d7c     0 NOTYPE  GLOBAL DEFAULT  ABS r_rwip_eif_get
  3071: 40005ff4     0 NOTYPE  GLOBAL DEFAULT  ABS rom_tx_paon_set
  3072: 40003300     0 NOTYPE  GLOBAL DEFAULT  ABS r_bt_rf_coex_legacy_adv_dynamic_pti_en_get
  3073: 42004294   270 FUNC    GLOBAL DEFAULT   12 esp_mprot_set_monitor_en
  3074: 40003984     0 NOTYPE  GLOBAL DEFAULT  ABS r_ke_event_callback_set
  3075: 3fcef928     0 NOTYPE  GLOBAL DEFAULT  ABS s_fragment_ptr
  3076: 400053ac     0 NOTYPE  GLOBAL DEFAULT  ABS lmacRxDone
  3077: 40005d90     0 NOTYPE  GLOBAL DEFAULT  ABS rom_iq_est_enable
  3078: 40377068     0 FUNC    WEAK   DEFAULT    7 xt_nmi
  3079: 40375a48    36 FUNC    GLOBAL DEFAULT    7 xt_unhandled_exception
  3080: 40004b90     0 NOTYPE  GLOBAL DEFAULT  ABS r_misc_deinit
  3081: 40003ad4     0 NOTYPE  GLOBAL DEFAULT  ABS r_ke_queue_extract
  3082: 40003f18     0 NOTYPE  GLOBAL DEFAULT  ABS r_llc_rem_dl_upd_proc
  3083: 4000321c     0 NOTYPE  GLOBAL DEFAULT  ABS r_ble_util_buf_get_rx_buf_size
  3084: 3fcefef0     0 NOTYPE  GLOBAL DEFAULT  ABS btdm_slp_err
  3085: 40006348     0 NOTYPE  GLOBAL DEFAULT  ABS rom_phy_wakeup_init
  3086: 40000810     0 NOTYPE  GLOBAL DEFAULT  ABS tdefl_write_image_to_png_file_in_memory
  3087: 40005160     0 NOTYPE  GLOBAL DEFAULT  ABS r_lld_adv_pkt_rx_connect_post
  3088: 40002964     0 NOTYPE  GLOBAL DEFAULT  ABS usb_set_config
  3089: 3fcef824     0 NOTYPE  GLOBAL DEFAULT  ABS g_coa_funcs_p
  3090: 40005580     0 NOTYPE  GLOBAL DEFAULT  ABS ppDequeueTxQ
  3091: 40380708    29 FUNC    GLOBAL DEFAULT    7 spi_flash_chip_generic_suspend_cmd_conf
  3092: 40003bac     0 NOTYPE  GLOBAL DEFAULT  ABS r_ke_timer_clear
  3093: 4037bce0   728 FUNC    GLOBAL DEFAULT    7 xTaskIncrementTick
  3094: 40005940     0 NOTYPE  GLOBAL DEFAULT  ABS ppDequeueTxDone_Locked
  3095: 40002718     0 NOTYPE  GLOBAL DEFAULT  ABS chip_usb_get_persist_flags
  3096: 40377d5c    40 FUNC    GLOBAL DEFAULT    7 efuse_hal_flash_encryption_enabled
  3097: 420022e8   575 FUNC    GLOBAL DEFAULT   12 heap_caps_init
  3098: 3ff1f4e8     0 NOTYPE  GLOBAL DEFAULT  ABS hci_cmd_desc_root_tab
  3099: 40002eb0     0 NOTYPE  GLOBAL DEFAULT  ABS llc_op_ver_exch_ind_handler
  3100: 42001618    52 FUNC    GLOBAL DEFAULT   12 esp_int_wdt_cpu_init
  3101: 3fc91e60     4 OBJECT  GLOBAL DEFAULT    9 g_rtc_dbias_pvt_240m
  3102: 4000642c     0 NOTYPE  GLOBAL DEFAULT  ABS rom_rx_gain_force
  3103: 400031d4     0 NOTYPE  GLOBAL DEFAULT  ABS r_ble_util_buf_adv_tx_alloc
  3104: 4200d648     5 FUNC    GLOBAL DEFAULT   12 esp_sleep_gpio_include
  3105: 4037a8ec   261 FUNC    GLOBAL DEFAULT    7 xQueueSemaphoreTake
  3106: 40005694     0 NOTYPE  GLOBAL DEFAULT  ABS ppSubFromAMPDU
  3107: 40004824     0 NOTYPE  GLOBAL DEFAULT  ABS r_lld_sw_cca_evt_handler
  3108: 42007514    36 FUNC    GLOBAL DEFAULT   12 spi_flash_cache2phys
  3109: 40378c50   687 FUNC    GLOBAL DEFAULT    7 rtc_clk_cal_internal
  3110: 40004674     0 NOTYPE  GLOBAL DEFAULT  ABS r_lld_res_list_priv_mode_update
  3111: 40003750     0 NOTYPE  GLOBAL DEFAULT  ABS r_h4tl_tx_evt_handler
  3112: 40001cc4     0 NOTYPE  GLOBAL DEFAULT  ABS r_lld_per_adv_evt_start_cbk_hook
  3113: 400036a8     0 NOTYPE  GLOBAL DEFAULT  ABS r_h4tl_eif_register
  3114: 4200d660     5 FUNC    GLOBAL DEFAULT   12 newlib_include_init_funcs
  3115: 40001bf0     0 NOTYPE  GLOBAL DEFAULT  ABS _xtos_ints_off
  3116: 4037ec84   118 FUNC    GLOBAL DEFAULT    7 multi_heap_aligned_alloc_offs
  3117: 40001d1c     0 NOTYPE  GLOBAL DEFAULT  ABS ets_sha_process
  3118: 4200d594     5 FUNC    GLOBAL DEFAULT   12 esp_efuse_startup_include_func
  3119: 40377f0c    43 FUNC    GLOBAL DEFAULT    7 esp_ptr_byte_accessible
  3120: 40003474     0 NOTYPE  GLOBAL DEFAULT  ABS r_co_bdaddr_compare
  3121: 400057cc     0 NOTYPE  GLOBAL DEFAULT  ABS rcUpSched
  3122: 40374340     0 FUNC    GLOBAL DEFAULT    6 _UserExceptionVector
  3123: 3fc94c50     4 OBJECT  GLOBAL DEFAULT   11 esp_flash_default_chip
  3124: 4200d6c4     5 FUNC    GLOBAL DEFAULT   12 __cxx_init_dummy
  3125: 40002418     0 FUNC    GLOBAL DEFAULT  ABS __muldf3
  3126: 40378a2c    44 FUNC    GLOBAL DEFAULT    7 rtc_clk_cpu_set_to_default_config
  3127: 40005250     0 NOTYPE  GLOBAL DEFAULT  ABS esp_pp_rom_version_get
  3128: 4037d5e0   105 FUNC    GLOBAL DEFAULT    7 mmu_hal_paddr_to_vaddr
  3129: 3fcefe18     0 NOTYPE  GLOBAL DEFAULT  ABS hci_fc_env
  3130: 400063b4     0 NOTYPE  GLOBAL DEFAULT  ABS rom_noise_check_loop
  3131: 40006078     0 NOTYPE  GLOBAL DEFAULT  ABS rom_set_pbus_reg
  3132: 40381be4     0 FUNC    GLOBAL DEFAULT    7 _xt_context_save
  3133: 40005004     0 NOTYPE  GLOBAL DEFAULT  ABS r_sch_slice_fg_remove
  3134: 4000372c     0 NOTYPE  GLOBAL DEFAULT  ABS r_h4tl_start
  3135: 40002f94     0 NOTYPE  GLOBAL DEFAULT  ABS lld_phy_upd_cfm_handler
  3136: 40002df0     0 NOTYPE  GLOBAL DEFAULT  ABS llc_ll_ping_rsp_pdu_send
  3137: 400030d8     0 NOTYPE  GLOBAL DEFAULT  ABS r_aes_ccm_process_e
  3138: 42008294   104 FUNC    GLOBAL DEFAULT   12 esp_partition_find
  3139: 4200d668    11 FUNC    GLOBAL DEFAULT   12 _getpid_r
  3140: 40002a24     0 NOTYPE  GLOBAL DEFAULT  ABS dfu_class_handle_req
  3141: 400055bc     0 NOTYPE  GLOBAL DEFAULT  ABS ppGetTxframe
  3142: 42007f9c    18 FUNC    GLOBAL DEFAULT   12 spi_flash_hal_supports_direct_write
  3143: 420061ac  1006 FUNC    GLOBAL DEFAULT   12 pq_infer
  3144: 400006f0     0 NOTYPE  GLOBAL DEFAULT  ABS assist_debug_clock_enable
  3145: 6003f000     0 NOTYPE  GLOBAL DEFAULT  ABS GDMA
  3146: 3fcef8ec     0 NOTYPE  GLOBAL DEFAULT  ABS trc_ctl_ptr
  3147: 40374050     0 NOTYPE  GLOBAL DEFAULT    6 _xt_alloca_exc
  3148: 40374080     0 NOTYPE  GLOBAL DEFAULT    6 _WindowOverflow8
  3149: 3ff1ff5c     0 NOTYPE  GLOBAL DEFAULT  ABS DebugE256SecretKey
  3150: 40002568     0 NOTYPE  GLOBAL DEFAULT  ABS __udiv_w_sdiv
  3151: 3fc947e8     4 OBJECT  GLOBAL DEFAULT   11 _putc2
  3152: 40001d7c     0 NOTYPE  GLOBAL DEFAULT  ABS ets_hmac_calculate_downstream
  3153: 40003a50     0 NOTYPE  GLOBAL DEFAULT  ABS r_ke_msg_alloc
  3154: 40003378     0 NOTYPE  GLOBAL DEFAULT  ABS r_bt_rma_deregister_rule_cs_idx
  3155: 3c014220     4 OBJECT  GLOBAL DEFAULT   15 soc_memory_region_count
  3156: 40003594     0 NOTYPE  GLOBAL DEFAULT  ABS r_dump_data
  3157: 400050a0     0 NOTYPE  GLOBAL DEFAULT  ABS r_vhci_flow_off
  3158: 3fceff7c     0 NOTYPE  GLOBAL DEFAULT  ABS p_ble_util_buf_env
  3159: 40378334    27 FUNC    GLOBAL DEFAULT    7 rtc_clk_slow_src_get
  3160: 40375ffc    74 FUNC    GLOBAL DEFAULT    7 heap_caps_free
  3161: 40005cdc     0 NOTYPE  GLOBAL DEFAULT  ABS rom_chip_i2c_writeReg
  3162: 400034f8     0 NOTYPE  GLOBAL DEFAULT  ABS r_co_list_pop_front
  3163: 40378280   179 FUNC    GLOBAL DEFAULT    7 rtc_clk_slow_src_set
  3164: 40005754     0 NOTYPE  GLOBAL DEFAULT  ABS rcClearCurSched
  3165: 40003024     0 NOTYPE  GLOBAL DEFAULT  ABS r_AddP256
  3166: 40003ee8     0 NOTYPE  GLOBAL DEFAULT  ABS r_llc_proc_unreg
  3167: 4200881c   683 FUNC    GLOBAL DEFAULT   12 __sfvwrite_r
  3168: 40004fd4     0 NOTYPE  GLOBAL DEFAULT  ABS r_sch_slice_bg_add
  3169: 4200839c    20 FUNC    GLOBAL DEFAULT   12 esp_ota_get_running_partition
  3170: 40006138     0 NOTYPE  GLOBAL DEFAULT  ABS rom_phy_pwdet_onetime_en
  3171: 40004f50     0 NOTYPE  GLOBAL DEFAULT  ABS r_sch_plan_offset_req
  3172: 4000624c     0 NOTYPE  GLOBAL DEFAULT  ABS rom_pll_correct_dcap
  3173: 40003654     0 NOTYPE  GLOBAL DEFAULT  ABS r_emi_overwrite_em_mapping_by_offset
  3174: 40000000     0 NOTYPE  GLOBAL DEFAULT  ABS r_lld_scan_trunc_ind
  3175: 40381e00     0 NOTYPE  GLOBAL DEFAULT  ABS _iram_bss_end
  3176: 40380eac    48 FUNC    GLOBAL DEFAULT    7 spi_flash_common_write_status_8b_wrsr
  3177: 40003c18     0 NOTYPE  GLOBAL DEFAULT  ABS r_llc_cmd_cmp_send
  3178: 40374000     0 NOTYPE  GLOBAL DEFAULT    6 _WindowOverflow4
  3179: 3fcef924     0 NOTYPE  GLOBAL DEFAULT  ABS if_ctrl_ptr
  3180: 40004ec0     0 NOTYPE  GLOBAL DEFAULT  ABS r_sch_arb_elt_cancel
  3181: 3ff1ef57     0 NOTYPE  GLOBAL DEFAULT  ABS hci_rsvd_evt_msk
  3182: 40001cbc     0 NOTYPE  GLOBAL DEFAULT  ABS crc16_be
  3183: 42007410   186 FUNC    GLOBAL DEFAULT   12 spi_flash_mmap
  3184: 400043d4     0 NOTYPE  GLOBAL DEFAULT  ABS r_lld_hw_cca_end_isr
  3185: 40003900     0 NOTYPE  GLOBAL DEFAULT  ABS r_hci_tl_get_pkt
  3186: 40004368     0 NOTYPE  GLOBAL DEFAULT  ABS r_lld_con_tx_enc
  3187: 3fcefb98     0 NOTYPE  GLOBAL DEFAULT  ABS sch_arb_env
  3188: 40001c6c     0 NOTYPE  GLOBAL DEFAULT  ABS r_lld_scan_frm_eof_isr_hook
  3189: 400063cc     0 NOTYPE  GLOBAL DEFAULT  ABS rom_phy_xpd_tsens
  3190: 40003798     0 NOTYPE  GLOBAL DEFAULT  ABS r_hci_ble_adv_report_tx_check
  3191: 40001b0c     0 NOTYPE  GLOBAL DEFAULT  ABS esp_rom_gpio_pad_select_gpio
  3192: 40001be4     8 FUNC    GLOBAL DEFAULT  ABS xthal_set_intclear
  3193: 40004188     0 NOTYPE  GLOBAL DEFAULT  ABS r_lld_con_activity_offset_compute
  3194: 40001c38     0 NOTYPE  GLOBAL DEFAULT  ABS _xtos_set_intlevel
  3195: 40002280     0 NOTYPE  GLOBAL DEFAULT  ABS __divsi3
  3196: 3fcef9e0     0 NOTYPE  GLOBAL DEFAULT  ABS g_bt_plf_log_level
  3197: 6001f000     0 NOTYPE  GLOBAL DEFAULT  ABS TIMERG0
  3198: 40003e58     0 NOTYPE  GLOBAL DEFAULT  ABS r_llc_loc_phy_upd_proc_err_cb
  3199: 40003210     0 NOTYPE  GLOBAL DEFAULT  ABS r_ble_util_buf_get_rx_buf_nb
  3200: 4000264c     0 NOTYPE  GLOBAL DEFAULT  ABS cdc_acm_irq_tx_enable
  3201: 40001c90     0 NOTYPE  GLOBAL DEFAULT  ABS r_lld_adv_start_init_evt_param_hook
  3202: 40378040    93 FUNC    GLOBAL DEFAULT    7 mspi_timing_set_pin_drive_strength
  3203: 3ff1f098     0 NOTYPE  GLOBAL DEFAULT  ABS hci_cmd_desc_tab_lk_ctrl
  3204: 40004d04     0 NOTYPE  GLOBAL DEFAULT  ABS r_rw_v9_init_em_radio_table
  3205: 40002f7c     0 NOTYPE  GLOBAL DEFAULT  ABS lld_per_adv_rx_end_ind_handler
  3206: 40000000     0 NOTYPE  GLOBAL DEFAULT  ABS lld_init_end_ind_handler
  3207: 60020000     0 NOTYPE  GLOBAL DEFAULT  ABS TIMERG1
  3208: 40004644     0 NOTYPE  GLOBAL DEFAULT  ABS r_lld_res_list_is_empty
  3209: 400043bc     0 NOTYPE  GLOBAL DEFAULT  ABS r_lld_continue_scan_rx_isr_end_process
  3210: 60100000     0 NOTYPE  GLOBAL DEFAULT  ABS _rtc_reserved_end
  3211: 40001c2c     0 NOTYPE  GLOBAL DEFAULT  ABS _xtos_set_interrupt_handler_arg
  3212: 40002b38     0 NOTYPE  GLOBAL DEFAULT  ABS hci_le_ltk_req_neg_reply_cmd_handler
  3213: 4200d988  1778 FUNC    GLOBAL DEFAULT   12 rtc_init
  3214: 40004254     0 NOTYPE  GLOBAL DEFAULT  ABS r_lld_con_frm_isr
  3215: 400021e4     0 NOTYPE  GLOBAL DEFAULT  ABS __clear_cache
  3216: 40380edc    48 FUNC    GLOBAL DEFAULT    7 spi_flash_common_write_status_8b_wrsr2
  3217: 4037c830   207 FUNC    GLOBAL DEFAULT    7 xTaskPriorityDisinherit
  3218: 40005388     0 NOTYPE  GLOBAL DEFAULT  ABS lmacReachLongLimit
  3219: 40003198     0 NOTYPE  GLOBAL DEFAULT  ABS r_ble_sw_cca_check_isr
  3220: 3ff1f518     0 NOTYPE  GLOBAL DEFAULT  ABS h4tl_msgtype2hdrlen
  3221: 40004248     0 NOTYPE  GLOBAL DEFAULT  ABS r_lld_con_frm_cbk
  3222: 42007d20    38 FUNC    GLOBAL DEFAULT   12 esp_task_wdt_impl_timer_feed
  3223: 400061ec     0 NOTYPE  GLOBAL DEFAULT  ABS rom_dac_rate_set
  3224: 40001c8c     0 NOTYPE  GLOBAL DEFAULT  ABS r_lld_adv_frm_isr_hook
  3225: 40378aa4    42 FUNC    GLOBAL DEFAULT    7 rtc_clk_xtal_freq_get
  3226: 4037d100    40 FUNC    GLOBAL DEFAULT    7 __getreent
  3227: 4037de64    20 FUNC    GLOBAL DEFAULT    7 spi_flash_hal_gpspi_check_status
  3228: 400036f0     0 NOTYPE  GLOBAL DEFAULT  ABS r_h4tl_read_payl
  3229: 3fc91e2c     4 OBJECT  GLOBAL DEFAULT    9 _putc1
  3230: 40002628     0 NOTYPE  GLOBAL DEFAULT  ABS cdc_acm_fifo_fill
  3231: 400032d0     0 NOTYPE  GLOBAL DEFAULT  ABS r_bt_rf_coex_conn_dynamic_pti_en_get
  3232: 40004698     0 NOTYPE  GLOBAL DEFAULT  ABS r_lld_rpa_renew
  3233: 40002fc4     0 NOTYPE  GLOBAL DEFAULT  ABS lld_test_end_ind_handler
  3234: 40003468     0 NOTYPE  GLOBAL DEFAULT  ABS r_cmp_timer_id
  3235: 400029dc     0 NOTYPE  GLOBAL DEFAULT  ABS usb_ep_read_continue
  3236: 4037cf20   214 FUNC    GLOBAL DEFAULT    7 xTaskCreateStaticPinnedToCore
  3237: 3ff1ef60     0 NOTYPE  GLOBAL DEFAULT  ABS hci_evt_le_desc_tab_esp
  3238: 40005d3c     0 NOTYPE  GLOBAL DEFAULT  ABS rom_get_pwctrl_correct
  3239: 40000e1c     0 NOTYPE  GLOBAL DEFAULT  ABS wdt_hal_feed
  3240: 420079d0   122 FUNC    GLOBAL DEFAULT   12 esp_task_wdt_init
  3241: 4000285c     0 NOTYPE  GLOBAL DEFAULT  ABS usb_dc_ep_configure
  3242: 40003f00     0 NOTYPE  GLOBAL DEFAULT  ABS r_llc_rem_con_upd_proc_continue
  3243: 4037ed60    98 FUNC    GLOBAL DEFAULT    7 multi_heap_malloc
  3244: 40000654     0 NOTYPE  GLOBAL DEFAULT  ABS uart_tx_one_char2
  3245: 3fcef8e0     0 NOTYPE  GLOBAL DEFAULT  ABS g_pm_cfg_ptr
  3246: 400061b0     0 NOTYPE  GLOBAL DEFAULT  ABS rom_i2c_paral_write_num
  3247: 400034a4     0 NOTYPE  GLOBAL DEFAULT  ABS r_co_list_extract_sublist
  3248: 3fcef904     0 NOTYPE  GLOBAL DEFAULT  ABS xphyQueue
  3249: 42001248   383 FUNC    WEAK   DEFAULT   12 esp_perip_clk_init
  3250: 400044e8     0 NOTYPE  GLOBAL DEFAULT  ABS r_lld_instant_proc_end
  3251: 42006c90   129 FUNC    GLOBAL DEFAULT   12 gpio_sleep_set_pull_mode
  3252: 4037adec    50 FUNC    GLOBAL DEFAULT    7 vPortTCBPreDeleteHook
  3253: 403767c4    14 FUNC    GLOBAL DEFAULT    7 _lock_acquire
  3254: 3fc94b10     8 OBJECT  GLOBAL DEFAULT   11 port_uxOldInterruptState
  3255: 40000000     0 NOTYPE  GLOBAL DEFAULT  ABS f_hci_le_add_dev_to_per_adv_list_cmd_handler
  3256: 40000000     0 NOTYPE  GLOBAL DEFAULT  ABS r_lld_init_init
  3257: 40000594     0 NOTYPE  GLOBAL DEFAULT  ABS jtag_cpu_reset_happened
  3258: 42002020    84 FUNC    GLOBAL DEFAULT   12 esp_register_freertos_idle_hook_for_cpu
  3259: 4200d59c     7 FUNC    GLOBAL DEFAULT   12 esp_efuse_utility_check_errors
  3260: 40003978     0 NOTYPE  GLOBAL DEFAULT  ABS r_ke_check_malloc
  3261: 400055a4     0 NOTYPE  GLOBAL DEFAULT  ABS ppEnqueueTxDone
  3262: 40004230     0 NOTYPE  GLOBAL DEFAULT  ABS r_lld_con_evt_time_update
  3263: 40005d84     0 NOTYPE  GLOBAL DEFAULT  ABS rom_iq_est_disable
  3264: 3fc94708     1 OBJECT  GLOBAL DEFAULT   11 g_panic_abort
  3265: 3ff1ef2c     0 NOTYPE  GLOBAL DEFAULT  ABS llm_local_le_feats
  3266: 40003894     0 NOTYPE  GLOBAL DEFAULT  ABS r_hci_look_for_le_evt_desc
  3267: 400018a8     0 NOTYPE  GLOBAL DEFAULT  ABS Cache_Resume_ICache
  3268: 4037a684    62 FUNC    GLOBAL DEFAULT    7 xQueueCreateMutex
  3269: 403800f8    55 FUNC    GLOBAL DEFAULT    7 __atomic_fetch_or_8
  3270: 40381050     7 FUNC    GLOBAL DEFAULT    7 spi_flash_chip_mxic_get_caps
  3271: 40002cac     0 NOTYPE  GLOBAL DEFAULT  ABS ll_phy_rsp_handler
  3272: 400058d4     0 NOTYPE  GLOBAL DEFAULT  ABS wdev_mac_special_reg_load
  3273: 40002bb0     0 NOTYPE  GLOBAL DEFAULT  ABS hci_rd_auth_payl_to_cmd_handler
  3274: 3fcefbac     0 NOTYPE  GLOBAL DEFAULT  ABS sch_alarm_env
  3275: 40000000     0 NOTYPE  GLOBAL DEFAULT  ABS f_hci_le_per_adv_create_sync_cancel_cmd_handler
  3276: 400041e8     0 NOTYPE  GLOBAL DEFAULT  ABS r_lld_con_event_counter_get
  3277: 4200d890    35 FUNC    GLOBAL DEFAULT   12 __ascii_wctomb
  3278: 403780c4   201 FUNC    GLOBAL DEFAULT    7 rtc_clk_32k_enable
  3279: 3fceff90     0 NOTYPE  GLOBAL DEFAULT  ABS lld_init_env
  3280: 40004c38     0 NOTYPE  GLOBAL DEFAULT  ABS r_rf_rw_v9_le_disable
  3281: 40001a94     0 NOTYPE  GLOBAL DEFAULT  ABS gpio_matrix_in
  3282: 40003558     0 NOTYPE  GLOBAL DEFAULT  ABS r_co_util_unpack
  3283: 40001e84     0 NOTYPE  GLOBAL DEFAULT  ABS ets_mgf1_sha256
  3284: 40001c94     0 NOTYPE  GLOBAL DEFAULT  ABS r_lld_con_evt_canceled_cbk_hook
  3285: 4200d5dc     8 FUNC    GLOBAL DEFAULT   12 panic_get_cause
  3286: 40005f34     0 NOTYPE  GLOBAL DEFAULT  ABS rom_set_txclk_en
  3287: 40000720     0 NOTYPE  GLOBAL DEFAULT  ABS ets_set_appcpu_boot_addr
  3288: 4037de5c     7 FUNC    GLOBAL DEFAULT    7 spi_flash_hal_gpspi_supports_direct_read
  3289: 40380440    49 FUNC    GLOBAL DEFAULT    7 spi_flash_chip_gd_detect_size
  3290: 40004b54     0 NOTYPE  GLOBAL DEFAULT  ABS r_llm_scan_start
  3291: 3ff1f680     0 NOTYPE  GLOBAL DEFAULT  ABS coef_B
  3292: 4037d2cc    66 FUNC    GLOBAL DEFAULT    7 cache_hal_resume
  3293: 40004a58     0 NOTYPE  GLOBAL DEFAULT  ABS r_llm_ch_map_update
  3294: 40003d50     0 NOTYPE  GLOBAL DEFAULT  ABS r_llc_le_ping_proc_continue
  3295: 40005d30     0 NOTYPE  GLOBAL DEFAULT  ABS rom_get_i2c_read_mask
  3296: 40003684     0 NOTYPE  GLOBAL DEFAULT  ABS r_h4tl_cmd_hdr_rx_evt_handler
  3297: 40004194     0 NOTYPE  GLOBAL DEFAULT  ABS r_lld_con_ch_map_update
  3298: 40004cd4     0 NOTYPE  GLOBAL DEFAULT  ABS r_rw_crypto_aes_rand
  3299: 40003f6c     0 NOTYPE  GLOBAL DEFAULT  ABS r_llc_start
  3300: 3c0142ec    80 OBJECT  GLOBAL DEFAULT   15 soc_memory_types
  3301: 40001890     0 NOTYPE  GLOBAL DEFAULT  ABS Cache_Enable_DCache
  3302: 4000300c     0 NOTYPE  GLOBAL DEFAULT  ABS r_AddBigHex256
  3303: 4037d0cc    50 FUNC    GLOBAL DEFAULT    7 xTaskGetIdleTaskHandleForCore
  3304: 40002754     0 NOTYPE  GLOBAL DEFAULT  ABS cpio_destroy
  3305: 40001878     0 NOTYPE  GLOBAL DEFAULT  ABS Cache_Enable_ICache
  3306: 40380560   322 FUNC    GLOBAL DEFAULT    7 spi_flash_chip_generic_config_host_io_mode
  3307: 400005b8     0 NOTYPE  GLOBAL DEFAULT  ABS rtc_unhold_all_pads
  3308: 40002220     0 NOTYPE  GLOBAL DEFAULT  ABS __cmpdi2
  3309: 40380148    11 FUNC    GLOBAL DEFAULT    7 spi_flash_set_erasing_flag
  3310: 40004404     0 NOTYPE  GLOBAL DEFAULT  ABS r_lld_init_compute_winoffset
  3311: 4037eb10    82 FUNC    GLOBAL DEFAULT    7 systimer_hal_counter_value_advance
  3312: 4037b038    18 FUNC    GLOBAL DEFAULT    7 pvPortMalloc
  3313: 40005a78     0 NOTYPE  GLOBAL DEFAULT  ABS ieee80211_is_tx_allowed
  3314: 40005448     0 NOTYPE  GLOBAL DEFAULT  ABS pm_mac_wakeup
  3315: 4200e1ac    79 FUNC    GLOBAL DEFAULT   12 multi_heap_register_impl
  3316: 40003480     0 NOTYPE  GLOBAL DEFAULT  ABS r_co_ble_pkt_dur_in_us
  3317: 3ff1eefc     0 NOTYPE  GLOBAL DEFAULT  ABS llm_local_supp_cmds
  3318: 40005dfc     0 NOTYPE  GLOBAL DEFAULT  ABS rom_pbus_rd_addr
  3319: 40000000     0 NOTYPE  GLOBAL DEFAULT  ABS llm_duplicate_list_init
  3320: 4200735c   101 FUNC    GLOBAL DEFAULT   12 esp_mmu_vaddr_to_paddr
  3321: 40000a50     0 NOTYPE  GLOBAL DEFAULT  ABS esp_rom_spiflash_config_param
  3322: 40001e0c     0 NOTYPE  GLOBAL DEFAULT  ABS ets_bigint_wait_finish
  3323: 40380dcc   111 FUNC    GLOBAL DEFAULT    7 spi_flash_common_read_status_16b_rdsr_rdsr2
  3324: 400012c0     0 NOTYPE  GLOBAL DEFAULT  ABS isdigit
  3325: 40004854     0 NOTYPE  GLOBAL DEFAULT  ABS r_lld_sync_evt_canceled_cbk
  3326: 40003c6c     0 NOTYPE  GLOBAL DEFAULT  ABS r_llc_disconnect_proc_continue
  3327: 40005670     0 NOTYPE  GLOBAL DEFAULT  ABS ppSearchTxQueue
  3328: 40004b00     0 NOTYPE  GLOBAL DEFAULT  ABS r_llm_link_disc
  3329: 4000357c     0 NOTYPE  GLOBAL DEFAULT  ABS r_dbg_platform_reset_complete
  3330: 42001f14    56 FUNC    GLOBAL DEFAULT   12 esp_ipc_call_blocking
  3331: 40003c78     0 NOTYPE  GLOBAL DEFAULT  ABS r_llc_disconnect_proc_err_cb
  3332: 40005ba4     0 NOTYPE  GLOBAL DEFAULT  ABS coex_core_pti_get
  3333: 4200d5a4     5 FUNC    GLOBAL DEFAULT   12 esp_system_include_startup_funcs
  3334: 4000429c     0 NOTYPE  GLOBAL DEFAULT  ABS r_lld_con_param_update
  3335: 40006408     0 NOTYPE  GLOBAL DEFAULT  ABS rom_phy_dig_reg_backup
  3336: 420053d8    24 FUNC    GLOBAL DEFAULT   12 esp_sleep_sub_mode_config
  3337: 40004374     0 NOTYPE  GLOBAL DEFAULT  ABS r_lld_con_tx_isr
  3338: 400042c0     0 NOTYPE  GLOBAL DEFAULT  ABS r_lld_con_pref_slave_latency_set
  3339: 3fc94b44    84 OBJECT  GLOBAL DEFAULT   11 __lock___sfp_recursive_mutex
  3340: 4037699c    41 FUNC    GLOBAL DEFAULT    7 esp_reent_init
  3341: 40005d54     0 NOTYPE  GLOBAL DEFAULT  ABS esp_rom_regi2c_read_mask
  3342: 4037c9e4    63 FUNC    GLOBAL DEFAULT    7 pvTaskIncrementMutexHeldCount
  3343: 40003cb4     0 NOTYPE  GLOBAL DEFAULT  ABS r_llc_hci_command_handler
  3344: 40381ccc     0 FUNC    GLOBAL DEFAULT    7 _xt_coproc_init
  3345: 4000537c     0 NOTYPE  GLOBAL DEFAULT  ABS lmacProcessRxSucData
  3346: 40004d70     0 NOTYPE  GLOBAL DEFAULT  ABS r_rwip_crypt_isr_handler
  3347: 40004c68     0 NOTYPE  GLOBAL DEFAULT  ABS r_rf_txpwr_dbm_get
  3348: 403815e8     7 FUNC    GLOBAL DEFAULT    7 spi_flash_chip_xmic_opi_set_io_mode
  3349: 40002880     0 NOTYPE  GLOBAL DEFAULT  ABS usb_dc_ep_halt
  3350: 400048f0     0 NOTYPE  GLOBAL DEFAULT  ABS r_lld_sync_stop
  3351: 40006270     0 NOTYPE  GLOBAL DEFAULT  ABS rom_pll_vol_cal
  3352: 4000081c     0 NOTYPE  GLOBAL DEFAULT  ABS tdefl_write_image_to_png_file_in_memory_ex
  3353: 50000000     0 NOTYPE  GLOBAL DEFAULT  ABS _rtc_data_end
  3354: 403751f4    22 FUNC    GLOBAL DEFAULT    7 esp_timer_get_time
  3355: 40005064     0 NOTYPE  GLOBAL DEFAULT  ABS r_sdk_config_set_bt_sleep_enable
  3356: 4037ada0    10 FUNC    GLOBAL DEFAULT    7 vPortYieldOtherCore
  3357: 40000000     0 NOTYPE  GLOBAL DEFAULT  ABS f_ll_start_enc_rsp_handler
  3358: 42005aa0   236 FUNC    GLOBAL DEFAULT   12 v5_hello
  3359: 40006240     0 NOTYPE  GLOBAL DEFAULT  ABS rom_write_pll_cap_mem
  3360: 40380ff0    62 FUNC    GLOBAL DEFAULT    7 spi_flash_chip_mxic_detect_size
  3361: 3fcef930     0 NOTYPE  GLOBAL DEFAULT  ABS pp_sig_cnt_ptr
  3362: 40378440   198 FUNC    GLOBAL DEFAULT    7 rtc_clk_cpu_freq_get_config
  3363: 3fc94b98    84 OBJECT  GLOBAL DEFAULT   11 __lock___at_quick_exit_mutex
  3364: 4037e4d8   102 FUNC    GLOBAL DEFAULT    7 spi_flash_hal_erase_block
  3365: 3fcef9bc     0 NOTYPE  GLOBAL DEFAULT  ABS hci_cmd_desc_tab_vs_esp
  3366: 40005e44     0 NOTYPE  GLOBAL DEFAULT  ABS rom_pbus_xpd_rx_on
  3367: 40002f4c     0 NOTYPE  GLOBAL DEFAULT  ABS lld_llcp_rx_ind_handler_wrapper
  3368: 40002460     0 NOTYPE  GLOBAL DEFAULT  ABS __mulvsi3
  3369: 42002958  1235 FUNC    GLOBAL DEFAULT   12 esp_intr_alloc_intrstatus
  3370: 40000000     0 NOTYPE  GLOBAL DEFAULT  ABS lld_scan_end_ind_handler
  3371: 40377044     0 FUNC    GLOBAL DEFAULT    7 _xt_medint3_exit
  3372: 40002d6c     0 NOTYPE  GLOBAL DEFAULT  ABS llc_ll_enc_req_pdu_send
  3373: 40000648     0 NOTYPE  GLOBAL DEFAULT  ABS uart_tx_one_char
  3374: 40002478     0 NOTYPE  GLOBAL DEFAULT  ABS __negdf2
  3375: 400050e8     0 NOTYPE  GLOBAL DEFAULT  ABS vnd_hci_command_handler_wrapper
  3376: 3ff1f050     0 NOTYPE  GLOBAL DEFAULT  ABS hci_cmd_desc_tab_vs
  3377: 40000000     0 NOTYPE  GLOBAL DEFAULT  ABS r_lld_adv_aux_evt_canceled_cbk
  3378: 40005f04     0 NOTYPE  GLOBAL DEFAULT  ABS rom_set_noise_floor
  3379: 400020ac     0 NOTYPE  GLOBAL DEFAULT  ABS ets_ecc_sram_enable
  3380: 40002118     0 NOTYPE  GLOBAL DEFAULT  ABS ets_ecc_get_sram_range
  3381: 40001470     0 NOTYPE  GLOBAL DEFAULT  ABS labs
  3382: 42008ba8    18 FUNC    GLOBAL DEFAULT   12 __sclose
  3383: 40005b80     0 NOTYPE  GLOBAL DEFAULT  ABS coex_bt_request
  3384: 4000462c     0 NOTYPE  GLOBAL DEFAULT  ABS r_lld_res_list_add
  3385: 400040e0     0 NOTYPE  GLOBAL DEFAULT  ABS r_lld_adv_set_tx_power
  3386: 4200d668    11 FUNC    WEAK   DEFAULT   12 _stat_r
  3387: 40000000     0 NOTYPE  GLOBAL DEFAULT  ABS f_hci_le_set_adv_set_rand_addr_cmd_handler
  3388: 3fceffa0     0 NOTYPE  GLOBAL DEFAULT  ABS btdm_env_p
  3389: 40002c1c     0 NOTYPE  GLOBAL DEFAULT  ABS ll_connection_param_rsp_handler
  3390: 403777f8    21 FUNC    GLOBAL DEFAULT    7 esp_mspi_pin_init
  3391: 4000561c     0 NOTYPE  GLOBAL DEFAULT  ABS ppRecycleAmpdu
  3392: 3ff1ee58     0 NOTYPE  GLOBAL DEFAULT  ABS our_instances_ptr
  3393: 600c0000     0 NOTYPE  GLOBAL DEFAULT  ABS SYSTEM
  3394: 40000840     0 NOTYPE  GLOBAL DEFAULT  ABS tinfl_decompress_mem_to_heap
  3395: 4000417c     0 NOTYPE  GLOBAL DEFAULT  ABS r_lld_con_activity_act_offset_compute
  3396: 40003924     0 NOTYPE  GLOBAL DEFAULT  ABS r_hci_tl_inc_nb_h2c_cmd_pkts
  3397: 40005964     0 NOTYPE  GLOBAL DEFAULT  ABS config_is_cache_tx_buf_enabled
  3398: 3fcefbec     0 NOTYPE  GLOBAL DEFAULT  ABS rwip_prog_delay
  3399: 4037eb64    63 FUNC    GLOBAL DEFAULT    7 systimer_hal_select_alarm_mode
  3400: 600fe000     0 NOTYPE  GLOBAL DEFAULT  ABS _rtc_fast_start
  3401: 420054f8    74 FUNC    GLOBAL DEFAULT   12 esp_newlib_init
  3402: 40374040     0 NOTYPE  GLOBAL DEFAULT    6 _WindowUnderflow4
  3403: 40378ad0   381 FUNC    GLOBAL DEFAULT    7 rtc_sleep_pu
  3404: 40000000     0 NOTYPE  GLOBAL DEFAULT  ABS f_ll_pause_enc_req_handler
  3405: 40001de8     0 NOTYPE  GLOBAL DEFAULT  ABS ets_bigint_multiply
  3406: 40005f88     0 NOTYPE  GLOBAL DEFAULT  ABS rom_write_gain_mem
  3407: 40003de0     0 NOTYPE  GLOBAL DEFAULT  ABS r_llc_llcp_trans_timer_set
  3408: 40004458     0 NOTYPE  GLOBAL DEFAULT  ABS r_lld_init_frm_skip_isr
  3409: 42006870   322 FUNC    GLOBAL DEFAULT   12 usb_serial_jtag_driver_install
  3410: 4000432c     0 NOTYPE  GLOBAL DEFAULT  ABS r_lld_con_sched
  3411: 3c032f94     0 NOTYPE  GLOBAL DEFAULT  ABS _rodata_end
  3412: 400029d0     0 NOTYPE  GLOBAL DEFAULT  ABS usb_ep_read_wait
  3413: 40002b2c     0 NOTYPE  GLOBAL DEFAULT  ABS hci_le_con_upd_cmd_handler
  3414: 400062c4     0 NOTYPE  GLOBAL DEFAULT  ABS rom_wifi_tx_dig_gain
  3415: 403765b8    59 FUNC    GLOBAL DEFAULT    7 regi2c_ctrl_read_reg_mask
  3416: 40003fa8     0 NOTYPE  GLOBAL DEFAULT  ABS r_lld_aa_gen
  3417: 40002790     0 NOTYPE  GLOBAL DEFAULT  ABS dfu_flash_attach
  3418: 400051d8     0 NOTYPE  GLOBAL DEFAULT  ABS r_lld_scan_try_sched
  3419: 4037ea94   121 FUNC    GLOBAL DEFAULT    7 systimer_hal_set_alarm_period
  3420: 40000000     0 NOTYPE  GLOBAL DEFAULT  ABS f_llc_auth_payl_real_to_handler
  3421: 40002acc     0 NOTYPE  GLOBAL DEFAULT  ABS btdm_enable_scan_continue_impl
  3422: 400048a8     0 NOTYPE  GLOBAL DEFAULT  ABS r_lld_sync_process_pkt_rx
  3423: 40380418    31 FUNC    GLOBAL DEFAULT    7 spi_flash_chip_boya_probe
  3424: 4038050c    20 FUNC    GLOBAL DEFAULT    7 spi_flash_chip_gd_get_caps
  3425: 4037edc4   122 FUNC    GLOBAL DEFAULT    7 multi_heap_realloc
  3426: 40378000     0 NOTYPE  GLOBAL DEFAULT  ABS _diram_i_start
  3427: 40001284     0 NOTYPE  GLOBAL DEFAULT  ABS isalnum
  3428: 3fc94344   124 OBJECT  GLOBAL DEFAULT    9 esp_flash_chip_issi
  3429: 4000414c     0 NOTYPE  GLOBAL DEFAULT  ABS r_lld_ch_assess_data_get
  3430: 40006018     0 NOTYPE  GLOBAL DEFAULT  ABS rom_fe_reg_init
  3431: 40375f64   114 FUNC    GLOBAL DEFAULT    7 heap_caps_realloc_default
  3432: 40006054     0 NOTYPE  GLOBAL DEFAULT  ABS rom_force_txon
  3433: 3fceffa4     0 NOTYPE  GLOBAL DEFAULT  ABS bt_rf_coex_hooks_p
  3434: 3fcef910     0 NOTYPE  GLOBAL DEFAULT  ABS s_pp_task_create_sem
  3435: 40003804     0 NOTYPE  GLOBAL DEFAULT  ABS r_hci_cmd_received
  3436: 40001f80     0 NOTYPE  GLOBAL DEFAULT  ABS ets_efuse_usb_print_is_disabled
  3437: 3c010120     0 NOTYPE  GLOBAL DEFAULT  ABS _flash_rodata_start
  3438: 4037ec1c    57 FUNC    GLOBAL DEFAULT    7 systimer_hal_counter_can_stall_by_cpu
  3439: 400005d0     0 NOTYPE  GLOBAL DEFAULT  ABS ets_printf
  3440: 400051f0     0 NOTYPE  GLOBAL DEFAULT  ABS r_sch_prog_ble_push
  3441: 40374300     0 NOTYPE  GLOBAL DEFAULT    6 _KernelExceptionVector
  3442: 42007744    32 FUNC    GLOBAL DEFAULT   12 esp_flash_app_enable_os_functions
  3443: 42004554   626 FUNC    GLOBAL DEFAULT   12 esp_mprot_is_conf_locked_any
  3444: 400036cc     0 NOTYPE  GLOBAL DEFAULT  ABS r_h4tl_out_of_sync_check
  3445: 40001cb0     0 NOTYPE  GLOBAL DEFAULT  ABS crc16_le
  3446: 40000dec     0 NOTYPE  GLOBAL DEFAULT  ABS wdt_hal_write_protect_enable
  3447: 3fcef8c8     0 NOTYPE  GLOBAL DEFAULT  ABS g_mesh_init_ps_type_ptr
  3448: 403816b4   147 FUNC    GLOBAL DEFAULT    7 spi_flash_chip_winbond_erase_block
  3449: 3fc933e8    20 OBJECT  GLOBAL DEFAULT    9 spi_flash_chip_generic_timeout
  3450: 40004170     0 NOTYPE  GLOBAL DEFAULT  ABS r_lld_channel_assess
  3451: 40003edc     0 NOTYPE  GLOBAL DEFAULT  ABS r_llc_proc_timer_set
  3452: 4000501c     0 NOTYPE  GLOBAL DEFAULT  ABS r_sch_slice_per_add
  3453: 40003ec4     0 NOTYPE  GLOBAL DEFAULT  ABS r_llc_proc_state_set
  3454: 42005320    65 FUNC    GLOBAL DEFAULT   12 esp_cpu_intr_get_desc
  3455: 4200d5ec    38 FUNC    GLOBAL DEFAULT   12 heap_caps_match
  3456: 400062ac     0 NOTYPE  GLOBAL DEFAULT  ABS rom_get_chan_target_power
  3457: 40377eb4     8 FUNC    GLOBAL DEFAULT    7 esp_cpu_wait_for_intr
  3458: 3fcefed4     0 NOTYPE  GLOBAL DEFAULT  ABS g_adv_delay_dis
  3459: 3c0329f8   256 OBJECT  GLOBAL DEFAULT   15 __chclass
  3460: 60008800     0 NOTYPE  GLOBAL DEFAULT  ABS SENS
  3461: 4000582c     0 NOTYPE  GLOBAL DEFAULT  ABS TRC_PER_IS_GOOD
  3462: 40002e74     0 NOTYPE  GLOBAL DEFAULT  ABS llc_op_dl_upd_ind_handler
  3463: 40005f64     0 NOTYPE  GLOBAL DEFAULT  ABS rom_tx_pwctrl_bg_init
  3464: 40006174     0 NOTYPE  GLOBAL DEFAULT  ABS rom_chip_i2c_readReg_org
  3465: 42005958    28 FUNC    GLOBAL DEFAULT   12 app_main
  3466: 40001a70     0 NOTYPE  GLOBAL DEFAULT  ABS ets_set_xtal_div
  3467: 42003ed0   562 FUNC    GLOBAL DEFAULT   12 esp_mprot_get_pms_area
  3468: 4037aa30   138 FUNC    GLOBAL DEFAULT    7 xQueueReceiveFromISR
  3469: 4037f564  1346 FUNC    GLOBAL DEFAULT    7 tlsf_memalign_offs
  3470: 400006d8     0 NOTYPE  GLOBAL DEFAULT  ABS esp_rom_software_reset_system
  3471: 40005364     0 NOTYPE  GLOBAL DEFAULT  ABS lmacProcessAllTxTimeout
  3472: 40001fd4     0 NOTYPE  GLOBAL DEFAULT  ABS ets_efuse_jtag_disabled
  3473: 400035d0     0 NOTYPE  GLOBAL DEFAULT  ABS r_ecc_get_debug_Keys
  3474: 403768bc    48 FUNC    GLOBAL DEFAULT    7 __retarget_lock_acquire_recursive
  3475: 40003ce4     0 NOTYPE  GLOBAL DEFAULT  ABS r_llc_hci_dl_upd_info_send
  3476: 3fcef8fc     0 NOTYPE  GLOBAL DEFAULT  ABS rc11BSchedTbl_ptr
  3477: 3fcef84c     0 NOTYPE  GLOBAL DEFAULT  ABS g_ic_ptr
  3478: 40002598     0 NOTYPE  GLOBAL DEFAULT  ABS __unordsf2
  3479: 400028d4     0 NOTYPE  GLOBAL DEFAULT  ABS usb_dc_ep_read_wait
  3480: 40000918     0 NOTYPE  GLOBAL DEFAULT  ABS esp_rom_opiflash_erase_area
  3481: 3fcefa8c     0 NOTYPE  GLOBAL DEFAULT  ABS sch_prog_env
  3482: 3c032ee0     0 NOTYPE  GLOBAL DEFAULT  ABS __init_array_start
  3483: 40006114     0 NOTYPE  GLOBAL DEFAULT  ABS rom_temp_to_power
  3484: 40376a84     0 FUNC    WEAK   DEFAULT    7 xt_debugexception
  3485: 3fcef948     0 NOTYPE  GLOBAL DEFAULT  ABS our_tx_eb
  3486: 40003eac     0 NOTYPE  GLOBAL DEFAULT  ABS r_llc_proc_reg
  3487: 403800cc    36 FUNC    GLOBAL DEFAULT    7 _calloc_r
  3488: 40000000     0 NOTYPE  GLOBAL DEFAULT  ABS r_flash_env_deinit
  3489: 400031f8     0 NOTYPE  GLOBAL DEFAULT  ABS r_ble_util_buf_env_deinit
  3490: 40003048     0 NOTYPE  GLOBAL DEFAULT  ABS r_GF_Jacobian_Point_Double256
  3491: 40003648     0 NOTYPE  GLOBAL DEFAULT  ABS r_emi_get_mem_addr_by_offset
  3492: 40381180   144 FUNC    GLOBAL DEFAULT    7 spi_flash_chip_mxic_opi_erase_sector
  3493: 40004e6c     0 NOTYPE  GLOBAL DEFAULT  ABS r_rwip_wlcoex_set
  3494: 40000570     0 NOTYPE  GLOBAL DEFAULT  ABS _rom_chip_id
  3495: 40002ae4     0 NOTYPE  GLOBAL DEFAULT  ABS btdm_get_power_state_impl
  3496: 400062e8     0 NOTYPE  GLOBAL DEFAULT  ABS rom_wifi_agc_sat_gain
  3497: 40001bc0     0 NOTYPE  GLOBAL DEFAULT  ABS xthal_set_ccompare
  3498: 4000237c     0 NOTYPE  GLOBAL DEFAULT  ABS __gcc_bcmp
  3499: 40001a1c     0 NOTYPE  GLOBAL DEFAULT  ABS rom_config_instruction_cache_mode
  3500: 420032a4    31 FUNC    GLOBAL DEFAULT   12 periph_rcc_acquire_exit
  3501: 40003774     0 NOTYPE  GLOBAL DEFAULT  ABS r_hci_acl_tx_data_received
  3502: 40003228     0 NOTYPE  GLOBAL DEFAULT  ABS r_ble_util_buf_llcp_tx_alloc
  3503: 3fcef908     0 NOTYPE  GLOBAL DEFAULT  ABS g_wifi_menuconfig_ptr
  3504: 40000600     0 NOTYPE  GLOBAL DEFAULT  ABS esp_rom_delay_us
  3505: 400047dc     0 NOTYPE  GLOBAL DEFAULT  ABS r_lld_scan_set_tx_power
  3506: 3fc9258c     4 OBJECT  GLOBAL DEFAULT    9 __global_locale_ptr
  3507: 40003780     0 NOTYPE  GLOBAL DEFAULT  ABS r_hci_basic_cmd_send_2_controller
  3508: 40001f50     0 NOTYPE  GLOBAL DEFAULT  ABS ets_efuse_force_send_resume
  3509: 40004ea8     0 NOTYPE  GLOBAL DEFAULT  ABS r_sch_alarm_timer_isr
  3510: 40002544   596 FUNC    GLOBAL DEFAULT  ABS __udivdi3
  3511: 40001320     0 NOTYPE  GLOBAL DEFAULT  ABS tolower
  3512: 420059f4   170 FUNC    GLOBAL DEFAULT   12 v5_hello_query
  3513: 40004b78     0 NOTYPE  GLOBAL DEFAULT  ABS r_llm_send_adv_lost_event_to_host
  3514: 4000339c     0 NOTYPE  GLOBAL DEFAULT  ABS r_bt_rma_register_rule_cs_fmt
  3515: 400030c0     0 NOTYPE  GLOBAL DEFAULT  ABS r_aes_alloc
  3516: 4037584c   307 FUNC    GLOBAL DEFAULT    7 esp_restart_noos
  3517: 40003e88     0 NOTYPE  GLOBAL DEFAULT  ABS r_llc_proc_err_ind
  3518: 40005c1c     0 NOTYPE  GLOBAL DEFAULT  ABS coex_schm_lock
  3519: 4000483c     0 NOTYPE  GLOBAL DEFAULT  ABS r_lld_sync_ch_map_update
  3520: 40001f5c     0 NOTYPE  GLOBAL DEFAULT  ABS ets_efuse_get_flash_delay_us
  3521: 400058ec     0 NOTYPE  GLOBAL DEFAULT  ABS wdev_mac_wakeup
  3522: 400038e8     0 NOTYPE  GLOBAL DEFAULT  ABS r_hci_tl_cmd_hdr_rx_evt_handler
  3523: 40001b0c     0 NOTYPE  GLOBAL DEFAULT  ABS gpio_pad_select_gpio
  3524: 40005214     0 NOTYPE  GLOBAL DEFAULT  ABS r_lld_init_evt_end_type_get
  3525: 4037afc8     0 FUNC    GLOBAL DEFAULT    7 _frxt_task_coproc_state
  3526: 4037a298     8 FUNC    GLOBAL DEFAULT    7 esp_system_abort
  3527: 403801ec    67 FUNC    GLOBAL DEFAULT    7 memspi_host_erase_sector
  3528: 400044d0     0 NOTYPE  GLOBAL DEFAULT  ABS r_lld_init_start
  3529: 40001cb0     0 NOTYPE  GLOBAL DEFAULT  ABS r_lld_init_frm_eof_isr_hook
  3530: 3fcef8d8     0 NOTYPE  GLOBAL DEFAULT  ABS g_txop_queue_status_ptr
  3531: 40001cbc     0 NOTYPE  GLOBAL DEFAULT  ABS r_lld_init_sched_hook
  3532: 40006090     0 NOTYPE  GLOBAL DEFAULT  ABS rom_phy_xpd_rf
  3533: 40002610     0 NOTYPE  GLOBAL DEFAULT  ABS cdc_acm_class_handle_req
  3534: 3fc94718     4 OBJECT  GLOBAL DEFAULT   11 esp_ipc_func_arg
  3535: 40005ebc     0 NOTYPE  GLOBAL DEFAULT  ABS rom_pwdet_sar2_init
  3536: 400039a8     0 NOTYPE  GLOBAL DEFAULT  ABS r_ke_event_get
  3537: 3fc94b44    84 OBJECT  GLOBAL DEFAULT   11 __lock___env_recursive_mutex
  3538: 400040b0     0 NOTYPE  GLOBAL DEFAULT  ABS r_lld_adv_rand_addr_update
  3539: 40376a14    86 FUNC    GLOBAL DEFAULT    7 _gettimeofday_r
  3540: 4200e07c    42 FUNC    GLOBAL DEFAULT   12 sar_periph_ctrl_init
  3541: 40005190     0 NOTYPE  GLOBAL DEFAULT  ABS r_lld_adv_start_schedule_asap
  3542: 400059a0     0 NOTYPE  GLOBAL DEFAULT  ABS wdev_is_data_in_rxlist
  3543: 3ff1f72c     0 NOTYPE  GLOBAL DEFAULT  ABS aes_k3_salt
  3544: 403740c0     0 NOTYPE  GLOBAL DEFAULT    6 _WindowUnderflow8
  3545: 400023d0     0 NOTYPE  GLOBAL DEFAULT  ABS __lshrdi3
  3546: 600fe000     0 NOTYPE  GLOBAL DEFAULT  ABS _rtc_text_end
  3547: 3fcefb90     0 NOTYPE  GLOBAL DEFAULT  ABS sch_plan_env
  3548: 42002100   280 FUNC    GLOBAL DEFAULT   12 brownout_hal_config
  3549: 40006024     0 NOTYPE  GLOBAL DEFAULT  ABS rom_agc_reg_init
  3550: 4037faa8  1076 FUNC    GLOBAL DEFAULT    7 tlsf_realloc
  3551: 42000ce8    60 FUNC    GLOBAL DEFAULT   12 esp_timer_impl_init_system_time
  3552: 40000588     0 NOTYPE  GLOBAL DEFAULT  ABS analog_super_wdt_reset_happened
  3553: 40004eb4     0 NOTYPE  GLOBAL DEFAULT  ABS r_sch_arb_conflict_check
  3554: 4200d018   381 FUNC    GLOBAL DEFAULT   12 __multiply
  3555: 40000000     0 NOTYPE  GLOBAL DEFAULT  ABS f_hci_le_rmv_adv_set_cmd_handler
  3556: 4200d198   186 FUNC    GLOBAL DEFAULT   12 __pow5mult
  3557: 3fcefee0     0 NOTYPE  GLOBAL DEFAULT  ABS esp_handler
  3558: 400049b0     0 NOTYPE  GLOBAL DEFAULT  ABS r_lld_white_list_rem
  3559: 3fcef9e8     0 NOTYPE  GLOBAL DEFAULT  ABS co_default_bdaddr
  3560: 40002a60     0 NOTYPE  GLOBAL DEFAULT  ABS usb_dev_deinit
  3561: 40002730     0 NOTYPE  GLOBAL DEFAULT  ABS cpio_start
  3562: 40002040     0 NOTYPE  GLOBAL DEFAULT  ABS ets_ecc_flash_enable_all
  3563: 3ff1ef54     0 NOTYPE  GLOBAL DEFAULT  ABS lld_aux_phy_to_rate
  3564: 4000378c     0 NOTYPE  GLOBAL DEFAULT  ABS r_hci_ble_adv_report_filter_check
  3565: 42002534    26 FUNC    GLOBAL DEFAULT   12 soc_get_available_memory_region_max_count
  3566: 40005a9c     0 NOTYPE  GLOBAL DEFAULT  ABS ieee80211_set_tx_desc
  3567: 4200d630    21 FUNC    GLOBAL DEFAULT   12 esp_intr_get_cpu
  3568: 40004050     0 NOTYPE  GLOBAL DEFAULT  ABS r_lld_adv_ext_pkt_prepare
  3569: 40005ed4     0 NOTYPE  GLOBAL DEFAULT  ABS rom_read_sar_dout
  3570: 40375d1c     0 FUNC    GLOBAL DEFAULT    7 esp_backtrace_get_start
  3571: 3ff1f51e     0 NOTYPE  GLOBAL DEFAULT  ABS fixed_tx_time
  3572: 40000000     0 NOTYPE  GLOBAL DEFAULT  ABS f_hci_le_create_con_cancel_cmd_handler
  3573: 40377e64    77 FUNC    GLOBAL DEFAULT    7 esp_cpu_unstall
  3574: 400052f8     0 NOTYPE  GLOBAL DEFAULT  ABS is_lmac_idle
  3575: 4200e1ac    79 FUNC    GLOBAL DEFAULT   12 multi_heap_register
  3576: 3ff1f008     0 NOTYPE  GLOBAL DEFAULT  ABS hci_evt_desc_tab
  3577: 40000000     0 NOTYPE  GLOBAL DEFAULT  ABS f_nvds_put
  3578: 3ff1ffbc     0 NOTYPE  GLOBAL DEFAULT  ABS BasePoint_y_256
  3579: 4037666c    24 FUNC    GLOBAL DEFAULT    7 xPortInterruptedFromISRContext
  3580: 40001308     0 NOTYPE  GLOBAL DEFAULT  ABS isupper
  3581: 420022a0    71 FUNC    GLOBAL DEFAULT   12 heap_caps_enable_nonos_stack_heaps
  3582: 40000000     0 NOTYPE  GLOBAL DEFAULT  ABS f_hci_le_set_scan_en_cmd_handler
  3583: 40006060     0 NOTYPE  GLOBAL DEFAULT  ABS rom_fe_txrx_reset
  3584: 40006198     0 NOTYPE  GLOBAL DEFAULT  ABS rom_i2c_paral_read
  3585: 3fcef93c     0 NOTYPE  GLOBAL DEFAULT  ABS wDevCtrl_ptr
  3586: 40004a4c     0 NOTYPE  GLOBAL DEFAULT  ABS r_llm_ble_update_adv_flow_control
  3587: 42004470   226 FUNC    GLOBAL DEFAULT   12 esp_mprot_monitor_clear_intr
  3588: 400058a4     0 NOTYPE  GLOBAL DEFAULT  ABS wdev_bank_store
  3589: 40003714     0 NOTYPE  GLOBAL DEFAULT  ABS r_h4tl_rx_cmd_hdr_extract
  3590: 40001e9c     0 NOTYPE  GLOBAL DEFAULT  ABS ets_efuse_program
  3591: 40001e48     0 NOTYPE  GLOBAL DEFAULT  ABS ets_ds_is_busy
  3592: 3fcef8b0     0 NOTYPE  GLOBAL DEFAULT  ABS wifi_sta_rx_probe_req
  3593: 40003954     0 NOTYPE  GLOBAL DEFAULT  ABS r_hci_tx_start
  3594: 42005550     9 FUNC    GLOBAL DEFAULT   12 _raise_r
  3595: 400030fc     0 NOTYPE  GLOBAL DEFAULT  ABS r_aes_cmac_continue
  3596: 40374280     0 NOTYPE  GLOBAL DEFAULT    6 _DebugExceptionVector
  3597: 40003438     0 NOTYPE  GLOBAL DEFAULT  ABS r_btdm_task_recycle
  3598: 400040ec     0 NOTYPE  GLOBAL DEFAULT  ABS r_lld_adv_start
  3599: 4200d668    11 FUNC    WEAK   DEFAULT   12 _rename_r
  3600: 40375a7c     0 FUNC    GLOBAL DEFAULT    7 esp_ipc_isr_handler
  3601: 40000684     0 NOTYPE  GLOBAL DEFAULT  ABS uartAttach
  3602: 3fcefeaa     0 NOTYPE  GLOBAL DEFAULT  ABS g_llc_state
  3603: 40002550     0 NOTYPE  GLOBAL DEFAULT  ABS __udivmoddi4
  3604: 3fcefa24     0 NOTYPE  GLOBAL DEFAULT  ABS sch_slice_params
  3605: 42006fc8   758 FUNC    GLOBAL DEFAULT   12 esp_mmu_map
  3606: 400027e4     0 NOTYPE  GLOBAL DEFAULT  ABS dfu_updater_end
  3607: 4200d5d4     7 FUNC    GLOBAL DEFAULT   12 panic_get_address
  3608: 40001980     0 NOTYPE  GLOBAL DEFAULT  ABS Cache_Occupy_ICache_MEMORY
  3609: 3fcef81c     0 NOTYPE  GLOBAL DEFAULT  ABS phy_param_rom
  3610: 420041ac   230 FUNC    GLOBAL DEFAULT   12 esp_mprot_get_monitor_lock
  3611: 40001fa4     0 NOTYPE  GLOBAL DEFAULT  ABS ets_efuse_get_wp_pad
  3612: 40003d80     0 NOTYPE  GLOBAL DEFAULT  ABS r_llc_ll_pause_enc_rsp_ack_handler
  3613: 40003cf0     0 NOTYPE  GLOBAL DEFAULT  ABS r_llc_hci_enc_evt_send
  3614: 40005970     0 NOTYPE  GLOBAL DEFAULT  ABS //ppMapWaitTxq
  3615: 40005460     0 NOTYPE  GLOBAL DEFAULT  ABS pm_enable_active_timer
  3616: 40380094    10 FUNC    GLOBAL DEFAULT    7 free
  3617: 40003b28     0 NOTYPE  GLOBAL DEFAULT  ABS r_ke_task_delete
  3618: 40381870     7 FUNC    GLOBAL DEFAULT    7 spi_flash_enable_high_performance_mode
  3619: 40003948     0 NOTYPE  GLOBAL DEFAULT  ABS r_hci_tx_done
  3620: 3ff1f718     0 NOTYPE  GLOBAL DEFAULT  ABS aes_k4_salt
  3621: 4200d668    11 FUNC    WEAK   DEFAULT   12 _link_r
  3622: 40002838     0 NOTYPE  GLOBAL DEFAULT  ABS usb_dc_reset
  3623: 40001314     0 NOTYPE  GLOBAL DEFAULT  ABS toupper
  3624: 4000255c     0 NOTYPE  GLOBAL DEFAULT  ABS __udivsi3
  3625: 60008000     0 NOTYPE  GLOBAL DEFAULT  ABS RTCCNTL
  3626: 40003390     0 NOTYPE  GLOBAL DEFAULT  ABS r_bt_rma_init
  3627: 400042b4     0 NOTYPE  GLOBAL DEFAULT  ABS r_lld_con_pref_slave_evt_dur_set
  3628: 403790e4    14 FUNC    GLOBAL DEFAULT    7 esp_cache_sync_ops_exit_critical_section
  3629: 40381210   144 FUNC    GLOBAL DEFAULT    7 spi_flash_chip_mxic_opi_erase_block
  3630: 40005d60     0 NOTYPE  GLOBAL DEFAULT  ABS esp_rom_regi2c_write
  3631: 40004350     0 NOTYPE  GLOBAL DEFAULT  ABS r_lld_con_stop
  3632: 40006048     0 NOTYPE  GLOBAL DEFAULT  ABS rom_bb_wdg_cfg
  3633: 40380934    56 FUNC    GLOBAL DEFAULT    7 spi_flash_chip_generic_get_write_protect
  3634: 40003ccc     0 NOTYPE  GLOBAL DEFAULT  ABS r_llc_hci_con_upd_info_send
  3635: 4000066c     0 NOTYPE  GLOBAL DEFAULT  ABS uart_rx_one_char_block
  3636: 40002be0     0 NOTYPE  GLOBAL DEFAULT  ABS hci_vs_set_pref_slave_evt_dur_cmd_handler
  3637: 3fceff78     0 NOTYPE  GLOBAL DEFAULT  ABS p_lld_env
  3638: 3fc91e00     0 NOTYPE  GLOBAL DEFAULT  ABS _data_start
  3639: 400053a0     0 NOTYPE  GLOBAL DEFAULT  ABS lmacRecycleMPDU
  3640: 40002e98     0 NOTYPE  GLOBAL DEFAULT  ABS llc_op_le_ping_ind_handler
  3641: 40005778     0 NOTYPE  GLOBAL DEFAULT  ABS rcLowerSched
  3642: 400038c4     0 NOTYPE  GLOBAL DEFAULT  ABS r_hci_send_2_controller
  3643: 40005a30     0 NOTYPE  GLOBAL DEFAULT  ABS ic_ebuf_recycle_tx
  3644: 40005334     0 NOTYPE  GLOBAL DEFAULT  ABS lmacIsIdle
  3645: 40004cf8     0 NOTYPE  GLOBAL DEFAULT  ABS r_rw_cryto_aes_cmac
  3646: 40001f68     0 NOTYPE  GLOBAL DEFAULT  ABS ets_efuse_get_mac
  3647: 42007ff0    24 FUNC    GLOBAL DEFAULT   12 esp_gpio_reserve
  3648: 40001b78     0 NOTYPE  GLOBAL DEFAULT  ABS ets_isr_attach
  3649: 40002c4c     0 NOTYPE  GLOBAL DEFAULT  ABS ll_feature_req_handler
  3650: 4200d7c8   108 FUNC    GLOBAL DEFAULT   12 __lo0bits
  3651: 40004f44     0 NOTYPE  GLOBAL DEFAULT  ABS r_sch_plan_offset_max_calc
  3652: 40003270     0 NOTYPE  GLOBAL DEFAULT  ABS r_ble_util_buf_set_rx_buf_nb
  3653: 40005820     0 NOTYPE  GLOBAL DEFAULT  ABS trc_onAmpduOp
  3654: 40005db4     0 NOTYPE  GLOBAL DEFAULT  ABS rom_mhz2ieee
  3655: 40005238     0 NOTYPE  GLOBAL DEFAULT  ABS r_lld_init_evt_end_type_check_state_set
  3656: 40002424     0 NOTYPE  GLOBAL DEFAULT  ABS __muldi3
  3657: 40381a00    75 FUNC    GLOBAL DEFAULT    7 esp_opiflash_init
  3658: 400024fc     0 FUNC    GLOBAL DEFAULT  ABS __subdf3
  3659: 400014d0     0 NOTYPE  GLOBAL DEFAULT  ABS atoi
  3660: 40374100     0 NOTYPE  GLOBAL DEFAULT    6 _WindowOverflow12
  3661: 400008b8     0 NOTYPE  GLOBAL DEFAULT  ABS esp_rom_opiflash_exec_cmd
  3662: 400047d0     0 NOTYPE  GLOBAL DEFAULT  ABS r_lld_scan_sched
  3663: 400042cc     0 NOTYPE  GLOBAL DEFAULT  ABS r_lld_con_rssi_get
  3664: 400023b8     0 FUNC    GLOBAL DEFAULT  ABS __ledf2
  3665: 40004d40     0 NOTYPE  GLOBAL DEFAULT  ABS r_rwip_active_check
  3666: 40002004     0 NOTYPE  GLOBAL DEFAULT  ABS ets_efuse_flash_octal_mode
  3667: 3ff1f6dc     0 NOTYPE  GLOBAL DEFAULT  ABS co_null_bdaddr
  3668: 420014a4   148 FUNC    GLOBAL DEFAULT   12 esp_cache_err_int_init
  3669: 40003ac8     0 NOTYPE  GLOBAL DEFAULT  ABS r_ke_msg_src_id_get
  3670: 400031ec     0 NOTYPE  GLOBAL DEFAULT  ABS r_ble_util_buf_adv_tx_free_in_isr
  3671: 40000000     0 NOTYPE  GLOBAL DEFAULT  ABS f_hci_vendor_ble_update_adv_report_flow_control_cmd_handler
  3672: 420016d4    75 FUNC    GLOBAL DEFAULT   12 esp_panic_handler_disable_timg_wdts
  3673: 40004d4c     0 NOTYPE  GLOBAL DEFAULT  ABS r_rwip_aes_encrypt
  3674: 40003930     0 NOTYPE  GLOBAL DEFAULT  ABS r_hci_tl_save_pkt
  3675: 40002184     0 FUNC    GLOBAL DEFAULT  ABS __adddf3
  3676: 40005724     0 NOTYPE  GLOBAL DEFAULT  ABS rc_get_trc_by_index
  3677: 40000000     0 NOTYPE  GLOBAL DEFAULT  ABS f_hci_le_enh_tx_test_cmd_handler
  3678: 3fc9470c     8 OBJECT  GLOBAL DEFAULT   11 g_exc_frames
  3679: 3fcef828     0 NOTYPE  GLOBAL DEFAULT  ABS coexist_funcs
  3680: 42000ee4   153 FUNC    WEAK   DEFAULT   12 start_cpu0
  3681: 3c0324ac    32 OBJECT  GLOBAL DEFAULT   15 Xthal_intlevel
  3682: 42008654    87 FUNC    GLOBAL DEFAULT   12 _fflush_r
  3683: 3c031f48  1232 OBJECT  GLOBAL DEFAULT   15 rtc_io_desc
  3684: 40002250     0 FUNC    GLOBAL DEFAULT  ABS __divdf3
  3685: 42002074    84 FUNC    GLOBAL DEFAULT   12 esp_register_freertos_tick_hook_for_cpu
  3686: 3fc946a0     0 NOTYPE  GLOBAL DEFAULT  ABS _bss_start
  3687: 40000000     0 NOTYPE  GLOBAL DEFAULT  ABS r_ecc_init
  3688: 3fc92710  3072 OBJECT  GLOBAL DEFAULT    9 port_IntStack
  3689: 400006e4     0 NOTYPE  GLOBAL DEFAULT  ABS software_reset_cpu
  3690: 4037520c    53 FUNC    WEAK   DEFAULT    7 start_cpu_other_cores
  3691: 400020c4     0 NOTYPE  GLOBAL DEFAULT  ABS ets_ecc_sram_enable_all
  3692: 420047c8  2837 FUNC    GLOBAL DEFAULT   12 esp_mprot_set_prot
  3693: 40004290     0 NOTYPE  GLOBAL DEFAULT  ABS r_lld_con_offset_get
  3694: 40376788    59 FUNC    GLOBAL DEFAULT    7 _lock_close_recursive
  3695: 40000624     0 NOTYPE  GLOBAL DEFAULT  ABS ets_backup_dma_copy
  3696: 00000000     0 NOTYPE  GLOBAL DEFAULT  ABS IDF_TARGET_ESP32S3
  3697: 40380380    45 FUNC    GLOBAL DEFAULT    7 memspi_host_set_write_protect
  3698: 4037b2ec     8 FUNC    GLOBAL DEFAULT    7 vPortSetupTimer
  3699: 40000000     0 NOTYPE  GLOBAL DEFAULT  ABS f_ll_start_enc_req_handler
  3700: 3fceff80     0 NOTYPE  GLOBAL DEFAULT  ABS lld_test_env
  3701: 4200e17c    46 FUNC    GLOBAL DEFAULT   12 esp_startup_start_app_other_cores
  3702: 40001cd0     0 NOTYPE  GLOBAL DEFAULT  ABS r_lld_sync_frm_eof_isr_hook
  3703: 40004f2c     0 NOTYPE  GLOBAL DEFAULT  ABS r_sch_plan_init
  3704: 420036c0  1178 FUNC    GLOBAL DEFAULT   12 esp_mprot_set_split_addr
  3705: 40000000     0 NOTYPE  GLOBAL DEFAULT  ABS f_llc_encrypt_ind_handler
  3706: 40004980     0 NOTYPE  GLOBAL DEFAULT  ABS r_lld_test_stop
  3707: 3ff1ef3c     0 NOTYPE  GLOBAL DEFAULT  ABS lld_scan_max_aux_dur_tab
  3708: 400035c4     0 NOTYPE  GLOBAL DEFAULT  ABS r_ecc_generate_key256
  3709: 40003ff0     0 NOTYPE  GLOBAL DEFAULT  ABS r_lld_adv_coex_check_ext_adv_synced
  3710: 40004434     0 NOTYPE  GLOBAL DEFAULT  ABS r_lld_init_evt_start_cbk
  3711: 40001f74     0 NOTYPE  GLOBAL DEFAULT  ABS ets_efuse_get_spiconfig
  3712: 40001344    27 FUNC    GLOBAL DEFAULT  ABS memchr
  3713: 4000495c     0 NOTYPE  GLOBAL DEFAULT  ABS r_lld_test_rx_isr
  3714: 40000e34     0 NOTYPE  GLOBAL DEFAULT  ABS wdt_hal_is_enabled
  3715: 40002b08     0 NOTYPE  GLOBAL DEFAULT  ABS btdm_switch_phy_coded_impl
  3716: 40004764     0 NOTYPE  GLOBAL DEFAULT  ABS r_lld_scan_process_pkt_rx
  3717: 400007a4     0 NOTYPE  GLOBAL DEFAULT  ABS mz_free
  3718: 400028bc     0 NOTYPE  GLOBAL DEFAULT  ABS usb_dc_ep_write_would_block
  3719: 400007b0     0 NOTYPE  GLOBAL DEFAULT  ABS tdefl_compress
  3720: 400022b0     0 NOTYPE  GLOBAL DEFAULT  ABS __ffsdi2
  3721: 40000000     0 NOTYPE  GLOBAL DEFAULT  ABS f_ll_phy_update_ind_handler
  3722: 40004f08     0 NOTYPE  GLOBAL DEFAULT  ABS r_sch_arb_sw_isr
  3723: 400021fc     0 NOTYPE  GLOBAL DEFAULT  ABS __clrsbsi2
  3724: 4037d3ec    77 FUNC    GLOBAL DEFAULT    7 cache_hal_get_cache_line_size
  3725: 40004b6c     0 NOTYPE  GLOBAL DEFAULT  ABS r_llm_scan_sync_acad_detach
  3726: 40004860     0 NOTYPE  GLOBAL DEFAULT  ABS r_lld_sync_evt_start_cbk
  3727: 400039fc     0 NOTYPE  GLOBAL DEFAULT  ABS r_ke_handler_search
  3728: 42008afc    52 FUNC    GLOBAL DEFAULT   12 __sread
  3729: 4000189c     0 NOTYPE  GLOBAL DEFAULT  ABS rom_Cache_Suspend_ICache
  3730: 42001a84    35 FUNC    GLOBAL DEFAULT   12 esp_ipc_isr_port_init
  3731: 40002e80     0 NOTYPE  GLOBAL DEFAULT  ABS llc_op_encrypt_ind_handler
  3732: 400027f0     0 NOTYPE  GLOBAL DEFAULT  ABS dfu_updater_set_raw_addr
  3733: 400059e8     0 NOTYPE  GLOBAL DEFAULT  ABS ampdu_dispatch_movement
  3734: 3c032f94     0 NOTYPE  GLOBAL DEFAULT  ABS _esp_system_init_fn_array_end
  3735: 3fcef9a0     0 NOTYPE  GLOBAL DEFAULT  ABS privacy_en
  3736: 40000a98     0 NOTYPE  GLOBAL DEFAULT  ABS esp_rom_spiflash_config_clk
  3737: 400034d4     0 NOTYPE  GLOBAL DEFAULT  ABS r_co_list_insert_before
  3738: 42001a64    31 FUNC    GLOBAL DEFAULT   12 esp_ipc_isr_init
  3739: 40002844     0 NOTYPE  GLOBAL DEFAULT  ABS usb_dc_set_address
  3740: 40002f88     0 NOTYPE  GLOBAL DEFAULT  ABS lld_phy_coded_500k_get
  3741: 40381d78    24 FUNC    GLOBAL DEFAULT    7 xt_ints_on
  3742: 40001b3c     0 NOTYPE  GLOBAL DEFAULT  ABS gpio_pin_wakeup_enable
  3743: 40003af8     0 NOTYPE  GLOBAL DEFAULT  ABS r_ke_state_get
  3744: 400056b8     0 NOTYPE  GLOBAL DEFAULT  ABS ppTxProtoProc
  3745: 40001d28     0 NOTYPE  GLOBAL DEFAULT  ABS ets_sha_starts
  3746: 40002ce8     0 NOTYPE  GLOBAL DEFAULT  ABS ll_start_enc_req_handler
  3747: 420035a0   101 FUNC    GLOBAL DEFAULT   12 esp_sleep_enable_gpio_switch
  3748: 40004ce0     0 NOTYPE  GLOBAL DEFAULT  ABS r_rw_crypto_aes_result_handler
  3749: 40003204     0 NOTYPE  GLOBAL DEFAULT  ABS r_ble_util_buf_env_init
  3750: 40005c58     0 NOTYPE  GLOBAL DEFAULT  ABS phy_get_romfuncs
  3751: 3fcef838     0 NOTYPE  GLOBAL DEFAULT  ABS sta_rxcb
  3752: 40375354   651 FUNC    GLOBAL DEFAULT    7 call_start_cpu0
  3753: 60003000     0 NOTYPE  GLOBAL DEFAULT  ABS SPIMEM0
  3754: 40001a64     0 NOTYPE  GLOBAL DEFAULT  ABS ets_get_xtal_div
  3755: 40003168     0 NOTYPE  GLOBAL DEFAULT  ABS r_assert_err
  3756: 00000018     0 NOTYPE  GLOBAL DEFAULT  ABS _rtc_reserved_length
  3757: 400029f4     0 NOTYPE  GLOBAL DEFAULT  ABS usb_transfer
  3758: 400036c0     0 NOTYPE  GLOBAL DEFAULT  ABS r_h4tl_out_of_sync
  3759: 40002a0c     0 NOTYPE  GLOBAL DEFAULT  ABS usb_transfer_sync
  3760: 3fcefed8     0 NOTYPE  GLOBAL DEFAULT  ABS esp_vendor_cmd
  3761: 60002000     0 NOTYPE  GLOBAL DEFAULT  ABS SPIMEM1
  3762: 4037e628   116 FUNC    GLOBAL DEFAULT    7 spi_flash_hal_setup_read_suspend
  3763: 40002724     0 NOTYPE  GLOBAL DEFAULT  ABS chip_usb_set_persist_flags
  3764: 400026f4     0 NOTYPE  GLOBAL DEFAULT  ABS chip_usb_dw_init
  3765: 3fcef8f0     0 NOTYPE  GLOBAL DEFAULT  ABS BasicOFDMSched_ptr
  3766: 40005784     0 NOTYPE  GLOBAL DEFAULT  ABS rcSetTxAmpduLimit
  3767: 42002e2c    24 FUNC    GLOBAL DEFAULT   12 esp_intr_alloc
  3768: 400008e8     0 NOTYPE  GLOBAL DEFAULT  ABS esp_rom_opiflash_wait_idle
  3769: 40002d24     0 NOTYPE  GLOBAL DEFAULT  ABS llc_auth_payl_real_to_handler
  3770: 3c03298c   108 OBJECT  GLOBAL DEFAULT   15 __state_table
  3771: 40000000     0 NOTYPE  GLOBAL DEFAULT  ABS f_nvds_get
  3772: 42001134   273 FUNC    WEAK   DEFAULT   12 esp_clk_init
  3773: 3ff1ee50     0 NOTYPE  GLOBAL DEFAULT  ABS our_controls_ptr
  3774: 4000435c     0 NOTYPE  GLOBAL DEFAULT  ABS r_lld_con_tx
  3775: 600fe000     0 NOTYPE  GLOBAL DEFAULT  ABS _rtc_text_start
  3776: 40005b5c     0 NOTYPE  GLOBAL DEFAULT  ABS ieee80211_gettid
  3777: 40002670     0 NOTYPE  GLOBAL DEFAULT  ABS cdc_acm_irq_state_disable
  3778: 400016f8     0 NOTYPE  GLOBAL DEFAULT  ABS Cache_WriteBack_All
  3779: 400030b4     0 NOTYPE  GLOBAL DEFAULT  ABS r_SubtractFromSelfBigHexSign256
  3780: 600fffe8     0 NOTYPE  GLOBAL DEFAULT  ABS _rtc_reserved_start
  3781: 4037b324    57 FUNC    GLOBAL DEFAULT    7 vListInsertEnd
  3782: 3ff1ee5c     0 NOTYPE  GLOBAL DEFAULT  ABS veryBigHexP256
  3783: 40374180     0 FUNC    GLOBAL DEFAULT    6 _Level2Vector
  3784: 4000312c     0 NOTYPE  GLOBAL DEFAULT  ABS r_aes_k3_continue
  3785: 4037c900   228 FUNC    GLOBAL DEFAULT    7 vTaskPriorityDisinheritAfterTimeout
  3786: 40002fdc     0 NOTYPE  GLOBAL DEFAULT  ABS llm_ch_map_update_ind_handler
  3787: 40377f38   110 FUNC    GLOBAL DEFAULT    7 mspi_timing_config_set_flash_clock
  3788: 3fcefd7c     0 NOTYPE  GLOBAL DEFAULT  ABS ke_event_env
  3789: 3fc94dc8     0 NOTYPE  GLOBAL DEFAULT  ABS _heap_low_start
  3790: 400016e0     0 NOTYPE  GLOBAL DEFAULT  ABS Cache_Invalidate_DCache_All
  3791: 40004fe0     0 NOTYPE  GLOBAL DEFAULT  ABS r_sch_slice_bg_remove
  3792: 40003174     0 NOTYPE  GLOBAL DEFAULT  ABS r_assert_param
  3793: 40003dc8     0 NOTYPE  GLOBAL DEFAULT  ABS r_llc_llcp_send
  3794: 3fcefa08     0 NOTYPE  GLOBAL DEFAULT  ABS TASK_DESC_LLC
  3795: 40376554    60 FUNC    GLOBAL DEFAULT    7 rtc_isr_noniram_disable
  3796: 40001df4     0 NOTYPE  GLOBAL DEFAULT  ABS ets_bigint_modmult
  3797: 42006b34   348 FUNC    GLOBAL DEFAULT   12 gpio_sleep_set_direction
  3798: 40377070   627 FUNC    GLOBAL DEFAULT    7 bootloader_flash_execute_command_common
  3799: 40000774     0 NOTYPE  GLOBAL DEFAULT  ABS Uart_Init
  3800: 40002fb8     0 NOTYPE  GLOBAL DEFAULT  ABS lld_sync_start_req_handler
  3801: 4000381c     0 NOTYPE  GLOBAL DEFAULT  ABS r_hci_evt_mask_check
  3802: 4200d668    11 FUNC    WEAK   DEFAULT   12 _lseek_r
  3803: 400045d8     0 NOTYPE  GLOBAL DEFAULT  ABS r_lld_per_adv_set_tx_power
  3804: 4200d6cc    26 FUNC    GLOBAL DEFAULT   12 v5_put32
  3805: 3fcefff8     0 NOTYPE  GLOBAL DEFAULT  ABS dsps_fft2r_w_table_fc32_1024
  3806: 40003ae0     0 NOTYPE  GLOBAL DEFAULT  ABS r_ke_queue_insert
  3807: 400046d4     0 NOTYPE  GLOBAL DEFAULT  ABS r_lld_rxdesc_free
  3808: 4000558c     0 NOTYPE  GLOBAL DEFAULT  ABS ppEmptyDelimiterLength
  3809: 40004dd0     0 NOTYPE  GLOBAL DEFAULT  ABS r_rwip_schedule
  3810: 40002694     0 NOTYPE  GLOBAL DEFAULT  ABS cdc_acm_irq_rx_disable
  3811: 400056e8     0 NOTYPE  GLOBAL DEFAULT  ABS pp_post
  3812: 40001440     0 NOTYPE  GLOBAL DEFAULT  ABS longjmp
  3813: 4000525c     0 NOTYPE  GLOBAL DEFAULT  ABS RC_GetBlockAckTime
  3814: 400012fc     0 NOTYPE  GLOBAL DEFAULT  ABS isspace
  3815: 40003564     0 NOTYPE  GLOBAL DEFAULT  ABS r_dbg_env_deinit
  3816: 4037ad04   155 FUNC    GLOBAL DEFAULT    7 vPortExitCritical
  3817: 40004dac     0 NOTYPE  GLOBAL DEFAULT  ABS r_rwip_lpcycles_2_hus
  3818: 40001cd8     0 NOTYPE  GLOBAL DEFAULT  ABS r_lld_sync_start_hook
  3819: 4200d69c     5 FUNC    GLOBAL DEFAULT   12 pthread_include_pthread_cond_var_impl
  3820: 40004008     0 NOTYPE  GLOBAL DEFAULT  ABS r_lld_adv_duration_update
  3821: 3fceff74     0 NOTYPE  GLOBAL DEFAULT  ABS p_llm_env
  3822: 40002334     0 FUNC    GLOBAL DEFAULT  ABS __floatsidf
  3823: 400039e4     0 NOTYPE  GLOBAL DEFAULT  ABS r_ke_flush
  3824: 400057f0     0 NOTYPE  GLOBAL DEFAULT  ABS TRC_AMPDU_PER_DOWN_THRESHOLD
  3825: 4000411c     0 NOTYPE  GLOBAL DEFAULT  ABS r_lld_calc_aux_rx
  3826: 4000603c     0 NOTYPE  GLOBAL DEFAULT  ABS rom_mac_enable_bb
  3827: 400032e8     0 NOTYPE  GLOBAL DEFAULT  ABS r_bt_rf_coex_ext_adv_dynamic_pti_en_get
  3828: 4038096c    24 FUNC    GLOBAL DEFAULT    7 spi_flash_chip_generic_set_io_mode
  3829: 4037a558   297 FUNC    GLOBAL DEFAULT    7 xQueueGenericSend
  3830: 42004104   166 FUNC    GLOBAL DEFAULT   12 esp_mprot_set_monitor_lock
  3831: 3fcef82c     0 NOTYPE  GLOBAL DEFAULT  ABS coex_schm_env_ptr
  3832: 40000744     0 NOTYPE  GLOBAL DEFAULT  ABS send_packet
  3833: 40003498     0 NOTYPE  GLOBAL DEFAULT  ABS r_co_list_extract_after
  3834: 4037edc4   122 FUNC    GLOBAL DEFAULT    7 multi_heap_realloc_impl
  3835: 40001b84    14 FUNC    GLOBAL DEFAULT  ABS ets_isr_mask
  3836: 40002d18     0 NOTYPE  GLOBAL DEFAULT  ABS llc_auth_payl_nearly_to_handler
  3837: 3ff1f6c0     0 NOTYPE  GLOBAL DEFAULT  ABS co_rate_to_phy
  3838: 4000522c     0 NOTYPE  GLOBAL DEFAULT  ABS r_lld_adv_direct_adv_use_rpa_addr_state_get
  3839: 400042a8     0 NOTYPE  GLOBAL DEFAULT  ABS r_lld_con_phys_update
  3840: 3fcef9fc     0 NOTYPE  GLOBAL DEFAULT  ABS TASK_DESC_LLM
  3841: 400048e4     0 NOTYPE  GLOBAL DEFAULT  ABS r_lld_sync_start
  3842: 40005acc     0 NOTYPE  GLOBAL DEFAULT  ABS wifi_rf_phy_enable
  3843: 400040c8     0 NOTYPE  GLOBAL DEFAULT  ABS r_lld_adv_scan_rsp_data_set
  3844: 40002274     0 FUNC    GLOBAL DEFAULT  ABS __divsf3
  3845: 40002d00     0 NOTYPE  GLOBAL DEFAULT  ABS ll_terminate_ind_handler
  3846: 400061c8     0 NOTYPE  GLOBAL DEFAULT  ABS rom_bb_bss_cbw40_ana
  3847: 40005f94     0 NOTYPE  GLOBAL DEFAULT  ABS chip728_phyrom_version
  3848: 40002760     0 NOTYPE  GLOBAL DEFAULT  ABS dfu_flash_init
  3849: 400040f8     0 NOTYPE  GLOBAL DEFAULT  ABS r_lld_adv_stop
  3850: 40002010     0 NOTYPE  GLOBAL DEFAULT  ABS ets_efuse_ecc_en
  3851: 40005a84     0 NOTYPE  GLOBAL DEFAULT  ABS ieee80211_output_pending_eb
  3852: 40003d38     0 NOTYPE  GLOBAL DEFAULT  ABS r_llc_init_term_proc
  3853: 40001d58     0 NOTYPE  GLOBAL DEFAULT  ABS ets_hmac_enable
  3854: 4000510c     0 NOTYPE  GLOBAL DEFAULT  ABS r_lld_ext_adv_dynamic_pti_get
  3855: 40003dec     0 NOTYPE  GLOBAL DEFAULT  ABS r_llc_llcp_tx_check
  3856: 3fceffd4     0 NOTYPE  GLOBAL DEFAULT  ABS syscall_table_ptr
  3857: 400056c4     0 NOTYPE  GLOBAL DEFAULT  ABS ppTxqUpdateBitmap
  3858: 40001c84     0 NOTYPE  GLOBAL DEFAULT  ABS r_lld_adv_evt_start_cbk_hook
  3859: 40000828     0 NOTYPE  GLOBAL DEFAULT  ABS tinfl_decompress
  3860: 3fc94720     4 OBJECT  GLOBAL DEFAULT   11 esp_ipc_isr_start_fl
  3861: 400014dc     0 NOTYPE  GLOBAL DEFAULT  ABS atol
  3862: 40004f5c     0 NOTYPE  GLOBAL DEFAULT  ABS r_sch_plan_position_range_compute
  3863: 40004f80     0 NOTYPE  GLOBAL DEFAULT  ABS r_sch_plan_set
  3864: 40004e90     0 NOTYPE  GLOBAL DEFAULT  ABS r_sch_alarm_prog
  3865: 40003528     0 NOTYPE  GLOBAL DEFAULT  ABS r_co_list_size
  3866: 40002cb8     0 NOTYPE  GLOBAL DEFAULT  ABS ll_phy_update_ind_handler
  3867: 40003738     0 NOTYPE  GLOBAL DEFAULT  ABS r_h4tl_stop
  3868: 42001538    38 FUNC    GLOBAL DEFAULT   12 esp_cache_err_get_cpuid
  3869: 3c014a28     4 OBJECT  GLOBAL DEFAULT   15 uxTopUsedPriority
  3870: 403787a0   651 FUNC    GLOBAL DEFAULT    7 rtc_clk_cpu_freq_set_config
  3871: 4037e9c8    32 FUNC    GLOBAL DEFAULT    7 spi_flash_hal_check_status
  3872: 40005cd0     0 NOTYPE  GLOBAL DEFAULT  ABS rom_chip_i2c_readReg
  3873: 400018f0     0 NOTYPE  GLOBAL DEFAULT  ABS Cache_Freeze_ICache_Disable
  3874: 40003414     0 NOTYPE  GLOBAL DEFAULT  ABS r_btdm_isr
  3875: 40000000     0 NOTYPE  GLOBAL DEFAULT  ABS f_llm_scan_period_to_handler_hack
  3876: 4000390c     0 NOTYPE  GLOBAL DEFAULT  ABS r_hci_tl_hci_pkt_handler
  3877: 40002ea4     0 NOTYPE  GLOBAL DEFAULT  ABS llc_op_phy_upd_ind_handler
  3878: 40004800     0 NOTYPE  GLOBAL DEFAULT  ABS r_lld_scan_sync_accept
  3879: 40002700     0 NOTYPE  GLOBAL DEFAULT  ABS chip_usb_detach
  3880: 40378fa4   132 FUNC    GLOBAL DEFAULT    7 rtc_time_us_to_slowclk
  3881: 40005634     0 NOTYPE  GLOBAL DEFAULT  ABS ppResortTxAMPDU
  3882: 40002868     0 NOTYPE  GLOBAL DEFAULT  ABS usb_dc_ep_set_stall
  3883: 3fc93324     4 OBJECT  GLOBAL DEFAULT    9 esp_flash_api_funcs_patched_ptr
  3884: 40378004    52 FUNC    GLOBAL DEFAULT    7 mspi_timing_change_speed_mode_cache_safe
  3885: 50000000     0 NOTYPE  GLOBAL DEFAULT  ABS _rtc_noinit_start
  3886: 42007668   190 FUNC    GLOBAL DEFAULT   12 esp_flash_init_default_chip
  3887: 4037d160    58 FUNC    GLOBAL DEFAULT    7 s_cache_hal_init_ctx
  3888: 40001c98     0 NOTYPE  GLOBAL DEFAULT  ABS esp_rom_crc32_le
  3889: 40001cb4     0 NOTYPE  GLOBAL DEFAULT  ABS r_lld_init_evt_start_cbk_hook
  3890: 40002d60     0 NOTYPE  GLOBAL DEFAULT  ABS llc_ll_connection_update_ind_pdu_send
  3891: 4200d668    11 FUNC    WEAK   DEFAULT   12 _fcntl_r
  3892: 4000618c     0 NOTYPE  GLOBAL DEFAULT  ABS rom_i2c_paral_set_read
  3893: 3fc94b98    84 OBJECT  GLOBAL DEFAULT   11 __lock___tz_mutex
  3894: 3fcef850     0 NOTYPE  GLOBAL DEFAULT  ABS g_chm
  3895: 400035e8     0 NOTYPE  GLOBAL DEFAULT  ABS r_ecc_is_valid_point
  3896: 403807ac   148 FUNC    GLOBAL DEFAULT    7 spi_flash_chip_generic_write
  3897: 40003d5c     0 NOTYPE  GLOBAL DEFAULT  ABS r_llc_le_ping_proc_err_cb
  3898: 400006b4     0 NOTYPE  GLOBAL DEFAULT  ABS ets_write_char_uart
  3899: 400057e4     0 NOTYPE  GLOBAL DEFAULT  ABS rx11NRate2AMPDULimit
  3900: 400050dc     0 NOTYPE  GLOBAL DEFAULT  ABS r_vshci_init
  3901: 400012a8     0 NOTYPE  GLOBAL DEFAULT  ABS isblank
  3902: 40004530     0 NOTYPE  GLOBAL DEFAULT  ABS r_lld_per_adv_data_set
  3903: 4200228c    17 FUNC    GLOBAL DEFAULT   12 heap_caps_get_largest_free_block
  3904: 40004e9c     0 NOTYPE  GLOBAL DEFAULT  ABS r_sch_alarm_set
  3905: 42006dfc    18 FUNC    GLOBAL DEFAULT   12 bootloader_flash_update_id
  3906: 400060d8     0 NOTYPE  GLOBAL DEFAULT  ABS rom_pkdet_vol_start
  3907: 3c032f94     0 NOTYPE  GLOBAL DEFAULT  ABS _rodata_reserved_end
  3908: 40000000     0 NOTYPE  GLOBAL DEFAULT  ABS f_hci_le_test_end_cmd_handler
  3909: 400050c4     0 NOTYPE  GLOBAL DEFAULT  ABS r_vhci_send_to_host
  3910: 4037662c    62 FUNC    GLOBAL DEFAULT    7 regi2c_ctrl_write_reg_mask
  3911: 40380230    68 FUNC    GLOBAL DEFAULT    7 memspi_host_erase_block
  3912: 40380cf8   104 FUNC    GLOBAL DEFAULT    7 spi_flash_chip_generic_page_program
  3913: 400045a8     0 NOTYPE  GLOBAL DEFAULT  ABS r_lld_per_adv_init_info_get
  3914: 3fcef8c4     0 NOTYPE  GLOBAL DEFAULT  ABS g_mesh_is_started_ptr
  3915: 40002e08     0 NOTYPE  GLOBAL DEFAULT  ABS llc_ll_start_enc_rsp_pdu_send
  3916: 3c031b7c    24 OBJECT  GLOBAL DEFAULT   15 g_mmu_mem_regions
  3917: 3c010020   256 OBJECT  WEAK   DEFAULT   14 esp_app_desc
  3918: 400051b4     0 NOTYPE  GLOBAL DEFAULT  ABS r_lld_per_adv_dynamic_pti_get
  3919: 4000399c     0 NOTYPE  GLOBAL DEFAULT  ABS r_ke_event_flush
  3920: 40001bcc     0 NOTYPE  GLOBAL DEFAULT  ABS xthal_get_ccount
  3921: 403813f0   182 FUNC    GLOBAL DEFAULT    7 spi_flash_chip_mxic_opi_read_id
  3922: 400018fc     0 NOTYPE  GLOBAL DEFAULT  ABS rom_Cache_Freeze_DCache_Enable
  3923: 40002af0     0 NOTYPE  GLOBAL DEFAULT  ABS btdm_get_prevent_sleep_flag_impl
  3924: 400027b4     0 NOTYPE  GLOBAL DEFAULT  ABS dfu_updater_clear_err
  3925: 40003a8c     0 NOTYPE  GLOBAL DEFAULT  ABS r_ke_msg_free
  3926: 400011f4   245 FUNC    GLOBAL DEFAULT  ABS memcpy
  3927: 40003660     0 NOTYPE  GLOBAL DEFAULT  ABS r_esp_vendor_hci_command_handler
  3928: 400035ac     0 NOTYPE  GLOBAL DEFAULT  ABS r_ecc_gen_new_public_key
  3929: 4000615c     0 NOTYPE  GLOBAL DEFAULT  ABS rom_enter_critical_phy
  3930: 40376590    39 FUNC    GLOBAL DEFAULT    7 rtc_isr_noniram_enable
  3931: 40376b58     0 FUNC    GLOBAL DEFAULT    7 _xt_user_exit
  3932: 40001a40     0 NOTYPE  GLOBAL DEFAULT  ABS esp_rom_get_cpu_ticks_per_us
  3933: 4000246c     0 FUNC    GLOBAL DEFAULT  ABS __nedf2
  3934: 40005208     0 NOTYPE  GLOBAL DEFAULT  ABS r_lld_init_evt_end_type_set
  3935: 4000480c     0 NOTYPE  GLOBAL DEFAULT  ABS r_lld_scan_sync_info_unpack
  3936: 40006258     0 NOTYPE  GLOBAL DEFAULT  ABS rom_phy_en_hw_set_freq
  3937: 40003b1c     0 NOTYPE  GLOBAL DEFAULT  ABS r_ke_task_create
  3938: 3fcefe44     0 NOTYPE  GLOBAL DEFAULT  ABS h4tl_env
  3939: 40004efc     0 NOTYPE  GLOBAL DEFAULT  ABS r_sch_arb_remove
  3940: 40380984     7 FUNC    GLOBAL DEFAULT    7 spi_flash_chip_generic_probe
  3941: 40002ebc     0 NOTYPE  GLOBAL DEFAULT  ABS llc_stopped_ind_handler
  3942: 4000207c     0 NOTYPE  GLOBAL DEFAULT  ABS ets_ecc_set_flash_byte_mode
  3943: 40002c94     0 NOTYPE  GLOBAL DEFAULT  ABS ll_pause_enc_rsp_handler
  3944: 4037ebb4    30 FUNC    GLOBAL DEFAULT    7 systimer_hal_enable_alarm_int
  3945: 40001c60     0 NOTYPE  GLOBAL DEFAULT  ABS r_llc_loc_encrypt_proc_continue_hook
  3946: 400050f4     0 NOTYPE  GLOBAL DEFAULT  ABS r_lld_legacy_adv_dynamic_pti_get
  3947: 420052e0    62 FUNC    GLOBAL DEFAULT   12 esp_mprot_ll_err_to_esp_err
  3948: 40004bc0     0 NOTYPE  GLOBAL DEFAULT  ABS r_notEqual256
  3949: 4037e1b0   466 FUNC    GLOBAL DEFAULT    7 spi_flash_hal_common_command
  3950: 40002238     0 NOTYPE  GLOBAL DEFAULT  ABS __ctzsi2
  3951: 4037d0a4    37 FUNC    GLOBAL DEFAULT    7 xTaskGetCoreID
  3952: 40000000     0 NOTYPE  GLOBAL DEFAULT  ABS f_hci_le_create_con_cmd_handler
  3953: 40003030     0 NOTYPE  GLOBAL DEFAULT  ABS r_AddPdiv2_256
  3954: 40003ab0     0 NOTYPE  GLOBAL DEFAULT  ABS r_ke_msg_send
  3955: 40003fc0     0 NOTYPE  GLOBAL DEFAULT  ABS r_lld_adv_adv_data_update
  3956: 40006030     0 NOTYPE  GLOBAL DEFAULT  ABS rom_bb_reg_init
  3957: 40003d2c     0 NOTYPE  GLOBAL DEFAULT  ABS r_llc_hci_version_info_send
  3958: 40002b5c     0 NOTYPE  GLOBAL DEFAULT  ABS hci_le_rd_phy_cmd_handler
  3959: 40002afc     0 NOTYPE  GLOBAL DEFAULT  ABS btdm_power_state_active_impl
  3960: 40003abc     0 NOTYPE  GLOBAL DEFAULT  ABS r_ke_msg_send_basic
  3961: 40004df4     0 NOTYPE  GLOBAL DEFAULT  ABS r_rwip_sw_int_req
  3962: 40001c5c     0 NOTYPE  GLOBAL DEFAULT  ABS esp_rom_md5_init
  3963: 4000204c     0 NOTYPE  GLOBAL DEFAULT  ABS ets_ecc_flash_disable
  3964: 40002f64     0 NOTYPE  GLOBAL DEFAULT  ABS lld_per_adv_end_ind_handler
  3965: 40005fa0     0 NOTYPE  GLOBAL DEFAULT  ABS rom_disable_wifi_agc
  3966: 3fc93318     4 OBJECT  GLOBAL DEFAULT    9 offset_pxEndOfStack
  3967: 4037d740    15 FUNC    GLOBAL DEFAULT    7 spi_flash_encryption_hal_destroy
  3968: 60008400     0 NOTYPE  GLOBAL DEFAULT  ABS RTCIO
  3969: 40004c44     0 NOTYPE  GLOBAL DEFAULT  ABS r_rf_rw_v9_le_enable
  3970: 40003054     0 NOTYPE  GLOBAL DEFAULT  ABS r_GF_Point_Jacobian_To_Affine256
  3971: 4037d25c    66 FUNC    GLOBAL DEFAULT    7 cache_hal_enable
  3972: 40004f14     0 NOTYPE  GLOBAL DEFAULT  ABS r_sch_plan_chk
  3973: 4037ca24   184 FUNC    GLOBAL DEFAULT    7 ulTaskGenericNotifyTake
  3974: 40001248    99 FUNC    GLOBAL DEFAULT  ABS strlen
  3975: 4000210c     0 NOTYPE  GLOBAL DEFAULT  ABS ets_ecc_set_sram_range
  3976: 40001da0     0 NOTYPE  GLOBAL DEFAULT  ABS ets_aes_enable
  3977: 40005e2c     0 NOTYPE  GLOBAL DEFAULT  ABS rom_pbus_workmode
  3978: 3fc94b28     8 OBJECT  GLOBAL DEFAULT   11 port_xSchedulerRunning
  3979: 3ff1f47c     0 NOTYPE  GLOBAL DEFAULT  ABS hci_cmd_desc_tab_ctrl_bb
  3980: 4000093c     0 NOTYPE  GLOBAL DEFAULT  ABS esp_rom_spi_set_dtr_swap_mode
  3981: 40003888     0 NOTYPE  GLOBAL DEFAULT  ABS r_hci_look_for_evt_desc
  3982: 4000627c     0 NOTYPE  GLOBAL DEFAULT  ABS rom_wrtie_pll_cap
  3983: 3fceff60     0 NOTYPE  GLOBAL DEFAULT  ABS r_osi_funcs_p
  3984: 40005e38     0 NOTYPE  GLOBAL DEFAULT  ABS rom_pbus_xpd_rx_off
  3985: 40004b3c     0 NOTYPE  GLOBAL DEFAULT  ABS r_llm_plan_elt_get
  3986: 40000000     0 NOTYPE  GLOBAL DEFAULT  ABS f_hci_le_enh_rx_test_cmd_handler
  3987: 40004a10     0 NOTYPE  GLOBAL DEFAULT  ABS r_llm_adv_reports_list_check
  3988: 4200d778    78 FUNC    GLOBAL DEFAULT   12 __hi0bits
  3989: 40004fc8     0 NOTYPE  GLOBAL DEFAULT  ABS r_sch_prog_tx_isr
  3990: 4000348c     0 NOTYPE  GLOBAL DEFAULT  ABS r_co_list_extract
  3991: 400048d8     0 NOTYPE  GLOBAL DEFAULT  ABS r_lld_sync_sched
  3992: 40005568     0 NOTYPE  GLOBAL DEFAULT  ABS ppCheckTxAMPDUlength
  3993: 400020dc     0 NOTYPE  GLOBAL DEFAULT  ABS ets_ecc_get_sram_page_size
  3994: 40004758     0 NOTYPE  GLOBAL DEFAULT  ABS r_lld_scan_params_update
  3995: 40006414     0 NOTYPE  GLOBAL DEFAULT  ABS chip728_phyrom_version_num
  3996: 400014e8     0 NOTYPE  GLOBAL DEFAULT  ABS strtol
  3997: 40003c90     0 NOTYPE  GLOBAL DEFAULT  ABS r_llc_dle_proc_err_cb
  3998: 4037837c    71 FUNC    GLOBAL DEFAULT    7 rtc_clk_fast_src_set
  3999: 400048c0     0 NOTYPE  GLOBAL DEFAULT  ABS r_lld_sync_process_pkt_rx_pkt_check
  4000: 400032a0     0 NOTYPE  GLOBAL DEFAULT  ABS r_bt_bb_intr_clear
  4001: 400034ec     0 NOTYPE  GLOBAL DEFAULT  ABS r_co_list_pool_init
  4002: 403810f8   134 FUNC    GLOBAL DEFAULT    7 spi_flash_chip_mxic_opi_erase_chip
  4003: 4000306c     0 NOTYPE  GLOBAL DEFAULT  ABS r_MultiplyBigHexModP256
  4004: 403769c8    74 FUNC    GLOBAL DEFAULT    7 _times_r
  4005: 40000000     0 NOTYPE  GLOBAL DEFAULT  ABS f_ll_ping_req_handler
  4006: 40005a60     0 NOTYPE  GLOBAL DEFAULT  ABS ieee80211_ampdu_start_age_timer
  4007: 400061a4     0 NOTYPE  GLOBAL DEFAULT  ABS rom_i2c_paral_write
  4008: 40374240     0 FUNC    GLOBAL DEFAULT    6 _Level5Vector
  4009: 40002a00     0 NOTYPE  GLOBAL DEFAULT  ABS usb_cancel_transfer
  4010: 4000252c     0 NOTYPE  GLOBAL DEFAULT  ABS __truncdfsf2
  4011: 40003240     0 NOTYPE  GLOBAL DEFAULT  ABS r_ble_util_buf_rx_alloc
  4012: 40002a78     0 NOTYPE  GLOBAL DEFAULT  ABS bt_rf_coex_get_dft_cfg
  4013: 40000000     0 NOTYPE  GLOBAL DEFAULT  ABS r_flash_init
  4014: 400027a8     0 NOTYPE  GLOBAL DEFAULT  ABS dfu_updater_get_err
  4015: 40002ca0     0 NOTYPE  GLOBAL DEFAULT  ABS ll_phy_req_handler
  4016: 3c014224   200 OBJECT  GLOBAL DEFAULT   15 soc_memory_regions
  4017: 403775b0     8 FUNC    GLOBAL DEFAULT    7 spi_flash_disable_cache
  4018: 40002f58     0 NOTYPE  GLOBAL DEFAULT  ABS lld_llcp_tx_cfm_handler
  4019: 4037b1b0   314 FUNC    GLOBAL DEFAULT    7 vSystimerSetup
  4020: 4200d6ac     5 FUNC    GLOBAL DEFAULT   12 pthread_include_pthread_rwlock_impl
  4021: 4037d388    48 FUNC    GLOBAL DEFAULT    7 cache_hal_freeze
  4022: 40001efc     0 NOTYPE  GLOBAL DEFAULT  ABS ets_efuse_count_unused_key_blocks
  4023: 40000000     0 NOTYPE  GLOBAL DEFAULT  ABS r_lld_scan_init
  4024: 3fc9471c     4 OBJECT  GLOBAL DEFAULT   11 esp_ipc_func
  4025: 40005ce8     0 NOTYPE  GLOBAL DEFAULT  ABS rom_dc_iq_est
  4026: 40005c7c     0 NOTYPE  GLOBAL DEFAULT  ABS rom_bb_wdg_test_en
  4027: 4037ed60    98 FUNC    GLOBAL DEFAULT    7 multi_heap_malloc_impl
  4028: 40381544   128 FUNC    GLOBAL DEFAULT    7 spi_flash_chip_mxic_opi_get_io_mode
  4029: 3fc94b98    84 OBJECT  GLOBAL DEFAULT   11 __lock___arc4random_mutex
  4030: 400045e4     0 NOTYPE  GLOBAL DEFAULT  ABS r_lld_per_adv_start
  4031: 3fc946f8     1 OBJECT  GLOBAL DEFAULT   11 int_wdt_cpu1_ticked
  4032: 40002640     0 NOTYPE  GLOBAL DEFAULT  ABS cdc_acm_fifo_read
  4033: 3c032f94     0 NOTYPE  GLOBAL DEFAULT  ABS _thread_local_start
  4034: 403790c0    16 FUNC    GLOBAL DEFAULT    7 systimer_us_to_ticks
  4035: 400035a0     0 NOTYPE  GLOBAL DEFAULT  ABS r_ecc_abort_key256_generation
  4036: 4000222c     0 NOTYPE  GLOBAL DEFAULT  ABS __ctzdi2
  4037: 400035b8     0 NOTYPE  GLOBAL DEFAULT  ABS r_ecc_gen_new_secret_key
  4038: 400030cc     0 NOTYPE  GLOBAL DEFAULT  ABS r_aes_ccm_continue
  4039: 40001ca4     0 NOTYPE  GLOBAL DEFAULT  ABS r_lld_con_evt_start_cbk_hook
  4040: 40003e34     0 NOTYPE  GLOBAL DEFAULT  ABS r_llc_loc_encrypt_proc_err_cb
  4041: 40005d54     0 NOTYPE  GLOBAL DEFAULT  ABS rom_i2c_readReg_Mask
  4042: 40000000     0 NOTYPE  GLOBAL DEFAULT  ABS f_hci_vendor_ble_qa_test_cmd_handler
  4043: 40003258     0 NOTYPE  GLOBAL DEFAULT  ABS r_ble_util_buf_rx_free
  4044: 40375a0c    22 FUNC    GLOBAL DEFAULT    7 panic_abort
  4045: 40003f54     0 NOTYPE  GLOBAL DEFAULT  ABS r_llc_role_get
  4046: 40005df0     0 NOTYPE  GLOBAL DEFAULT  ABS rom_pbus_rd
  4047: 40005dc0     0 NOTYPE  GLOBAL DEFAULT  ABS rom_noise_floor_auto_set
  4048: 400028ec     0 NOTYPE  GLOBAL DEFAULT  ABS usb_dc_ep_read
  4049: 40004e30     0 NOTYPE  GLOBAL DEFAULT  ABS r_rwip_timer_hs_set
  4050: 42007538   120 FUNC    GLOBAL DEFAULT   12 esp_mspi_get_io
  4051: 40002c40     0 NOTYPE  GLOBAL DEFAULT  ABS ll_enc_rsp_handler
  4052: 40001b54     0 NOTYPE  GLOBAL DEFAULT  ABS esp_rom_route_intr_matrix
  4053: 40004998     0 NOTYPE  GLOBAL DEFAULT  ABS r_lld_update_rxbuf_isr
  4054: 40000000     0 NOTYPE  GLOBAL DEFAULT  ABS r_nvds_init
  4055: 40005bf8     0 NOTYPE  GLOBAL DEFAULT  ABS coex_hw_timer_enable
  4056: 40003018     0 NOTYPE  GLOBAL DEFAULT  ABS r_AddBigHexModP256
  4057: 403815e0     7 FUNC    GLOBAL DEFAULT    7 spi_flash_chip_mxic_opi_get_caps
  4058: 400005c4     0 NOTYPE  GLOBAL DEFAULT  ABS ets_is_print_boot
  4059: 40003348     0 NOTYPE  GLOBAL DEFAULT  ABS r_bt_rma_apply_rule_cs_fmt
  4060: 400006cc     0 NOTYPE  GLOBAL DEFAULT  ABS multofup
  4061: 3fcef918     0 NOTYPE  GLOBAL DEFAULT  ABS s_wifi_queue
  4062: 3fceff54     0 NOTYPE  GLOBAL DEFAULT  ABS aa_gen
  4063: 40001cc8     0 NOTYPE  GLOBAL DEFAULT  ABS crc8_le
  4064: 40002dfc     0 NOTYPE  GLOBAL DEFAULT  ABS llc_ll_start_enc_req_pdu_send
  4065: 40002538     0 NOTYPE  GLOBAL DEFAULT  ABS __ucmpdi2
  4066: 40380474    29 FUNC    GLOBAL DEFAULT    7 spi_flash_chip_gd_suspend_cmd_conf
  4067: 400044ac     0 NOTYPE  GLOBAL DEFAULT  ABS r_lld_init_process_pkt_tx_cal_con_timestamp
  4068: 3ff1f6ac     0 NOTYPE  GLOBAL DEFAULT  ABS co_sca2ppm
  4069: 40001ad0     0 NOTYPE  GLOBAL DEFAULT  ABS gpio_pad_hold
  4070: 4037ce80   157 FUNC    GLOBAL DEFAULT    7 xTaskCreatePinnedToCore
  4071: 4000135c     0 NOTYPE  GLOBAL DEFAULT  ABS strcasecmp
  4072: 40003be8     0 NOTYPE  GLOBAL DEFAULT  ABS r_led_set_all
  4073: 400038ac     0 NOTYPE  GLOBAL DEFAULT  ABS r_hci_pack_bytes
  4074: 40001c74     0 NOTYPE  GLOBAL DEFAULT  ABS esp_rom_md5_final
  4075: 40002130     0 NOTYPE  GLOBAL DEFAULT  ABS ets_rsa_pss_verify
  4076: 40002148     0 NOTYPE  GLOBAL DEFAULT  ABS ets_secure_boot_verify_signature
  4077: 4037ee68   887 FUNC    GLOBAL DEFAULT    7 tlsf_free
  4078: 3fcefe8a     0 NOTYPE  GLOBAL DEFAULT  ABS g_rma_rule_db
  4079: 4200d57c     5 FUNC    GLOBAL DEFAULT   12 esp_timer_init_include_func
  4080: 40004074     0 NOTYPE  GLOBAL DEFAULT  ABS r_lld_adv_frm_skip_isr
  4081: 40005664     0 NOTYPE  GLOBAL DEFAULT  ABS ppRxProtoProc
  4082: 400052ec     0 NOTYPE  GLOBAL DEFAULT  ABS ic_interface_enabled
  4083: 40006330     0 NOTYPE  GLOBAL DEFAULT  ABS rom_phy_reg_init
  4084: 400045fc     0 NOTYPE  GLOBAL DEFAULT  ABS r_lld_per_adv_sync_info_get
  4085: 40001410     0 NOTYPE  GLOBAL DEFAULT  ABS strsep
  4086: 40002994     0 NOTYPE  GLOBAL DEFAULT  ABS usb_write_would_block
  4087: 4000228c     0 FUNC    GLOBAL DEFAULT  ABS __eqdf2
  4088: 400006b4     0 NOTYPE  GLOBAL DEFAULT  ABS esp_rom_output_putc
  4089: 4037686c    15 FUNC    GLOBAL DEFAULT    7 __retarget_lock_close
  4090: 3ff1ee54     0 NOTYPE  GLOBAL DEFAULT  ABS g_wdev_last_desc_reset_ptr
  4091: 40003dd4     0 NOTYPE  GLOBAL DEFAULT  ABS r_llc_llcp_state_set
  4092: 4000294c     0 NOTYPE  GLOBAL DEFAULT  ABS usb_dev_resume
  4093: 40375a24    36 FUNC    GLOBAL DEFAULT    7 panicHandler
  4094: 4037bb30   311 FUNC    GLOBAL DEFAULT    7 vTaskPrioritySet
  4095: 40003b88     0 NOTYPE  GLOBAL DEFAULT  ABS r_ke_time_past
  4096: 40004a04     0 NOTYPE  GLOBAL DEFAULT  ABS r_llm_adv_rep_flow_control_update
  4097: 400022d4     0 FUNC    GLOBAL DEFAULT  ABS __fixdfsi
  4098: 3fceff64     0 NOTYPE  GLOBAL DEFAULT  ABS r_modules_funcs_p
  4099: 4200d668    11 FUNC    WEAK   DEFAULT   12 _isatty_r
  4100: 40003fb4     0 NOTYPE  GLOBAL DEFAULT  ABS r_lld_adv_adv_data_set
  4101: 40003c9c     0 NOTYPE  GLOBAL DEFAULT  ABS r_llc_feats_exch_proc_err_cb
  4102: 40006420     0 NOTYPE  GLOBAL DEFAULT  ABS rom_mac_tx_chan_offset
  4103: 40003234     0 NOTYPE  GLOBAL DEFAULT  ABS r_ble_util_buf_llcp_tx_free
  4104: 40001ea8     0 NOTYPE  GLOBAL DEFAULT  ABS ets_efuse_clear_program_registers
  4105: 40005610     0 NOTYPE  GLOBAL DEFAULT  ABS lmacReleaseTxopQueue
  4106: 40375764   232 FUNC    GLOBAL DEFAULT    7 esp_system_reset_modules_on_exit
  4107: 3fcefc24     0 NOTYPE  GLOBAL DEFAULT  ABS llm_le_adv_flow_env
  4108: 400060b4     0 NOTYPE  GLOBAL DEFAULT  ABS rom_write_txrate_power_offset
  4109: 4200d674    11 FUNC    GLOBAL DEFAULT   12 _write_r_console
  4110: 4000363c     0 NOTYPE  GLOBAL DEFAULT  ABS r_emi_get_em_mapping_idx_by_offset
  4111: 3fcefbfc     0 NOTYPE  GLOBAL DEFAULT  ABS rwip_env
  4112: 42006054   342 FUNC    GLOBAL DEFAULT   12 pq_qcfs
  4113: 40001ff8     0 NOTYPE  GLOBAL DEFAULT  ABS ets_efuse_usb_device_disabled
  4114: 4000621c     0 NOTYPE  GLOBAL DEFAULT  ABS rom_tsens_index_to_offset
  4115: 42005b8c   100 FUNC    GLOBAL DEFAULT   12 v5_error
  4116: 40002070     0 NOTYPE  GLOBAL DEFAULT  ABS ets_ecc_set_flash_page_size
  4117: 40000000     0 NOTYPE  GLOBAL DEFAULT  ABS f_ll_ping_rsp_handler
  4118: 40004974     0 NOTYPE  GLOBAL DEFAULT  ABS r_lld_test_start
  4119: 4000351c     0 NOTYPE  GLOBAL DEFAULT  ABS r_co_list_push_front
  4120: 403802bc   101 FUNC    GLOBAL DEFAULT    7 memspi_host_init_pointers
  4121: 403780a8     7 FUNC    GLOBAL DEFAULT    7 spi_flash_timing_is_tuned
  4122: 40000000     0 NOTYPE  GLOBAL DEFAULT  ABS f_ll_pause_enc_rsp_handler
  4123: 40004284     0 NOTYPE  GLOBAL DEFAULT  ABS r_lld_con_max_lat_calc
  4124: 3fcefc58     0 NOTYPE  GLOBAL DEFAULT  ABS lld_per_adv_env

No version information found in this file.

Displaying notes found in: .xtensa.info
  Owner                Data size 	Description
  Xtensa_Info          0x00000020	NT_VERSION (version)	   description data: 55 53 45 5f 41 42 53 4f 4c 55 54 45 5f 4c 49 54 45 52 41 4c 53 3d 30 0a 41 42 49 3d 30 0a 00 00 
