:1000000000200020C51000003D0F0000C1100000BE
:10001000C1100000C1100000C1100000C11000009C
:10002000000000000000000000000000C1100000FF
:10003000C110000000000000C1100000C11000004D
:10004000710B0000490C00005D0D0000490C000020
:040050005D0D000042
:100054000348044B834202D0034B03B11847704753
:10006400E8E00100E8E0010000000000064B074959
:10007400C91A891048BF0131491003D0044B0BB190
:1000840001481847704700BFE8E00100E8E00100BC
:100094000000000010B5064C237843B9FFF7D8FFE1
:1000A400044B13B10448AFF300800123237010BD47
:1000B4001C200020000000005400000008B5054B7F
:1000C4001BB105490548AFF30080BDE80840FFF7C0
:1000D400CDBF00BF0000000020200020540000001D
:1000E4002DE9F04F4B4D00212B46FBB005F5007276
:1000F40003F8011B9342FBD10126474B18AC2B603C
:100104006E6000F0A3FA454B31461A6803460DF1C0
:100114005F082046EB60EA6100F0BCF842460DF14E
:10012400FF0B341BA31812F8011F2B445A4583F804
:100134006011F7D101220192AA61BFF35F8F7AABFC
:10014400C3F1E90602ABAA600DF2E717A2EB0309BB
:10015400D5F810A0BAF1000FFAD06B695345F7D067
:100164000223AB60BFF35F8F5C465B46F2182A4400
:1001740092F8202003F8012FBB42F7D1BFF35F8F21
:100184002B69534532D002A9042240A800F0F0F8AC
:100194000421BFF35F8F2A69A2EB0A02B2FA82F24A
:1001A400520933192B4414F8010F93F82030984264
:1001B40018BF0022BC42F4D122B30DF1070309EBAE
:1001C400030213F8010F2A44984582F80801F6D176
:1001D400019BAB61BFF35F8F002914BF042303238A
:1001E400AB60BFF35F8FC5F814A0B1E742A800F07D
:1001F4004FF85045C7D102A901AA40A800F0D6F88B
:100204000146C6E702A9042240A800F0B1F804217F
:10021400D3E700BF00F0012056353541902000207F
:1002240038B50C46054654220021201D01F001F882
:100234000123154A23712260D5F808C0E8682A69A9
:100244006B691249C4F808C001F1400EE0602261F4
:10025400636104F11F0C0B784878A3F13002D2B229
:10026400092A84BF573BDAB2A0F13003DBB2092B71
:1002740084BF5738C3B2023143EA02138E450CF8E7
:10028400013FE8D138BD00BF56355253E8DF0100C5
:100294000068704770B59C2204460D460430002166
:1002A40000F0C7FF01232E4AA56022602371237347
:1002B40000F0CCF90022811A4FF0290C4FF005050B
:1002C40018BF0121274B6274A274E2746275A2758F
:1002D400E2756276A276E27603F1400684F814C0F1
:1002E400257604F11C022174D3F800C05D68986877
:1002F400D9681033B342C2F800C055609060D16031
:1003040002F11002F0D1184D04F15C0E05F1400623
:10031400AC460EF1100EBCE80F00B44505F1100513
:100324004EF8100C4EF80C1C4EF8082C4EF8043CF9
:10033400EED1A4464FF0FF320C4804F19C0508218D
:100344001CF8013B5A4042F300030340013983EA9D
:100354005202F8D1AC45F2D1D243C4F89C2070BD0E
:1003640056354849E8DF0100481200002083B8ED03
:1003740038B50C461546FFF753FF4FF0FF30A4463F
:100384000949A56104F1540E08221CF8013B5840A8
:1003940040F300030B40013A83EA5000F8D1F445DE
:1003A400F2D1C043606538BD2083B8ED2DE9F0413A
:1003B400B0B080B10E4671B1174662B102684D4BC0
:1003C40005469A4202D14368012B09D001223146E5
:1003D4002846FFF7CDFF0124204630B0BDE8F08168
:1003E4008369292BF2D1C369A42BEFD14FF0FF3CD1
:1003F4000146414A50F8E4EF082411F8013B8CEA25
:10040400030C4CF300031340013C83EA5C0CF8D169
:100414008842F1D16FEA0C0CE645D7D13146284623
:10042400FFF7FEFE2022B118A81800F0F2FE002803
:1004340051D1AB68E9685A1EB2F5806F44D238686E
:10044400984241D18A423FD14FF00508A42205F1D8
:10045400400107A800F0D0FE02AB2922274807A9D3
:10046400CDF8008000F0A8F93B6801333B60C8BBBD
:10047400B46102ADC6F81C8006F13F0406F15307CF
:100484002246002355F8040B20FA03F10833202BED
:1004940002F8011FF8D10434A742F1D130464FF0DD
:1004A400FF32154906F15405082410F8013B5A405F
:1004B40042F300030B40013C83EA5202F8D1854227
:1004C400F2D1D243726587E7032231462846FFF70B
:1004D4004FFF032480E7022231462846FFF748FFF6
:1004E400022479E700F58074224631462846FFF756
:1004F4003FFF71E7563552512083B8ED8C1200004E
:10050400C0EE207AC0F17F0307EE103A82B0CDED41
:10051400017AB8EEC77ADDED017AF4EEC77AF1EE2E
:1005240010FA2EDA6FF07F031A1A07EE102AB8EECB
:10053400C77AF4EEC77AF1EE10FA1ED9BBFE677AD9
:1005440077EEC77ACDED007AF6EE006ADDED007A3B
:10055400F4EEE67ABDEEC77AF1EE10FA17EE103A31
:1005640006DCF4EE667AF1EE10FA02D1DA0700D571
:100574000133184400F3070043B200200B7002B0AB
:1005840070477F2300200B7002B070472DE9F041C3
:1005940086B06C4684E80C00DDED000A00294ED0DC
:1005A400F0EEE07A9FED286AF4EE467AF1EE10FA66
:1005B40090ED000A3FD8F5EEC00AF1EE10FA3ADDEC
:1005C4001D468033FF2B36D80F4604464FF00008F3
:1005D400061D03E0474532D0B6EC010AF0EEC07ABE
:1005E400F4EE467AF1EE10FA21D828460DF10F0107
:1005F400FFF786FF08F10108F0B99DF90F305B1B86
:1006040007EE903AF8EEE77ACDED047ADDED047A60
:1006140060EEA77ACDED057ADDED057AB0EEE77AE6
:10062400B4EE467AF1EE10FAE4EC017AD2D9032062
:1006340006B0BDE8F081012006B0BDE8F0810020DD
:1006440006B0BDE8F08100BFFFFF7F7F4FF40002DA
:100654004FF07C5300B585B001920293DDED017A31
:100664009DED027A67EE877ACDED037A00F0BEFD48
:1006740058B9DDED037AF5EEC07AF1EE10FACCBF8D
:100684000120002005B05DF804FB002005B05DF8F2
:1006940004FB00BF00287BD0002979D0D0ED097A73
:1006A4009FED447AF0EEE76AF4EE476AF1EE10FA51
:1006B4006ED8F5EEC07AF1EE10FA69D9D0ED0A6A77
:1006C400F5EE406AF1EE10FA62D1D0ED0B5AB7EEB6
:1006D400006AF4EE465AF1EE10FA59D1D0ED0C5AF4
:1006E400B1EE006AF4EE465AF1EE10FA50D190EDF4
:1006F4000D5AF6EE005AB4EE655AF1EE10FA47D1EF
:10070400D0ED0E5AF4EE465AF1EE10FA40D1B0EEA6
:10071400C06AB4EE476AF1EE10FA49D880EE277A3F
:1007240086B08DED017A9DED017AF4EEC76AF1EEA3
:1007340010FA2FDDF1EE005A66EEA55ACDED055AFA
:100744009DED057AB6EE005A37EE057A8DED047A02
:100754009DED047AB5EE006ABBFE477A27EE067A71
:100764008DED037A9DED037A67EE877ACDED027AFB
:10077400DDED027ADFED0F6AB0EEE77AB4EE667A69
:10078400F1EE10FA12D8C1ED007A002006B07047DD
:1007940001207047F7EE006AB4EEE67AF1EE10FA43
:1007A400DCBFF1EE005A67EE255AC7E70320EDE7F8
:1007B40003207047FFFF7F7F2DE9F04F2DED028B63
:1007C400ADF6340D80B1009171B11C4663B1531E76
:1007D400FF2B154608D8DDF86038013BFF2B03D802
:1007E40083688346934207D0012738460DF6340DBB
:1007F400BDEC028BBDE8F08FD0F8D830DDF860286E
:100804009342F1D1D0ED007A9FEDB97AF0EEE76A28
:10081400F4EE476AF1EE10FA4368E5D8F5EEC07AD3
:10082400F1EE10FAE0DD8033FF2BDDD84FF4000346
:1008340009934FF07C530A93DDED097A9DED0A7A12
:1008440067EE877ACDED0B7A00F0D0FC02460028E3
:100854007AD1DDED0B7AF5EEC07AF1EE10FA73DDA4
:10086400DFEDA36A5B462E4600999868B042BBD17F
:10087400DE68701EFF28B7D818690028B4D05869FC
:100884000028B1D09F69002FAED0D8690028ABD022
:10089400186A0028A8D0D3ED097AB0EEE77AB4EE4E
:1008A400667AF1EE10FAD3F828C09DD8F5EEC07A36
:1008B400F1EE10FA98DD0CF1800CBCF1FF0F93D827
:1008C400032A18D0D3ED117A9FED897AB0EEE76A46
:1008D400B4EE476AF1EE10FAD3F848C084D8F5EEC6
:1008E400C07AF1EE10FA7FF77FAF0CF1800CBCF107
:1008F400FF0F3FF679AFDFED7E7A4FF0000C17E083
:10090400B5EEC07AF1EE10FA7FF66EAFB0EC017A74
:10091400B0EEC76AB4EE676AF1EE10FA3FF664AF60
:10092400B5EEC07AF1EE10FA7FF65EAF66450DD9EA
:10093400B7EC017AB0EEC76AB4EE676AF1EE10FA6A
:100944000CF1010CDCD94FE702274EE70132042AEF
:1009540003F1440389D1AA000CA800F04DFC9BE8E4
:100964000C0029460CA8FFF711FE074600287FF467
:100974003CAF9FED608ADFED5E8AA2460BF108056D
:100984000BF58C790BF1D40B6E68002E69D0002125
:100994000F466B69D5F800E0A3F1040CAC690DF5C2
:1009A40086630093CDF80490B0EE487ABA00BEF1A5
:1009B400000F2DD02B690DF13008134493ED006A1C
:1009C400D5E9022302EB0E09D8570A44894412F9E7
:1009D400013BF8EC016A1B1A07EE903AF8EEE77A4D
:1009E400CDED047ADDED047A66EE277ACDED057A55
:1009F400DDED057A66EEA77ACDED037ADDED037AB7
:100A040037EE877A91458DED027A9DED027ADED13B
:100A1400DCED016AF8EEE66ACDED076ADDED076A02
:100A2400F4EC017A67EEA67ACDED087ADDED087A6A
:100A340077EE877ACDED067ADDED067AB0EEE77AC9
:100A4400B4EE687A009BF1EE10FAE3EC017A0CF153
:100A5400040C00933FD80137B7427144A4D1DDF8A8
:100A640004903146D5E907230DF58660FFF78EFD26
:100A7400074600287FF4B9AE5D4530D080460DF5B9
:100A8400866209E011462846B2EC010AFFF702FE2D
:100A940008F10108034600BBB045F3D1D5E90F23A3
:100AA40041460DF58660FFF771FD0346A8B94FEA8C
:100AB40088020DF586610CA8443500F09DFB4D4578
:100AC4007FF462AF5446DDF8603820460CA99A00E2
:100AD40000F092FB89E6032787E61F4685E60DF5BD
:100AE4008661B2000CA8544600F086FBEBE700BF19
:100AF400FFFF7F7F0000000008B5FFF7F1FA002038
:100B040008BD00BFF0B5076A06468BB067B3BE46A2
:100B14006C468C46BEE80F003D460FC4BEE80F008D
:100B24000FC49EE8030084E80300BCE80F000FC56F
:100B3400BCE80F000FC59CE803008EE80300F369CE
:100B440038469847336A6BB19C46EE46BEE80F00C0
:100B5400ACE80F00BEE80F00ACE80F009EE803000D
:100B64008CE803000BB0F0BD0F46E8E730B58BB05E
:100B7400EFF30383103B304A5BB2C03352F82310C7
:100B840021F4803142F8231052F82330EFF3038329
:100B94002A48103B5BB250F82350282200216846B3
:100BA40000F047FB00206C6894F84D3884F84D0839
:100BB400DBB2ADF80430B4F84218C1F30012C90630
:100BC40038D543F02003ADF80430022394F85328B9
:100BD40084F8533894F85238D2B203F01F0384F8DF
:100BE4005328E11891F8202860F3820281F8202824
:100BF4002A686946126803936B6A28460493009234
:100C0400FFF780FFB4F84238DB0611D52B681A6968
:100C1400127D6AB193F91530002B09DB01215A09C1
:100C2400074803F01F03403201FA03F340F822306F
:100C34000BB030BD1346DBE700600040702000209D
:100C440000E100E02DE9F0418AB0EFF30383103BAB
:100C54003E4A5BB2C03352F8231021F4803142F88B
:100C6400231052F82330EFF303854FF48062002100
:100C7400374B103D6FB253F8270005F0FF05D0E95C
:100C84000084ADF8042094F8533884F8531894F889
:100C94005268DBB206F01F0606F1200284F85338CE
:100CA4001301E15854F803C0C1F380738DF819306F
:100CB400D8F810301B7B43EADC7303F001038DF892
:100CC4001830002B3ED1C1F38A41059104EB021286
:100CD400938803F00F03082B9C4628BF4FF0080CA1
:100CE4008DF81AC06BB100230DF11F0204EB061E30
:100CF4000EEB030191F8061201339C4502F8011F23
:100D0400F6D1D8F80030039600934423264486F89D
:100D140020380023426A694607930492FFF7F2FEE3
:100D2400B4F84238DB070AD5002F08DB01226B092F
:100D3400084905F01F054033AA4041F823200AB0B2
:100D4400BDE8F08121F06041BFE700BF00600040D2
:100D54007020002000E100E070B58AB0EFF3038357
:100D6400103B234A5BB2C03352F8231021F4803184
:100D740042F8231052F82330EFF3038301260021B5
:100D84004FF4006C1B4A103B5BB252F82350D5E978
:100D94000034186894F8532884F8536894F8523847
:100DA400D2B203F01F030393234484F8532883F837
:100DB400201883F820186B6A00906946284604932B
:100DC400ADF804C0FFF79EFEB4F842389B070DD57A
:100DD4002B6893F91730002B08DB5A09064903F0F6
:100DE4001F039E4002F1400341F823600AB070BD26
:100DF400006000407020002000E100E0064B07493D
:100E040093F826001A6A51F82030C2F302620449AA
:100E1400D3400B60704700BF00E001400020002079
:100E2400902000204AF2035001232E492E4A2DE936
:100E3400F043A1F8FE03A2F80431B2F804319BB2E6
:100E4400002BFAD101214FF40045092427480361FE
:100E54008560A2F80011264D264AC0E90052214AB5
:100E640092F82650156A82F8133482F8A24082F868
:100E7400801482F836302049204BC160436192F8D7
:100E84003C30D907FBD542F211740023154914856F
:100E940082F82A3091F83C309B06FBD505224FF0AE
:100EA4000109F12500244FF0F00E4FF4254CDFF832
:100EB4003880134F88F81C910F6281F8262091F82E
:100EC4002620104B50F82220086A0F4EC0F302600F
:100ED400C24032601D731C7283F80CE0A1F8FEC39B
:100EE400BDE8F08300E0014000C001400020002084
:100EF400002D310100127A0000366E0100C2EB0BA6
:100F040021120221002000409020002010B500246E
:100F1400064B012083F8284000F0A6F8044B01207A
:100F240083F8BB44BDE8104000F06EB800300840C0
:100F340000E00140704700BF70B500240B4B0C4E1D
:100F4400B3F82021B3F84051ADB2154025FA04F3AB
:100F5400DB0704D556F82430E0B203B198470134D6
:100F64000E2CF3D1014BA3F8305170BD006000404A
:100F74003820002030B5032085B000F075F8002536
:100F84006FF0FF004FF0FF321B4B1C4C986421465E
:100F94002B464FF0010ECDE90122039231F8020BEA
:100FA4000EFA03FC013310B1012522EA0C02052BD1
:100FB400F4D1F5B10192124B0F4903200A67C3F82B
:100FC4008022029A4A67C3F88422039A8A67C3F884
:100FD400882200F019F800230A4834F8022B03F1A0
:100FE400C00101330AB140F82120052BF5D105B029
:100FF40030BD4FF0FF32DEE7008000402CE00100FE
:1010040000E100E000600040EFF31081012383F36E
:101014001088124B33F8102092B22AB133F8102002
:10102400013A92B223F8102033F810309BB293B9EE
:101034000B4A10B4B2F8FE330A4C9BB234F81000D9
:1010440043F4254323EA0003A2F8FE3381F3108816
:101054005DF8044B704781F31088704784200020AA
:1010640000E0014038E0010030B4EFF310810123C7
:1010740083F310880E4A32F810309BB26BB90D4CD2
:101084000D4DB4F8FE3335F810C09BB243EA0C039F
:1010940043F425439BB2A4F8FE3332F810300133F5
:1010A4009BB222F8103081F3108830BC704700BF27
:1010B4008420002000E0014038E0010000BE7047B9
:1010C40008B500F037F8FFF717FDFEE7F8B5174F3E
:1010D40005463E68A6B17C6806EB460604EB860628
:1010E40002E00C34B4420BD0637AAB42F9D1D4E9B8
:1010F40000020021121A0C3400F09BF8B442F3D120
:10110400BE6896B1FC6804EB061602E01034A642F1
:101114000BD0637BAB42F9D1D4E90002A168121A67
:10112400103400F069F8A642F3D1F8BD44E00100A0
:10113400704700BF4FF47001254B264A70B500205C
:10114400C3F888109A60FFF7F3FFFFF76BFE0120E6
:10115400FFF7EEFF204B83F30A880020FFF7B6FF6A
:10116400FFF74CFEFFF7D2FE0320FFF77DFF4FF69B
:10117400FF720024194B03201A825A829A82DA825F
:101184001A835A83FFF740FF0320FFF76DFF144BC8
:1011940003205C609C60DC601C61FFF735FF01206C
:1011A400FFF794FF0F4D104B5B1BA34206DD9E100F
:1011B40055F8043B01349847A642F9DC0220FFF7B6
:1011C400B7FFFFF7D7FEBDE870400020FFF7B2BEBF
:1011D40000ED00E00000000000000020000D0840C9
:1011E40000000E40E8E00100ECE00100F1EE100A1E
:1011F40000F44000704700BF0A44431E914200D1EE
:10120400704710B511F8014B914203F8014FF9D121
:1012140010BD0139024410B5904201D1002005E00F
:10122400037811F8014FA34201D0181B10BD0130FF
:10123400F2E702440346934200D1704703F8011BCE
:10124400F9E7000063623562333431356364626602
:10125400623861323764623437316639373266371F
:1012640033393130663761353530333638376437A2
:10127400393434363435386238613438633461652E
:1012840031656462000000008807903E89FFFFFF1B
:101294002900000000010000E8B60100E8B50100E3
:1012A400E8B10100E8AD0100E8A90100176B283E90
:1012B40012000000A439AE3E000000000000803F90
:1012C400000080400000003F000080408DE8AE3AFE
:1012D40080FFFFFF0001000000010000E8A90000FA
:1012E400E8A80000E8A40000E8A00000E89C0000D2
:1012F4002F5EFC3CFDFFFFFFBEC60A3F000000005E
:101304000000803F000080400000003F000080405B
:1013140010520B3B80FFFFFF000100008000000023
:10132400E81C0000681C0000681A0000681800002F
:10133400681600001E6E093DF1FFFFFFAE30B13F9D
:10134400000000000000803F000080400000003FDB
:101354000000804091E2B13B80FFFFFF800000006D
:1013640005000000E8130000E0130000CC130000A7
:10137400B8130000A4130000FF35CB3DFFFFFFFFAF
:101384000000000000000000000000000000000059
:101394000000000000000000000000000000000049
:1013A4000DF1B73765C5B13707DAAA3759CC983785
:1013B400E3566237E8140000BEE5FFFF8BFFFFFF32
:1013C400C3FDFFFFDC200000AD5B843B05D67F3B03
:1013D400CAE0753B94E55B3BBADD223B00000000AC
:1013E40000000000E8EB2D4232ECB1D0B5E0E12D75
:1013F400F1B3E21C4289EA34372E44B4C911370BE5
:1014040009C4FBE64E10049FF8DDB8DFA3A5B7D0EE
:10141400D0318F2913C64B2FD51710ACC9E226D073
:101424004831CEE60F41ECA6EB2AE05952DC3EE00F
:101434004B2BD833AEDD041D262FCF9DFF123F3436
:10144400F454D73EEFC5894DE42C55C63FAD9055B5
:10145400D2E935F01A11FE4F96312EB62A333929C6
:1014640081C5BDBA3525D50905DA16E60CCFBAD43F
:10147400312E2E29C8BE0321BDD1B4B0F6D99CE0CB
:101484005421C932D7D8B60DB602353CD5EE18D2A0
:10149400B5E429D6C9BBC90ACEC01CC68B2A38B844
:1014A400C127D52597103D0B213C81E1EA23DC328D
:1014B400D6EF29DAC3F92D2C41D546ACC9242536FB
:1014C400BD4A31FFD7C99DB8348AD12DB120D6C3C6
:1014D40027F45E0FC5D3BAC8C0C13142CF9B1C0CE0
:1014E400BA301A18CFB01FACC4C429E51D1516159F
:1014F400EDBE9623A4270CCD172ABF10A5D829DC4E
:10150400E12CB8DADBF12821BEEA28381DECF0E042
:1015140017E588B5CCB8F1172C2BD5E01DA8E12828
:10152400BCE1E5AD18CBAD2CAFB616CBEA81F42304
:10153400FFC337062AA6ACE4B7C1A10FD8CF0FDA90
:10154400E4DCB2CC20D01ECBA7F2E1B8BB21C0F1C1
:1015540019B7DF1DD235D1C7B11CB626CFE9C2E019
:101564000635B824ACC0D0FC21E52CD528FB09D025
:101574001F02E7C6C00E99CED9C02DF3ED15F9C6EA
:10158400C49FDBB7FBAAFB2036CCF3BB2018B6C341
:10159400E6E11F29053807C4BB17D527EDA70903C2
:1015A400C2B1BABB10D013EDC0ABDDD6C324AFD0EB
:1015B400D1C981DDFDF3C101D997180D2712F2D4E9
:1015C400ABA60BBFDCF01EC7B010E0E4D4261AECC7
:1015D4001AEDEA2DEED7CBCA33D4FA0F321DC4EC80
:1015E40016B7E1E53E55F6E2C14EC966C12B44D8B3
:1015F400B3F860CB670974F7F005B221512EAF7FC1
:10160400D0E87533ED450720264BC8C9F22204778C
:101614004C371220F630A4F35BBD482D3362E11C35
:10162400BCC54F56C6DB4C1F65E231F41A3D25FCA0
:10163400B36BEF363C4BFCDBEE3BEC0A24B997C3AF
:101644006DC71AD23D6CF0C55DA01225D6BE09C780
:10165400A47086B33604725718F0C7BC1C89C1BC89
:1016640021E74A157FEBBD367CEBC636B538ED363F
:101674008309A3364060AC3688375437C26E1937B5
:10168400448DF636A5852C37957918376EDD2C37C1
:101694007056B53644A139375441C536997D2C3737
:1016A400ED3A0B3730EECA367ADB1B37A085CD36E0
:1016B400C56B9E36A0940437A9941A37D0E2E0365D
:1016C400C348C236E6864837D9DC8C361A42E1363E
:1016D4004E25D5361B8D243708A90837725BC436CE
:1016E4006C778B36A3AC7236EEA2C336F48B1A3702
:1016F400DB43DC36BFA56437E73BA4362C541B37E9
:1017040009D32837BFF2323760EB1C37046FA43695
:101714004C270C377C3B0237D36D3437ECE5E63687
:10172400599315374F530737EDA92437AC75E03675
:101734001CC52C378F431B3708C81337379C6737B2
:1017440044F85F3796CB08378D50B23682A4893679
:10175400AC8FF7363C05B2366EE0AF36D184BB367B
:101764001B599536C9D56737D91BAB3611B4C23668
:10177400FB840037EEF585366F50A036D1EFD036B6
:10178400261DA23607AAA336440D4737D0B6E8363D
:1017940069D09A36CAA695365F045C375217D43698
:1017A400C7551537DA20BB3679390237D1FF0B37E5
:1017B400556C8F367A6C1C373E6F1E37D4DF043776
:1017C400A5C91C375BB059378D31073794F71037EB
:1017D4006DD7F536B90AC2369AF9E236C9BFE6368C
:1017E400CA2FCC3666A51037CC9EEB3676A33A3793
:1017F400145DBC3662E7AB3675FFBA361BA3B2364E
:101804006EB9A63607BE0737BE242A3752380D37BD
:10181400D8089E36F442EE36752F12378499ED3689
:1018240068981E37D2B94D373D563D3735B5033725
:101834002D0595369A81443749B02537E75ED6366B
:1018440021561B3780DD1337D848B636F86FCC36AF
:101854007EA6913629ECF3369F70FA3650880A3703
:10186400CB0BB43618C5FDFF164CFEFFB2F8FFFFD4
:1018740066A8FFFF36D50000B544FFFF2B640100C6
:101884000B2301005FE60000FC6AFFFFC72CFFFF8B
:1018940013C4FFFF3CC70100998301009A74FEFF43
:1018A4002D8EFEFFF48FFEFF69A700008980FDFFE7
:1018B400B88BFCFF974A0100C3BEFFFF9A3D0000AE
:1018C4007AEDFFFF5171FEFFAD970100871F010004
:1018D4006B7FFFFF1D4500001063FEFFA9FBFFFFA8
:1018E400BCF2FEFFE9660000E62CFFFFB31E010018
:1018F400F22701003E8D00001FA9FEFF6CE6FFFFEA
:101904008220FDFFFEB20000826C000014B3FDFFD4
:10191400AE61FFFFF3A80000641E0100BC17FFFFC7
:1019240074C10000EAD7000042C90100FFFB0000B7
:1019340019DDFEFF2FBDFDFF68A802008644FFFFEE
:1019440033520100A1FEFEFF3DD4FEFF460C000011
:101954003BF500001B7FFEFF1FABFFFFBB0CFFFF2F
:10196400344CFEFF0DCE00003B61FFFF852BFFFFD3
:10197400F39AFFFFD2B2FFFF5111FFFF896200000B
:10198400411E000062A4FFFF692BFFFF9196FFFF39
:101994002C6CFDFFF2E90000504CFFFFCE30FDFF40
:1019A400A86CFFFF583FFFFF2FB7FEFFF4C4FEFFF4
:1019B4008FD0FFFF834200002321FFFFE7E60000F2
:1019C400F3970100A3F70100AA7E0100C4A7000059
:1019D400A4790000AA04FFFF080E0000FB8F00009A
:1019E4003D84FFFF3C70FEFF8108010060FA0000A7
:1019F400113CFFFF443FFEFFDD8002000969000047
:101A0400AC2CFEFFC527FFFF6C1E0100219F0000C8
:101A1400923B000050860000A732FEFF811E0000AA
:101A2400A24D0000181A0100A630FFFF073EFFFF79
:101A340081140000076F01003A01000034320000F5
:101A4400C94500000246020045A20000A855FFFF58
:101A5400D184010032EA0000F5CBFDFF34A6FEFF7D
:101A640063ED0100E57C2E3BACC1363B2BF2593BC8
:101A74001CCA153B975E1E3B1FF9C23B25F78C3BE6
:101A8400A584623BF2809E3BE4158C3B99D19E3B3E
:101A94005C9A263BE78BAA3B253A353B8D799E3BE6
:101AA4007DD57F3BF3703A3B6D318F3B7BD23C3B22
:101AB400648C113B879D733B2A058E3BDF9C4E3B18
:101AC400617F323BA83BB83BB56A013B6AF44E3BAD
:101AD40093D3433B362E973B9C1C7B3BF166343BB4
:101AE4005322003BACF4DE3A6BBD333B2AFD8D3B05
:101AF400095E4A3B8F11D23B9BE3163B1EB58E3BDE
:101B0400411B9B3B5F68A43B3B2B903B9112173BD3
:101B1400E8C3803BF04C6F3BA6C4A53BEB22543B8F
:101B2400F76B893BB4A8783BB048973B99384E3B58
:101B340041BB9E3BDAA58E3BF9C5873B66CAD43BC5
:101B440061C5CD3B1C5C7B3B5BD3233BB2EAFC3AD7
:101B54000D72633B298E233BF395213B2A482C3B92
:101B64007536093B4AFFD43B8C341D3BF7E1323BCD
:101B740031276C3BB926F63AAD49133BA4F53F3BFC
:101B8400F4F0143B955D163BB6E0B63B09CE553BED
:101B94000F3C0E3BD47D093BB523CA3B87DB423B5C
:101BA4006633893B52EC2B3B3D496F3BA39F803B03
:101BB400EEC4033BA5B68F3B958F913BB627743B90
:101BC4003E0C903B1F00C83BAB6A783B0F30853B13
:101BD40094DD613B6146323B3488503BE1FF533B2B
:101BE4006C983B3B8FE4843B9179583B1E79AB3B2B
:101BF400DA0E2D3B8BEF1D3BA4CD2B3B341F243B36
:101C0400552D193BCC6C793B85519C3BBFBE813B28
:101C14008131113BC8E65A3B994E863B1C4B5A3BDB
:101C240067B5913B6F02BD3BC4F3AD3BFF02723B12
:101C340059E9083BFF89B43BBB39983BB1F3443BBA
:101C4400EAB68E3BB2D9873B1279273B63D33B3B41
:101C5400C3D0053B3B1A603B1F17663B4A8D7E3B56
:101C6400956A253B00000000000000000000000011
:101C74000000000000000000000000000000000060
:101C84000000000000000000000000000000000050
:101C94000000000000000000000000000000000040
:101CA4000000000000000000000000000000000030
:101CB4000000000000000000000000000000000020
:101CC4000000000000000000000000000000000010
:101CD4000000000000000000000000000000000000
:101CE40000000000FBDAEFF1FCEC1B400D01EF02F9
:101CF4001F06F90446FC401D28F0032111B50AE132
:101D0400DCDEFF41C81AC413E403DD29F20FE81234
:101D140008F9EB11D5DDE9D520361402D3DC0DD258
:101D2400016940E2CE02FCE5B1FA192D16FF1E0B43
:101D3400DCD7EAFDD34301C607EBD3E6021B0C5CF8
:101D44000F11041F26042FF8EC2914C4B61EF11237
:101D5400D947EEE841ED021F12FF3DF92AB52A6189
:101D64001F0DF00A333C1B0A303138C80F2BCFEC5F
:101D7400102D2B1F27F33C271E03C20CE330F14028
:101D840009E9340425FAB9FB1ABB300A34D8F53B07
:101D94001FF6050A083D2D3A1848DE152A14E134C9
:101DA4000BE040B9F0F0F20959EAF7FDFE00E64510
:101DB4000531F009DCEE3320F8DE09001C0B0915AF
:101DC4001F0F1500710CDAFAFCF43813FE08D61A4A
:101DD400347F022AF9FE3C11F93130ECFDEF32D6A2
:101DE400E2071E2CD5E0FD2310FC4B1F1CF9ECF57B
:101DF4002AECF5212FF526081BFCDEF9F5EBF1F8AA
:101E04000EEA280BB112F52BD8E91323EFEE02DB0F
:101E1400E3E9CC3FE6DF0CC7392D0402E1D933CA2C
:101E2400380918FAE918F315E8E20BE9EF0C431F37
:101E34000CDBF4FBF33AF7D118F5BBD1E130FD2DFF
:101E44001114D110E7FA22FFE108200ED0FD05415C
:101E5400F224C9FD6D132B1D0FE1410016C03B4D4B
:101E6400DF2CE8261E0D4A172C2016D1FD17E3F2AD
:101E740051F97FDFF2D53819FD0FFC25EC200C2336
:101E8400FBF51BF7270EC8FCF7EE0111FDD5103941
:101E940025F337280623F0132D36DCD31700150B52
:101EA400EF1F1ECB130BF9FE54EA0AF8E5CEE41536
:101EB4001C0DFD10D824520906E8FF0540ECEBF791
:101EC400230519EC3A32E50F10FF1D08F6F5DC0F77
:101ED4002E671A16040510E3D33BE90F01121DFF08
:101EE400FCFB0EEF1639FDC0F83805C858260C1B4C
:101EF400EAD50505AB3BD4F505D90B0E182726D931
:101F0400F8FECFA6120641F7DF0A2F210152F4FA98
:101F14003C0AFF1D3E3CFE3215BDD4F655D4E00FFD
:101F2400D4ED0518E1F034EDEF0837330C2478FDD7
:101F3400EB1B73E116E30D3606B50006F52948F7E9
:101F4400B0B3ECF9FA0BD8FDB40E2B2B10C6FC0180
:101F5400F11FDE20363781F2DDFE93FC1410E549D3
:101F6400DD9B05F3A6B2CC7547B9CE465D7F23D77A
:101F7400AB04053CF0FCFFF718E5DC21FD1B0A3639
:101F8400EFF7F924111623DAD91F1504C5F4F3F277
:101F9400CE060540E8F619344EC7C1F9B32B011D2E
:101FA400F6090B4A08E70007C4F30BCD0322FAF243
:101FB40032F31C101E120B1AE20D0DE6C7D516EDF6
:101FC400EEFDCF25E90D14D2CEBF0AA6F40C0716F8
:101FD400B5D71015FD10F502FFFEE11CEA14D1502F
:101FE400EC3DF2E7363419C2DDD9191F030EFEF6B3
:101FF400F2074200E39324D90C162BA4B728DF2E52
:102004000E12F3D4E47F0DBFD6A92C0637462ACF8F
:10201400E1EF4C12E0C8BF44CF2F0EE7152529F499
:10202400B4442F3A19DFDE2A2DD5F43E11B10AFC4F
:10203400BF383C2C15FA3520D03949A00EFB31FAB3
:10204400C4F80862DA47D5E02654DF28C88E1E9308
:10205400FD49F2DEE936F4482F06D9E64AC4ABF569
:1020640060D9170FE40ABC0EE4F92E01BB321EBF7F
:10207400E209DA45EF0BDE01C807FAEA17F1FDEBD6
:10208400255D354B2D0DE53A001D07D80706AFB485
:10209400EF1BC60B172BD6280719DB1323CCD69AB4
:1020A400B8D2FA27DE2F2AFC18F408CD1A1AECE667
:1020B400FD5019F1F507C8F4DC1E52E2E23608C7F8
:1020C4001C0D4521370E0F1437313509AB2B23D2A4
:1020D400FB1A44EBEFF40646F9CC0DE7DFE5E9061D
:1020E40013046D0036D8DCACF51AE2EF14F6F5E80B
:1020F40002DE22E21CE1FCCAFF8DC00FE107BF5CD7
:10210400E42C11E4E40E25E40233EFE1FEDA32F7C5
:10211400291A3E1FDECCF810FA5D14FFCA1D2AF5F9
:10212400F9F1EEFD0416EF31F7F9DE0131E2D61EC6
:10213400F8F9B1E9C3151B1FF8551FBC0DD1E70C05
:10214400FE47FC3924E40727D0B8C903EC9BC6B981
:102154004D0326D9E81D0B1730F61C0279DCEB146D
:1021640016FD20CFFDFC1A01D3B140CA1FF1FBBDFF
:10217400FAFABA06F6D549D4313629E2141F1A5CA4
:1021840068EC1807D350D6050F0C9A01420B0CFECD
:10219400021F81A1D942F33202F7A7F807F73300EF
:1021A4000C19F14493090C182900E402474B030B62
:1021B400ECBB0E33E0A729E0DD20E8E81C22C43E96
:1021C400C5F47642F8CE091508EE1CF0DD4C10A0DB
:1021D400E200F12F153D0C3BE53A4DCC06DAE6DE84
:1021E4002C160DEEC81711FB38ECCE1BE70DF6E6E6
:1021F400DED6F93E23222DE603440EFF19D3F4D98B
:10220400F5094B550B070EF817F218371DE4F821A2
:10221400D5E72B092A242EE7E4F5C733E7F5EB05C8
:102224000923D0F91C2510F6EF0E11E4C028D5FFC0
:102234000B10DD29091A00D11C1D164BF0F1D30532
:10224400220311010B28090402086BE8F929153F40
:102254001AE3F307E8F21E2712FBCFF8FDFD220D67
:102264009E0FEB0A25397FE9070817F523B9EF1408
:102274000BF723E0F7F23005F8DC0E33F4D02EB37D
:10228400EAD92607BDF7D923E4EB250CE22B31E785
:1022940008130800F2EAEFE4FFFA294D17ED0E05E2
:1022A4002705F7FE2B20D2FA1902E3DAEEF0FFD766
:1022B40002D20013E0330BD227E3FEEF11BE030D6D
:1022C40025F2230022BA36DC22D6D60C16F4F9FD08
:1022D400F6FF16E7EAC7F1ED10F10D12AC1821EB89
:1022E400E0DD010A1CFBDDFFD306250616BD00F860
:1022F4001A0A00F10B0DF7F2F8C51B19FCCDF147D2
:10230400DDDAC8B74200E900EC30C4B40DF1E810DE
:102314000B14F3F1EEF0FE08F505EFD5FE193C3D84
:10232400FEFB10D606BFEAE4051BD7F00904E6F667
:10233400DFB3E5E3E6F802E2D2DD35C6DDDCFCEE30
:10234400DF0D2EE826D027F81AEBDC1C26F3DAD0B2
:10235400ECF7091216E00CDD01261614FC26F0ED4C
:102364002718EDDDE1E2AB17F2F709FEE82515C702
:102374001112FAEB1FEADB00EC2F05B5273FD4203E
:102384007FECC70A1325460143D7EAFB0AF8E0F1BC
:10239400D11EFB3944FF26D2D320F8CA0CE90E3BE8
:1023A40023FADB02D20C101CDEE71A1654F4F60AE8
:1023B400E9E9DFFA0AECF2181D120C36C12CD12916
:1023C400BD25C510D727CDE6F208D6D8D725E10D0F
:1023D400DF03C3E11012F7090B22FAD545BCECFC6C
:1023E400FE161704D2D93BE137DADF28B82125FCE1
:1023F4001D29EA0BF9062AEE0640EA10FF1ACAEC78
:1024040067E51671D3D00E3713E219F6E4EF0BD754
:10241400A9D1D3EA0A17FFD6081FDD59061AF30C0F
:1024240025150510DFF5F5FBE1E7131F815CC813E3
:10243400FF2C0D64DB0808E829D6E509FA1CD0E373
:102444001F4BEFE5ECD3E9011BE2450017EF1354F2
:10245400D805130729F731060EC21A08C1050CCD99
:10246400B6CDF310493E6482F1F6C10A31C4E1628B
:102474001B36F8F5DE1F23F4D3FC171CE9E2FFCF6B
:10248400C507C915C3F8A306E2FA3FE9CC363430D0
:102494001ABC07B5FEFEE9FFFB0D2CFE173816B279
:1024A40010090DC612EB0A10FAEAF5E9F91807D07B
:1024B4003DD3C603EE00C1D900C7BC0901E3FDEF5B
:1024C4003F1D1CE10AA8F72116FF4622DE0C05EC8D
:1024D4003E2D1DDCEAE6E0F206AECFE38C1E450D90
:1024E400F6DC04F932ECCE2CE00EDAD539BD07085F
:1024F400FD0635F808230FFED5B55328EBD5F8278C
:10250400E0E9F98113E1E6E61916F1EF0D37060F5C
:10251400650AE1FDF304E6F8E70B21C2DEFD1716B8
:10252400101904CAF7DE09D9FC04DEF71EFDD9ED43
:10253400D5A4B5CD0CF5F9EBF110FFC4EFDF020023
:10254400B4DC140E2BE224DB0E0EDE0E170ADDB90A
:10255400F0071712CEE927C71413C8FB0C4ED01589
:102564004A17E714C1BE8B3600CB14F4E12EDFF416
:10257400D4E7D5FE41EEEDEBE334F9CFF824D80EE1
:1025840043E8CC0A0A332B13290ECF004014DBE5B1
:10259400DFFF012A00EE2ADC07331402B7EBEC213B
:1025A4000EE9FDFE030C040BD6FDFB154BF0F5E51F
:1025B400FC05E5E4EECC3736136A2B11E551E82629
:1025C400F4FA09EBCE3BDE09F32DADF13A1ACC1344
:1025D400E619D6D405FDBD0C2D3CF8F04FE7DFFE1F
:1025E4000DEA09FC011EE9E13322EBEC3619CEEECB
:1025F40006FDE5D0092A203306FB08060FD614FD94
:102604001902FD1311A2283F1E1E0612D5C7D2ECD3
:102614003108BBF4013B4D10E6DDBD201906CF297E
:10262400350908CFE4F235DBE4251FDADD7FE4FA6F
:1026340041C3AB2913F81CDF3A0A3221FCF1FABC7E
:1026440002DCF1CA0CCC2A0209E41EDC355C4A32F5
:10265400D7C03000F1C262F7FE07C436F038082153
:10266400D40AC60C3B0620390E3BE82DE8E50133BD
:10267400282031CFC80341FDCEDF3F3506AFDDDC76
:10268400F0E0D6E8DDDAF61AEDE5251BE806FC13E2
:1026940024CB5D06BAEDF31124EC312421402268E9
:1026A4000D0FD7F340EFE114030AE7FEF6EFDEC99E
:1026B400C8B10EEB192DE9EE5B00CF2421ABFD3C34
:1026C400E12315D3EDEC0AEB15F2E206F8CDECF6B6
:1026D40030E500F5F304F4E94A01FC0B0515F8F2C2
:1026E400F6041D2D062208053D1413D73420F503E6
:1026F4000E00E32804223C23DB361D45FEF215F3CD
:102704000D1A000251EA1850F6480CFBF7EDD0FD03
:102714003B1505F030014817E2DD3A0B2022EDD9D4
:10272400F1D9F7E8DC161F0C10FBECFAC5691709A0
:10273400E51E0AEFFE14FC0112E50F330CEE15CD75
:10274400C922CAE8FAFE04F00E253301F623FD225D
:102754001AC4030EC7FC25DE10DFE41CF8F8ED40B4
:10276400E5CD11F01E18194117F8ED1107DBF5241A
:10277400180862E5E3153521CCF151F601D4E5BC26
:10278400FA06F63ECC1708EBCC061B22C90EDB2951
:1027940022E23E22D2CBFAEB7F0A3929F02D251E04
:1027A4001F2CE6014AD1E520F1DEF416DBFA01A87C
:1027B400E7CAE4170BEB29DF43B5ECF226ECE5FAA4
:1027C400E50F1CC429E1E6EE05BDCBD833EDCE28D8
:1027D4002DE7F7EEFDFDE2F82AE7ECEEFFFEE04818
:1027E400F6FB161E0438E6F5F831ECEA6B09EE2820
:1027F400D4EA16EED004E3D71CE7F51010203DA967
:10280400F814C9DF1FF7501B0FF91A19C64CF4FB53
:102814000F1818F14E2AE93A0EEEDD005B1DB6459D
:10282400B3D9E9D0C7F5F30C443616C631126307A1
:10283400DE17030633E0E41004B12F7FEF074CE406
:10284400D7B737E80538C0230CEB05F6161CF20E93
:10285400011200340226D905EF369D2B0501FF260F
:10286400EFB601D0D4E7E005181BF032314FF8E49D
:10287400A3F9EE3F0F02BBDC19FEF3E203E83820B4
:102884001F3AF3120C3F54EC3A4139FBCBE3E4E139
:10289400E51C4027F3C7F41D13B4D6CECC0EF53A8D
:1028A400CC14F04C23131026DE14FFE71725FCFC90
:1028B400EDFF23F41D281EF3FD2105049A03FFC335
:1028C400D5E09C1BD62403C5F2FBF2BDFFEE1BDE54
:1028D400EAC3BA09091AF21FFDD100011101E6F099
:1028E4000831B5D21AD6BE2BEAE6F8D8E9DCEA11EB
:1028F400EAF407ED34D2CED3DBE3E6130BF3E43A88
:10290400DCEBF6BEE5000AC40005C5AE11050E08F1
:102914000820081DC5DFE8D5D92CCCD8CF05201D4B
:10292400ED25F3E60BC4BAE1E6FBE1FEF7EEBCEEFF
:102934001CE3F2D0230DF40AF13F14E8EEE3DB06C6
:102944003140181B09DE2BEAFEC7D912EC22D1D87C
:10295400083000E716D523151EEE1C111626F8DDE7
:102964003B06FE1D12EAF9C3C91B05E6B9D9F5E613
:10297400FE1A01F60403E0E81223D7DB0414F81F5F
:102984004A05E3CC1F0016092A1BC407390218D7CD
:10299400F007EDD42B1E20158111F2FEEAC71C109E
:1029A400EEF9EFFDAF3D12E80B05142B1D03FE1AE3
:1029B400D125E00D26F50DDEF943E5240E10F602CF
:1029C400FAFFF10DE22607ECEC4C1508FB0704E9CD
:1029D4000303BF181A0215BD0414FFDE2DF4CFD96A
:1029E400111FFDBFED17C1F3EBFE4B3FFECDE9DD3B
:1029F4001E0EF4B4E8AECAFC27231581BAF9E92BFC
:102A0400D8FE3839B429F322D5E1F0DEFFF808B94D
:102A1400BD0B051ACF8DC329E74F251EF3D137FC13
:102A2400E43600EE55EDB5E5DF02BA4006DDD80028
:102A3400D1D8BAFEEE22C5DEDBF908CDF7DD041EDF
:102A4400EA08E8FE20BA26F1050C0BEBC3E8DDDC4E
:102A5400D0CEE4CC1FC3D1F7341E3CF007DE0AF31A
:102A64002DE70800C704A490CDE40002DC50CDFC9F
:102A740017F7B4E01BE8DA20DF31ECE10145F11788
:102A840010EF4C340EF13513F1EAC2EE5CE1C2C42E
:102A94002D1DCE145B1BCD34CF51CB2F0320EADC8C
:102AA400E7C721EEC215412F022439310A17CD2878
:102AB4000954D1E503B504F9EE0A1AF8DD17131E1B
:102AC400DEE75CFE2220E86CE84422FDC019E8043D
:102AD400B13C181909E9213BB7411DCF00EFE0E2F1
:102AE4001EEA57E4F9221A19DBEAE0F314EF21E6AF
:102AF4001114D71E010611FBF1FA36182FC7C6FCB4
:102B0400FE09E724DF0F0F0EE6030D4427CFE41C74
:102B1400FAE3D9E9DEFAF4F3DC1DEFEBF2C921DBC9
:102B2400FA311F050CFBF0F4B2FFF4FFF1161AEEB4
:102B340003010030EF41D5F6073CC411F8D3D90D99
:102B44000C3113DD3D0D1800CB062FFDE1F01924E7
:102B54002A071FBD1BE70B1C02EA15FD2AB8411109
:102B6400C923C713183D7F1AE0DB44FF1C0BEBD7C6
:102B74000C1026EECBD3232BF024310AD2F6D52A1F
:102B8400EBE1772620DED8370AEA11200633EF542A
:102B94000F0DDC2DF71DE423F71B0E4E25DCFD077E
:102BA4001003FDF0DA42F9172F25550FAEE4FA436E
:102BB400ED12F6F60253270E1CEBE12E10DAFD455A
:102BC400F1105226FA05EB4B10E1DF04DBDFEDEFE9
:102BD400002D2F020C014429D520F614F931FADE18
:102BE40012DE0BEE1E10D8F2D131FCE57FFCF9FDAC
:102BF400FB1BFDE1CD40FBACDDADFF22D80A08187C
:102C0400EF1FF8C3E60B10E8FC14EC0EDD46E1FD03
:102C1400181E0215F23BC82C4F0F3CD721CCCB0B0E
:102C2400C6F0FBBECC2608DF1726EA9E39FD5722E4
:102C34001BE936D9EC141020F1F303FB0F2C542DAF
:102C4400ECC62CF131FC0409C451191CF64DB6D95B
:102C5400D009D22D04D9C1FD3B09E5030A0CDE24B9
:102C6400F0F221F410DBB75E0FD8290B3137E1DC29
:102C7400D61CFC090111D20B1DE6CC01012B1E4E02
:102C8400F20813E9043100E24318FF1236860028E3
:102C9400EF0DF61E16C923292A09D6FA093D140692
:102CA400FF1238101A0006F6D212081F1DF1E4387C
:102CB400DA2211FA23D85572BC2B5E11E91303F7FB
:102CC40000C5C0470032D3F810EFFAD2043CF30732
:102CD400D0E80D09FBFF1920E72427172B23D61969
:102CE400392125F5050B23C409F9F719244EC5FA32
:102CF40001E1EC12F8DC1E2E0A38F19DF32125C403
:102D040037F2FB0DE1FD1BF5FC055E5FE408F309FA
:102D1400FFF409F92CFCC70BE221F2FA260FA9E310
:102D240042DEFF2E1F1624F904F1241F1BF218ECB7
:102D3400F133141400DE0B04D6FDEC29FF230DFD42
:102D44000AFDE9ECE21D9AF24AF20AE2C6E60C65D3
:102D5400D20723E7DCECFC13F9EEE912E8C531B441
:102D6400FC2D150B2D1436ED262CF900FD020A3628
:102D7400061321E0D614247FECCD2B39E3E72BDCBA
:102D8400E22C7CCAF8E638FCD7F514E50A01D02514
:102D940020044DE5ACFD24300CC0EF1BECCFFF212B
:102DA400E11933263F0EFFAB19FD26F1BC1B2AF8AF
:102DB400D26DEFE30300FE02200510E45E1E28F44A
:102DC400F80A332C23AC31EFF9291C48F3D6F7DC8D
:102DD4002014444FCCEE37C8E0E6F6412E10231001
:102DE400FCF8030A0611224A3BFBEDCC0E1EFD0F34
:102DF4000C3AED101C3E3417EF204F240EF81E132E
:102E04000303EBFD2BF4EC251C65DAEAFCFEE8F485
:102E140039F3C7D6141F2305B0E92B28E641ED3654
:102E2400E4C91C001BDE29DE46FF271CD12DD6DE9B
:102E3400EACC812918F0EAF113050806EDD9DEB0D1
:102E44000807B80100C128171600E5E80110040DB1
:102E540028C83EF7D7C91BD107FCEE1C0762EC114A
:102E6400F71BFF21130E043DE7E5C310F5ECE90B56
:102E740014EC34D4120119D4DB0444EADBEFDBE6AE
:102E840017B99D14E1FE0011F816DC01C557CB1FDC
:102E9400080B351917D4F7CE1BF319D2F309F9210E
:102EA4000EF0D9031BF92E18F9EEEF1FEBF401A96C
:102EB400F2B6F10B17F80CFC22D3D51805CFEF149A
:102EC400ED4CEEEE02F7C201E509DFFB0910B7088D
:102ED4000BEC0C9EF8F4CA25501700EEEDDEE70863
:102EE400D9BE4224D22D15FF10351D292AFAE4D962
:102EF40006F3EE2B322F2435FD1C07FFFEE72CD6FC
:102F040057F2347F10F11705E403254114E8DFE894
:102F1400EAE6E7085D19EAFA03E4117C2AFEE7EA27
:102F24000AEE2611151B37D812FA0D0BD91C050D04
:102F340028F22813F81DF8ED0F05162ACEFDDB1A2A
:102F440006E3ED1B1E09F63DDA1D5E030A140E317D
:102F5400F606FE1A0109DC22EE07F5F1E2E12E5233
:102F6400CFF6CE022D335B4E1A0910E839FFF2F783
:102F7400181C13F81900311DDAD9F617F8FE0BFDE9
:102F8400DAFEE521E60218D90DF63604E61732F129
:102F940013F232FC12F6EFDD0D0500062706FCE9FC
:102FA40016FFDACB2C04AB2305ED02EED2F721E3B6
:102FB40047010EFCE0F6252E14B902F20CEBE6E113
:102FC400101AF9F3230D27091B8F0F0616E5D433C6
:102FD400381519FB11021D402001F02ACC2B3A05AB
:102FE400E31C02031318D0FDC63F3200F42A0A2B57
:102FF40021062A49021F12C95AEFFCF51B1AC417ED
:10300400DF181F36A63B12F2D100FCD90EEC35E7CF
:10301400EA2E122DBFEAEB2F391C1DB5E5D812BFDD
:10302400F47F2DD4D528DE3B051415DF11FD53366E
:10303400E71F041CEA3D0CFE0FE3DE293920292D8D
:103044000C1C4022F4332C01DA082B29C70007F2A8
:103054000D5929182219CE2E1D0942ED26B51F53EC
:1030640002F809EA27164F070A0F33CB0A3125C89D
:10307400282C2E0830F7E9023800E811FD0A08432D
:103084002C2144121C22C20F0415152515DFF4351A
:10309400061DF626E3F117533723B1093907DE2A53
:1030A40023FF40F8F965EFEB3AF80B02D60D0F1148
:1030B400D1213A082A1DE816F90F20E714E328D095
:1030C40035D9FE4A48140D3B340016EED616245D5D
:1030D400F943CF14271A56F5D4460DFE0DE20C8E93
:1030E4004607EFE3E608CBFCA03DEAB34FFED82544
:1030F400EEC861E0B05FFBF1DCE446C4180042A90D
:10310400CD0CB7EE2EF0360901E71AF6AC4AF62ECE
:10311400381244FF1F43F2221AED1B0B2ADD8647A7
:10312400FABEF101871B091045F1E31D3204550075
:10313400EF28010819F6F11601FE517705F63CC98E
:1031440002C745A0CB05926CFF15BB39FBE8EF28FD
:10315400FAD4EB30A223FADED8EAC924FC1CBF005F
:1031640012C2F0BBC8E1A01C2FFEB27D091B16FBE6
:10317400A8E6E712FB08EFE6EE042B0CDF0C42F1A5
:103184000409F72BE40927C0F207F6089CB2D81902
:103194000FE7183DD3D3DD3830D1FCB3C8D5F9528D
:1031A400DFFE29084CE71D3EC42C0AF9F4D00FFFBA
:1031B4000FE1E8D409EB0A512C3EE7E88106FAB2A4
:1031C400C7F6DB41FEDFE7EF3AEEC4D12AD8F12996
:1031D400EBCF01D7C2F3C0C5EBDEEB300A0895286C
:1031E4000060AFC1FE3D2FDFDD6DE8CF7F34F41EFC
:1031F4000EF125F8A14514EB04FB3AFE080E2DCF81
:103204002B05FEFA200107F912F01906097E1C2F7E
:10321400231DF41236EF245224C5EE0C18ECF81CCE
:10322400C4E3292B092D04FA01F30C12230371E4DE
:103234009F2920E21E0800282FB600060E2D1F0B22
:10324400ABD80DE3E421CF2AE008DE1CF8CBF3521F
:1032540013E9EBFE0215D0F1E508C7DCFDC9C66130
:10326400069D2CEDBC9EA76530A29002226421FC31
:10327400CAF2ED1CDDF00F0AFDE11725FB0EE82470
:10328400BC25FC15081413C4BDD31A30D101ECE7D6
:103294000DF0E860D5FE0E2349F0E1E5D2372BD6D8
:1032A400D705176031050F09CDCCF4FDF20714F0F2
:1032B40036EE0517F7F52E51EA064AD4F2E2F9C6BE
:1032C400E50EC12BFEBAE62435BEEDECF8F6E9189E
:1032D4000AF20DDFF823CE2812E7060A17E2E743C5
:1032E4000928FAE2E9D3E9A64EEA1312A002E5E5B9
:1032F400EA1B21C9A1C7000708F4CA9DDB30E30615
:103304003701FEDBEA2354D8E5A743FB3146180B0B
:10331400FF23441AF516E654ED32D2DE2E55EEEABA
:10332400B815CD41EC2FFE1E18DFF513F4C2F827B3
:10333400D95721EC7FAAE3210CEA56F2002CF7DDE1
:10334400EAA51939E713E3CA000AE4F7ECD5D88CE7
:10335400FF1EA813E427E245221B110430F90FCC09
:1033640013E34216F80BFBF936262AE52A3E0FEC46
:10337400F43C2C0E2EF1D52BE3DEC904E6DB16F368
:103384001DFC4DE0FEF90010F47019E8E80F2D0D56
:10339400DD4AE7C83867DD370900D7D938EB27E1BC
:1033A400C3D7161EF228D5C0B74017A72D502EE557
:1033B400C9231CEDD6F1C1E3D124F9EDDF1554C7BF
:1033C40013F01840FCE01AE527042CF6090A19BD8D
:1033D400A9FC4C540CE9D9F923250E04C3D5EF04F8
:1033E400202D31E0F23014075728DEFB3F39EDDDA4
:1033F4004409F1E6132B2B20EA01391D00F310AB2D
:10340400692B052704A81F60F224F70CD4E2D6E543
:1034140044F3F4BA20021AF5E0CB0A71090809F75B
:10342400190A1306DAE008F7152602E7C82B040880
:103434000725CD39011AF5E335F4C84CF60C2DC631
:10344400E4FDC9D623E50D3AFE463010F4051E1DF1
:10345400FCB20832F6D20BDEDEF4BF1FCFFD0A2227
:10346400E5F403171D06E40212D4AA282B06BDE7CF
:10347400D5FA2D08EFD1E30DC9F64A0DE8DA04E4D4
:10348400C1E3DF5ADE2424D4D0F65FE1CB2212114B
:1034940012B148FC01FC0DEE7FE608030E28FDE4A2
:1034A400FAD4E9F84612091DF4EAEF0DA9FCF6C0B6
:1034B4000DC6F5DDF8C014CF32AA09FC0DC9F2110E
:1034C400D63411D313220D1006E9E804ECE8E1D355
:1034D40034FB1FCBC908F4200CFDF20AC60F1250AE
:1034E400A7D6260CC7F0382953FE0A33D41AFEF7A0
:1034F400FB14FEE2E8190C1A0269F10F04F5F52A2F
:10350400E01A2335E513FDFE00DB112605E2031165
:10351400C8DD050C19FC2926E5FB1EF117EE19DDA3
:1035240026021C0B24010AE9053929FDDB08F0E415
:10353400320FB537F513FFF70109F10BF500DADEA9
:10354400160ACB0709F70909CC0E1CF903241A2221
:10355400EAF8F7E2140B0A460FBF2D20F6F00F131A
:10356400B611E6FE3D557F07FAD307C8FC120E31AB
:1035740007061AEADC0612FFEDFF051B1CF811F31F
:10358400EC070BFB1AE7E41D0312EA15ED242036C1
:1035940005FE18ECF34501E30DEA213445072AE062
:1035A40025E1F9BDFCE0F2141BEDD0EEC9F0F60400
:1035B40003E8F601F30F51E92FF2DD0E0AE31B11C4
:1035C400332123D942E62009F5ED031802021A1229
:1035D400082122F906C8FF100215EDFFC41D1A1AAE
:1035E40011F80B0ED5EE43014BA8E90A87CDFFD89D
:1035F4001A06F70CE3F0F417F2353FF2D6F8324A24
:1036040001024BF1F30D0CF6F0FB0A0E1A25C9D496
:10361400DAD1C8FA25E8D332DFFD0B111236DBEB21
:103624000AF1072321EB05ED05C113F5C907E6EB04
:103634000B37F50F2422D7E7075A1BE0DD0881D4A6
:1036440003ECDFF62AECE8F82E0B21FDFDD5FAFC9D
:1036540025B4F1F5BDF449EC1EC505DBCFD1F2F577
:10366400062AE51FE63037F708F4F7C904FDD21B34
:1036740033F754D3C4EF1C09CAD93409C31BC6ADEC
:1036840025F843FBF2D4C538DFF547F4F124F418E8
:10369400052DEBE5F1F2E9D0E1F1FBF6D6DD02DB35
:1036A400C1F2FDC627E9DBC910F60AF719EFFFD20C
:1036B4000712C7F8CC02D420330B0B18503CFDC9B9
:1036C4001D0C640212E30B05FBE2173CFADCF1E883
:1036D400F71858FFEBC20AAC344FD834D21A003072
:1036E400DFC2083F1EFFDAC2FA0A1EB345000821F2
:1036F400F3FA30EAD6EDFCFEEFDBE904F334F1EB48
:103704000E2BDEDA280731080731F7BACC0C192062
:10371400460A23CEFB1E2B09EC0C16EF4509E340A9
:10372400CAF5DC1E1DEE18FD37271BDC1DFD070E38
:10373400C5E5E7CB07E2FB11F6E814220804260CE2
:10374400D2BAED17D7FDE7F43322DD011B0DDDDC22
:103754000314FE330FE4BFDD2514D228FC02C30F8B
:103764003BEF190EDBA0A9292DE9F31AF32DFCF187
:10377400B3E9D9342216F8FAF5EF23E3FC2E2F4EE1
:103784002721E124FD2A42F205130811F4D4BBFDDC
:1037940001EC1535320CE2FA22FFF48904183713D0
:1037A400F2F4EA4D02DC2923DD00E5FAE7250AED0F
:1037B4002DE7EEF416F032F3D8FF04C281FBEB0CD4
:1037C400C2F3E315C016DED8FD20F5DAF31BDBDB0C
:1037D400EA8DF3FEF527D2140FF3091AFCCDC917AD
:1037E400DD4904E6D00346E63FD1E037AB37E8F7DE
:1037F4002A03A22A00FA6419F54309FEF9CDF4EE6E
:103804007620205FF621E80907F902210CE7F5117B
:10381400BB12EDF010ED27FD1503066B0C20FD2601
:103824000E192D2CE02E08111E1D36BE9B2E01DF15
:103834001756042BF324FAD92206E7FF0F16FDD3FB
:10384400345BFAF9D811DAF224E6F8D6E3E5235E1C
:1038540022D5D20B04DA4AE1DE9ADEF5FCCCFDF186
:10386400A805ED45225D7FB037E2EC02FFD3FA39BB
:10387400302D3433D0EA3819EEDA2424F713DBB3CD
:10388400F62A18F5DB25CC06B9F64544D83E363978
:10389400EA0D41A9ADE227FAC5DD05371E0E38BC95
:1038A40009F107A22729C9FB15DB1DC8B2E1FEFDFA
:1038B4002E2211EFE13ACD1338B88807FCE10AE86B
:1038C4002B23EF0223B615E6F2C9FF2816F1CEEB3F
:1038D40024132801C303FF0FD2AAE227C6114C09FF
:1038E4000919362926E3A20FD9FE0DFD1C02D3F0D7
:1038F400FEEB1DFE0605D7F8D802F6C6ED02093424
:1039040007F1FC07DA31C9D9EEDDDD191B17050211
:10391400E62EDA0FA2E5D1F60E154DA3DAE410F681
:103924001E1A1000C413CC21F4DBF1EF0FE52DEBCC
:10393400ECFF16E7F5FEFA1A1202E8C7FF18FA13AD
:10394400D00711F713DEFCCCB8C1E2E407CFE001E5
:10395400EF3ECB132B1B27FB11EE68E4FEC6DF0DF5
:103964003C200BD20603F20ECB0017FB083B0306E8
:103974000BFFE40BFF14D3FA410A9BE92A2BF9103D
:10398400E70E0A1517F1F6F901E1CA1B3D81070696
:1039940017F2991518250F33D61CAB070807111316
:1039A400150328D5D80919E1F5CA0A33FDEA093AFD
:1039B400CA49F112FDE24126E4230606EA2F272232
:1039C4000F96011F113F230D14262DE038142505F1
:1039D4000827E60E29181FFAE41C221BF90A05E33E
:1039E400202BDA02F764F718DD6A09FF7F10F42848
:1039F4000909D9D5E51FF0231DFE391002FAE0F6B6
:103A0400EE21EEEDF10E024FE4211623C541DE1D39
:103A1400F8F8E81C0F45DCF51A0AEC0DE6FBC7E8DC
:103A2400A4100AFA18E3D9E3F329FFD3DD355001D2
:103A3400FB024ADC143F07D934C0F5F10A303027C1
:103A4400F11F090241DBF94EEA273FE8161AD61A9C
:103A5400E150A83F3DD7980AF8F920FDCCD313488C
:103A640020E4E3141BEDAC3314BF015F1D1004CD3F
:103A7400D9EFEA39FD08EB09FEF4B8E7221DF01C82
:103A8400F6FEC026331C060E59F02D0A26C433DE7A
:103A940011DCDA4A44D63D1B1B20CB0D313A0B0610
:103AA40026011047F0F9FB5BF1C6EC2FF2D4DA01E2
:103AB40040EA23FFF6FE0E21C5C744F8D1BF0DE24C
:103AC400F8DDC0EF1223CE0118D21EDB3718DA0E50
:103AD400234ADFFD08F3E60ACA1D22DB3710FA1376
:103AE4001A371FEFDFCA46D044ED0CEAD836F6D7B2
:103AF4004102E40AE1D21C1D0E42F117D00A231C34
:103B04003FFD2B3910BEE61DC5E1F91CE1DF08D6E7
:103B1400C5DE0F19160F2C13EEF91F2F25DEFABA86
:103B24002C1B10F2CF150C1725BD1B0BB527DA295A
:103B34000814F55BA7DE2BDE39DBF6F01618F1E38B
:103B4400522EC8FDEE46C827EDEB14E1E6E0044131
:103B5400E3F0F10903F135F5D3B54A00E7D9FFD90C
:103B6400BE0D2A1A38327B061202F5EC20DAD74051
:103B74004920150FC8022E50F3D12331ECEBDFF8A6
:103B8400DD11EA03F71FD70AC0194B1DB00B251A24
:103B940025F624BFC701FBFA3FF3E5FF7D0C22CED7
:103BA400081522EB2AECDEF930DCC5D0D5E612E0AC
:103BB40040200E05F5F2ED19FAE3BFED0106E2EC43
:103BC4002040DECC22B339EFF4201703E8F3E6E417
:103BD40024E7323BFA0124BEE8F7EE2981F03F26C0
:103BE400171A2510C40CD415EDEC024931FBCAE5B3
:103BF400F621D72A572F172D18D4DA2F00DCE1DE4F
:103C0400D0E1251EC0D60717FBD8D952DFF2E1E672
:103C1400E9F1C413E7FABBC5321213D9B8C8119B32
:103C2400F04839C5F00304C8A5130E22E01032157C
:103C34002A115604DA6AE4B8FE09AC22E637B53F25
:103C44000A2EF70954D22EFE0EF742DCDB0F0EFAD1
:103C5400FC39C7FA4EBADC39060100E3EFC8692B18
:103C6400E103CE37574C53DE3D4DFABC48ECD0004F
:103C7400391B3E120FDCFC051014B6F0CF000126F0
:103C8400E1E44F101EE9BCEC2ECB680F040F3A4858
:103C94002CD0064E1C2A042E0408EF172F29F23AC2
:103CA40052073AC5F839E50B5315F8E7F9B3DF279E
:103CB4000945FCEEDCE9051608F11DEDFC0D1CEFD1
:103CC40018F42F225AFAF702DBF34AF71900C2025A
:103CD4002B7FF1E4F2E516E3E333FDFDD922132C47
:103CE400F70C0A012E0206F9C3F30DF8A1132419E7
:103CF400F2F80F0CF8C716E61FF7D5C80E4200EF0E
:103D04002433D906F1FD2DFCCBEBDEDCF8292E2A79
:103D140011562B0DEA17F9FD1ADDF1ED1412DCF240
:103D240014F70103E43CEB400FF40C165FE22E1091
:103D34000141252908C950322C2D08043C351BF8B3
:103D4400FBF2FF27C446AB07D5F1DF08F089F7DCA7
:103D5400121E18ECE5280310FCC7F51529F9D2E763
:103D6400EEE640E70E03E9EE0902E924FAF13AEE41
:103D7400FA1D212AFD1BF903090CF1270BF218E2A5
:103D84000E0829FCECE7B518D61DD706E50F02147A
:103D94000401E2DDC700F66427F8F1F925D6E2E86C
:103DA400CC09183DFC3EF9C60B14E8C6F749E703F5
:103DB400FC022520B72F17E8F234F3B2D80C0FF524
:103DC4002414275604812AF0FECF2702DB54460030
:103DD400E6160B1C1E1BEBEFD9D31CD3BEDA18FB63
:103DE4002ED80EFCE2F403CB359EDE19021CC71953
:103DF4002524D8FCEADF3361404FDCE515E708BE33
:103E04007700076316EC3237DEEE0F0AEF000DEC95
:103E1400C4120314CB11F2C3210916671C4DB8EC6C
:103E240035C80429D34C140BE9E9ECD9FC38CE1479
:103E34003FF113FC2B1D071D1F00DB66FD1D21C078
:103E4400E821DBF0F002D534221AF9D6E508333341
:103E5400FDE30BD9351027EC10E60FC60CB815D3CB
:103E6400E9E6300B7FFA2CCD0C1DFD2C20EF1B0B4B
:103E740010FC29EACE1016260608F80615DF3F9E28
:103E8400A5FD560CDCFDF3BB28FF40E7023B4226B0
:103E94002004EBD1F0CEE2113EBFDA4F20CFFB126B
:103EA400E51235D336FACEE2E4D70EE6B9F931E6B7
:103EB40002350BFBF70B0CC2F7DF03F205FFEFEF44
:103EC400E3FF39210EF2F9D3F40C7305E6131BD08A
:103ED400731D07F5E80E0A25DFABDEE4F6371BFA9F
:103EE400FFF122071A133744E4F007DCFC21FEC576
:103EF400F9050715DFF910061C1364EC10F33CBE3A
:103F04002B18E7BB44EA0BF61A030DC6E0E4F4EF02
:103F140037DDF7DF0D432B0FF4B72AF1081CE21944
:103F2400FDCBF305ED11FCEE2C2720DC190A1D1640
:103F3400FFB8B32030E9050436E7FCEA07DC04B631
:103F4400E1C5DAD9FFEBFAEF2F10D1FB1A0454F5CF
:103F5400FEE73B0AE5033AE5D41DDB15D6E402F699
:103F6400E911FDF5FCDDE57B0C34ED0905E703E91A
:103F7400DB0630F520EE0A0BE71502EBD5C7B8CC0B
:103F8400E3E8D71CEBE2F5CFF601E8FFCC21C0094A
:103F940001F1223222E6DEE77F3922D3CE0A0C3D3C
:103FA400E70CC6D428E5160205DE41090100EEAD92
:103FB400FDCBEDE913E237170BE9E52719DFE5003F
:103FC400C84DEECC1F16E9EA0824C4F81EEEE11E23
:103FD4000F23D5D8D718D8EF1ABAF10B1BEEEB0183
:103FE400C2CF0712E743242C130AF5F56102B3117B
:103FF40012FC1CDF181FEC22F833190405D7C42760
:10400400E417CA213081E3412265F01EECE4E6D5D1
:1040140061E9CEB0D91DDEC1CDEBC220D9413B2E22
:10402400E62A04F421B6E8D30D48F0E2F4E719FED9
:1040340020A2D0D9C206E6D304E6B807FAAADACA9F
:104044004E07D81002C627EB16EF12FF0D21DC3500
:10405400D4C001261EC321DE0AF3F855F12CCA3060
:10406400FFDEB618D350A828D9CCDC1DDA348EDC98
:104074009AC8E1DA42CA22EFC31154FCEDF0D91810
:104084001AB09129B71D300E5003E2164916DFFE0F
:1040940013C9E708352301A01C2B44E61AE0322992
:1040A4004BDBCB0300E01D52EA071141ECC7F229B8
:1040B400D4AAD62CFE2249C545D8ED5EEAA4A73978
:1040C400E00B000B1602D6013409F4E6E42FA9ED47
:1040D40014F318B930EFD04C3337E9E4370BE4224A
:1040E400D4161D0CEEEC270A14B8F3D8EA1EEFB56B
:1040F400EA9AFC1730B32ADBDC180527D4274116CB
:10410400E3F9E123EBE1FADA0A1AF3F4E3B4FDE2AA
:1041140019D3ECBBD10C2507BF17E8ECF11BF5FA5A
:104124004A200232130A1F1F3EE4EBEB24E2BCDAFE
:10413400FEF7C2FB15D6E3EFD4324DDF07C2B92D2B
:104144000C202D2627F525ED2CA6FAFF1701040BCC
:104154003EC1260381DD271916120B0C291B17CD2E
:104164000E16F5FD12EC50ECDC5C3CD7E1CDED2DE8
:104174002921EFDF20F4330DF1EF5B06FCE528F194
:1041840011ED251002D6091FCF23FCE40A57D0EE07
:104194000AFF2BDD14F50201ED064FFBEBCB1723D1
:1041A400E404B5D8060001D72756B3EE2C15DFEB8F
:1041B400E4F4DFFB09A8A5A97BEAC924386418093B
:1041C400DD4C41E4FD0745F60EF4D221CCEEDD0EC4
:1041D400DC28F30BE0BA0DEE3204E0EA0A0AD60159
:1041E400B8E0DC1B09340F0C550CDA362F2C0CD537
:1041F400022FF02523FB101921DEC81913D5F7C2AD
:1042040017F8401CEDEC4223E9D8135BDAF1F0F621
:104214000FD7F734043BC1C73DFD3D74BCF714F31D
:10422400EFDDD009DA25E2E1E7F120E3EC3A16F517
:1042340020060900D82F13F6F403B17FDC25A6F479
:10424400EB12F8FB271C044F2917391CE3E6081767
:10425400DDED0F0307E80E470CE007BCCCA55423A3
:10426400B3D50A1D19284ECC19240BFF50B1D150D7
:1042740002DE35EEFF04483BECFE0805C3DEF8BF62
:10428400B408433E080AF5F909EF7FCF0C314328FF
:104294000CC434EBC910F1E1260F274520F5BFF417
:1042A40000D8F4B81AF5FDFB4003DCD3DC0527D5B0
:1042B400FD2613CEF9F126C009CFE7EE3912C3115A
:1042C400D4E82CD9260834ED0FE8032F0DBFFD13D5
:1042D4001D4D15EFE8CA110CE9DDF734D74E0C1467
:1042E400D3FB10E83336E3D3E83A11FC6CD8E50F7E
:1042F400100BE7FDFC29EEDCF6D9F05533D1D10FD4
:104304001324FABFF90ED71FFB3EF4F33240FDE746
:10431400420AE51426101B193313F803ECE83B0D8D
:10432400CA1EEFD2FAD905DCCE15FFF2D5EB000C8C
:10433400EEF5F581080CCFF60D08E405FFED193410
:10434400CC100BF154CD1C0C22432A11D823EEC6F9
:1043540017F90A1C5BC502F525F3F2DD17ECD73219
:104364002E1AFEFB11D3ACFD07CF0CEDFE0FFFBCE4
:10437400D2E5B34B14D7F6FA10E8CDB90A4FF0469C
:10438400FEC5CC3A253334FB1EE4BF2439CF03B336
:10439400EA1BE72615F83BFE2825C430C827FA1780
:1043A4002501ED34E4DC0541E6DC200203DE0C09E2
:1043B4000910171832FB2E14B9132619D9D8D41D95
:1043C400E5CADDD3E627B2F1F10C0FCD230FE925C1
:1043D400F8FCDEEC404BE516E71D29C823CEE0FED1
:1043E400150A25090C1FCF33E15014074E0CDC2AA3
:1043F4000B08FBDCF5520A2509C1313000FE13130A
:10440400D9250EC8FD180B2D1026EC0B0142EE2009
:104414000620DA13FC05C43F451139FC13D3EAFE28
:104424000518EEFBBE17FEFC001106D91D034D1C3A
:1044340013BB03CBEE10F91628D216E6161B5AF955
:10444400C9D4F8E8E9F11CF1C339311D1637BADFD4
:10445400E01AF00919FCEC192823DC2702FEFD20E0
:104464000AFBEE04D208C27F21CAF50D2D54F00ECA
:10447400CDDEE5112D02E21B2BDDFEF70030093BFA
:10448400D90F042419322DF731F3FB0A27990B05B0
:1044940018070C2C02EE2E351DF2DA08154A13F912
:1044A40006F31C222904FDED0BFA0336E014091D62
:1044B400F41E091011F47B5EAC1B3A01F1DD192BDB
:1044C4000BEFD4030E33D9091CF5CFD81911F61B01
:1044D40012F7FF0A3705093118232D302CE8F6FFAF
:1044E40028040BED02F3ECEC1B1EFBF560E7D2ECA9
:1044F400D71C1DF7F241FB050E0C461AFB04FB0DFD
:1045040020DE1E9048F01C092921E4F80D2005E561
:1045140061E6F4B8EDFF251BABE9F02CEE25F63E81
:10452400DBE60B1122D628BA1903EC4F0D1D3FCF41
:10453400F6FBB9C94212EAFEF121F312E4D5F8C937
:104544009FD2B81934A608DE27FF19F51204ECE946
:1045540013AE2DF5D9F6FE020929AF11E149F50094
:104564001C0ED208C2B9B0E2EACDEE1BC41ADBF8C5
:10457400EDBF26DA17EB08FAD90A34F9EDFE020288
:1045840001A40347F1D34F1008FBF2C0EC3406C07A
:104594000DE3125224F7FCD23E442FE69821102E4C
:1045A400F3EEBA1D0BF21E0B18EE09241817F98B43
:1045B4000CECE003EEFAE90B45173C1614DF0D088A
:1045C400813702F8EA412C2BF308ADF215C7EB153D
:1045D40004E4E0992D1ABF344426D1F025DDA80D5A
:1045E400D9BE1912D7E4193443D01606B413FEE821
:1045F4000D04FCE221EEF222187F0625F9EB0FF000
:10460400F9EA3D32F0F02EFEF8F2ED2A3ABB0E0341
:1046140001B9D1D5012F07DEB618F41DBE1FEB1565
:104624003302E61065DE0AD5F0151B08E016DFE25A
:104634005BEECF18FDFF00D7131C2C1CD6F08CECBE
:104644002CF0DD25370A33F805CF3C2F3C2939EC13
:104654000CD811E2F6030D2527EB1C0EF617F8F91A
:10466400CC18BB1321267AD4010022D8EDB6F871F8
:1046740009F53A8D3DE20EC6F7021B2510BCF08AFF
:10468400E8D1C5240FC8FF34EADDEE08D64016127F
:104694001FE00DD6FC23E4A6D5255261DDFFE5D449
:1046A400EC04DE07010FF324F5F8CC23EF00D9CE98
:1046B400EFC119F0E312FAA431DCBAFAF6FD000CEA
:1046C40026271CE41F0A021AEC06EB20CBBD1311AB
:1046D400E606DBD7FCF8CED74A37E0DAE95E0E13FC
:1046E400D6E22CE2D315FCFE265FF22059F1CB086A
:1046F400E72E0C0E2B6B110EEEF2F93BF5B8FCC055
:104704002DFD407DE91E202927E0F22C00FEFF0745
:1047140081E4F20D08259FF722040E52D3E8EC1C25
:10472400EF153EF6F002D1FADC09C8BACE0621CB69
:10473400480150F3DA32D9E1FE12E556FF0DF632A4
:10474400D40428CA15E9341DF91A2A1123240E2089
:10475400C513D5ED26EADC170A1F1BC8AE960A4717
:10476400DEC1DAE41BF1192527C0F4E03539CBF7B3
:1047740007FCEE1819D005FCF5FEDAC0FA261E383F
:10478400F1C8EE3A1816340020FA16CE50BE17F4CB
:10479400F3F4E32D1C042A103B3E1347243A17B0CC
:1047A40043D943E50D0F1724E4E32300E9BCE93AB8
:1047B4000C0DFCEF17DB4538DDE91F180FD0E71DA2
:1047C40003D20EFA411EEF0916C934041717CC415F
:1047D4003E10D8F22A12245C1B1A1B1EE95045070E
:1047E400DE381B0B00C11FF439EFF305EF0C0DE3AA
:1047F4001307D422EF00512EE75A0323E6071414BB
:10480400250A287FFDE2F5191A1D0403C9D8E8F327
:10481400DEFD1BE1FF1C24F5F7FCF422EF030BF48F
:10482400191D170CF91E20FFF5EB0FEDD926EA161A
:10483400EF0FF537B8E925E60E00E9EFE915F2FECA
:1048440033FCBD01E419F90F05F831D72104ED4417
:104854000A000900FD0BFFEF14BA19121903F7FB44
:10486400EA121201175F4E1414F6E8E21711E62952
:104874003C032DE7D4E532FFE3F93312E60806ECF6
:10488400E3F90DFCE71CD319F0F11E02B8F6F11C94
:1048940001FD13F7EE07E4F9E1E2DFD63713F9E699
:1048A4000A17FAF10FDDD9041BDE05E0FFF800C694
:1048B400270A1513F422160522F7D60AFDECE9039C
:1048C4005543141512CBE0FD15ED062FC8DDE5D7D1
:1048D400060D45211904F9F9171DE00FD2EC3A1A17
:1048E400E6FF1BF9E9DF45F948DFA228E9F711D40F
:1048F400F8091F34FB0B0834C75A7F3DE6AE38BCB9
:104904003325E0D818F9F737EFF6ED13FA00E70A84
:1049140035DBFFABFB4043E6ECA31DF7DED9DA2A17
:1049240012F43B4DB53328C70BE421D2A62AEDC8B7
:1049340037FDF64B34020FE40822EA44D9CF14FAC7
:10494400C7D7B4DEE824DCD90EF720E43C014415D3
:10495400D9CF2432B4022207B330133ABD39FA3422
:104964000EF0CF2CE5FAFB16F5FACD150AE902177D
:104974000BED12D7D3D90C07EC173905D4C3DBC11F
:10498400EAE4C91717EC3006B1BD25F9A50DF720E7
:10499400ECCC1767FBD810C753DD2CEFE24AE318C1
:1049A40003F0C9D12513E0C4F90A3FF40D06ECADB8
:1049B4000DC7D8FFEADCCA192EE5E52736F6EFEB7A
:1049C400D930E5C33B3A02191EFBF7FC0FD7011897
:1049D4001ACC0FF8DF22CF155BEAE42AEE16F8F6BC
:1049E400C0D7F14ADFF7112100F8C7EEC206E20B87
:1049F400E2F7170B48EE03F8075FDCBD220D36A77C
:104A04001B06E517F81721D728FD0718F5CD16F86A
:104A1400DEFD0EE0EF11E7E9C3DDC1CFF2FFF614CE
:104A240023EDF1E6F821EF1625E2BF0BEAE81800C2
:104A340025350A1C24F60CEE08073420EAE3A9EF16
:104A440013F307D8D1282AFB4EB70A0AFF072FFF12
:104A5400F1D839E0DCFC3038EE1EE403CCE616D79E
:104A64002D01FCEB3CD41DC8BD47F7D1F7DF143250
:104A7400F21044CF03EC09FBEB27F6D9F9B832CF97
:104A840003FD14F018DC00D2E008F4FBD1F62EE5A7
:104A9400DCCE3BC101D30900D5F91D24D0E2DA27CD
:104AA400F50027122D05E4C306FD0AD227FCCBF33B
:104AB400CA010AE1F22881E6F4F4CD03583420DA7D
:104AC400351C1AE9020D39F72D16092F12EDE8F7F6
:104AD40017070501F3BDF7C8E92BDC0AF24AF3FA1C
:104AE400D5DCB00DDD30F5DE09BE1F499DFAEAD3F1
:104AF40020DEE3293F24FDFFED3012BDE1ABDC4CA9
:104B0400BBEB4A12E524E5D2090705014CDD0AC2D4
:104B1400C303D906068AF8232B70BCED033168F968
:104B2400FC573FFA43FECCD5F3D9CAF2A509B348E2
:104B3400F805E1EECDDAD0DBE4540ACA54DFBF0B4A
:104B4400481A3F3504FB1E079A101A0AFFBF0D15B9
:104B540008FD1CCCCEF6F40256BD251638E910FE2D
:104B640010FED04C214F59A2FDE32496FAFADCBA88
:104B7400EE3003F23605F006F41EFEFD14C3D9032D
:104B84000EDC1CFD27CCE74FFE55EAF84E5A2726CB
:104B94001720D3E24E43E6E2C37F042577FDF2817A
:104BA400CE00FCED13E4154B3D21301D27D4E11854
:104BB400FE3BE4094CE915D71E1425370DFFB60F4B
:104BC4001F3A5843F303F84316242EC7CA00FE04C1
:104BD400FE2A1D281ECB3AE7FB2216DF02C40CC8AE
:104BE40014E84E20D4FAFBCE21DAEB2305071ED2BB
:104BF40003CEFA090CCF1FF348CD08E5D3F9E71526
:104C040014F524EEF0112B0303ED2D0D400F17E1E5
:104C140021F82C1039D10924D612DFE830220AEC0D
:104C24000B1B344726E923F52AEEFA72C7F202FE7B
:104C34000724F026F61E0AFF1D1C0BD1E4EAED083A
:104C440006EDF224F72DD80300D5F1E5DDF9E928C6
:104C5400F8E617D7F215F8242EC5B71D2D1213EF59
:104C640014F1FC28E61336F1E70A12D4E001FAEB5A
:104C7400EB042EBDB8F137F503DE503BC1E3DED6BD
:104C84001FF54F0146F3151BBC1E1404E15119F125
:104C9400EF02E8EBBD28DC23C60F193FEDF21DDF60
:104CA400CDFE0922FE1A16E30827F0DE0F18FCFCDD
:104CB400E81ED9FEED0381D3E9F21402FA190CF8C7
:104CC400D5224A2B1D9E222812E51D20C2CCF8B302
:104CD4001C2B1F0A18CC05F2F5E1F3FBCCE0E1EF45
:104CE400DB00D811DD26FFFE3A0CDCE7B2E52AEB47
:104CF400E00305182FA3F1EB1F0C29E902FC0AE2DB
:104D0400E3C225E7F2DC20C6F0EDF6FA06CB0EF29C
:104D14003CFA1EF51BF0D4E9C4CEE8070331DDE606
:104D24001AF1F8192D0DFB1236E70639DF06DCE718
:104D3400164C353153EF00F8F9611EE0F9EABE0371
:104D44002718155CEA26051F50CE113612C433F11C
:104D54002BD902CADD273A44CD1CC8FA05EF3ED24E
:104D6400F8C5EF22F8FA3EC61A220B23F9CFDA1758
:104D7400CFDD3AF317E10719DB054F12B6010C9AA0
:104D8400321553F4D2B6DA08120243FCF85728E07D
:104D9400EEB904DCF8FDBBF3D00F3AE6F998F3DC86
:104DA400BBDEDBE01A1BE8FCF53CB7C11C2F08C0D6
:104DB400B8BE18E9F80581E55B0FFFD7F231E0B71B
:104DC4000E2D7BDDE4E55AFF14E9F946C9CB22EE4A
:104DD400C8FD46FCCDD202F91303D210EA61AA023F
:104DE400D0F71703DA101DD638B2E9F1DD1B18FB32
:104DF40028F510FF16DEFFEFF0122C42ED01E87AE1
:104E04001501163709F7F3E9E012060317C9EC1088
:104E14000DD5F7C6E6091CE3DDFA2021C41C12DE19
:104E24002C1F233B530B14013CD601FAD3F5CBF4CE
:104E34000927D10B04EFF90AF5001986DCE5C00A4D
:104E44001BFBFE07FCE909D2D6D71DE7FCEDEE10EB
:104E54003FBBFCCAC8F23BD3EEBC1AC11037E2E335
:104E6400043E1C0308ED221FEFF038D90AD7E40EE4
:104E74004922FFB508E91512F2E27FFCE5DBEA09F5
:104E84001EF9201E03D6D922D2EDEA07245BD907E6
:104E9400E2CFCC0905E9F6D60D163DE3CAF0FEEBE8
:104EA400E60FD8CDECDEC7ECE32FD601000A0FC223
:104EB400F8E9C312EFE2D2CC4BC8CB2F59230C38FC
:104EC400EE221FBF0DFFDCFDDFEC1730B7EBE63839
:104ED400051622FEF0CDE6211F3EF2E4EAF1FFE1E1
:104EE400D697421D48F1FCE20503FF0AEBFB0F1FB6
:104EF400182329A8B6D3CAC7DDDCEFBED542E2E247
:104F04000001D7F11A1429C7D8FBFB0F1A51300638
:104F140015084100F4F2B945C70A00EC041B19E76F
:104F2400D4B8FF5525F0FC123511E85318D8E21C0B
:104F3400811727F53EB3283307F95406232F0A0AAD
:104F44001ABBED35E7F1BB062435C40AA7CA04B081
:104F54001F22F9F70329F621142BC2C83D0ED7F5F9
:104F64001ED83029FD0CF4F3391CF81B2D07EDCFA6
:104F740007F93A2A0319F0E5E8FEE6E4E20509DE5A
:104F84000331062DF812F30E175210F3F63808FC0D
:104F9400EF3DCCB54200E6149953C8D4F0CE06EBED
:104FA400DAF8EB3C023703E5FDF3C3DB013246D606
:104FB400D26D13F3CDD7DAA3AB0D25DDF737ECCEE5
:104FC40027E9F3F6F0FACAD3250D25E5DD100ECF57
:104FD400D51B2B08D03FE1C91C3BF616A9EDE00711
:104FE4003A272F091F73FADDFD2805C77FF4D6FF82
:104FF400D4081D26C545D3131B1C14D1FFE117D0BB
:105004000902F3E021127CFB02F919420F11EFF9B6
:10501400FB2840F35E1BEC4CFFD1EEE833ECD202EC
:10502400EAF2CFE8FE2114E2F32AE7FBF40C490785
:105034000F0626031424EFDF06F10E58090F012191
:10504400AB161ED522F40B390F08522A152EF1E7A0
:10505400F908E42AFE14CBE40BFFDB18EFCDEF26AE
:10506400DDD510FFDCC2021D15D5E02E2E10F70190
:1050740097FDF6FDE912DFDCE8E7DE121CE12DEC1A
:10508400FC3A052D1DE54BDF0901F305F5DEFBF9BF
:10509400D3F81B24F7E121F5F1F5F117E41D14F918
:1050A400071EFD3EFF082C0C02EC181F0ACAFB0E5B
:1050B400042FFFEC2F1AFE3BF4031D1D8ADEF4EBD4
:1050C400FE1AF3EEFA321EC628F813D023140FFB8F
:1050D40011EFE00820EDE9F406EB2014EA21C219EF
:1050E400024000E4182120EA3368F4E27F1C0EF544
:1050F4002031F4E6E9394E16ED041D6ACEFD35C4BF
:105104003A23242315C7F261EF03EC35E907D8F2FB
:10511400330908C02E4113031BFDFA4926131BFB58
:10512400C6ED2BE9D4EC14FDFB412C21D2253A1217
:10513400002317330A1936033DD6CD2AE6182DCDA0
:10514400F505DFEB141AE722FC2928102404042AAD
:10515400FCFAF12BFCE9CCE1E6FED951FB2EE73455
:10516400D4C5F1FE1127EE53FECCF22A1D0F0725FC
:10517400D9ED532B12ED070ADE143B2FFD1BE0186B
:10518400EF16FF0EEF0AFCDEFDDF50249B17E7430A
:1051940029DC2024F6E823F44B03FC0E1837121202
:1051A400EDFEEEF726E5BA46EDF7F208F2FA2BC06B
:1051B4005DD9F11B16EE330A0BDFDA01B5BD05F23A
:1051C4000C3EFEE000FBFACFEAD006B9CDE5E5FFE0
:1051D4000E2906FEF8EDE95B17D20205E6031C2D45
:1051E400CCFF0F05383DB9D2F013F5BBFFD0F50461
:1051F400243904A7E4D6EBB0FED72935E011DC301E
:10520400FE0FA4A238BC37FD524EEF9ABFD6E90177
:105214007C27090BE13A2813E5DBD7EB2646264F1A
:105224002E25B4DB14FA06CB2A07E8F8201A04F377
:10523400F1ECA9BB04FEF2DDE1DF4AAEDE1F0EC3D2
:10524400E5F009D5D4FBF5D91DE3B10C35FF03B561
:105254000DEE0F47F7ED2ABD0FFAF50C33579BFE01
:105264001B2C00E507D79920CF0BC229DECC1103F4
:10527400EDCDBAE1FFF8DADAE2001507F3F1122F07
:105284005DEABCFD094C021D30D5E3FE06B706F20B
:10529400B52137E00BD722FCDAF20281CD340D4E72
:1052A400F528CE4E02EA0521CC37FD202E00D8DBAE
:1052B400F6CA100732FCD2E0422FD135AF3BE72FBC
:1052C400CF18990490F5BFA2E030E6D1DD3ADFDED5
:1052D400E0C1E9FE28FEBDEE1E31FEE130B7E5CAAD
:1052E400F4FDB41AEEBBEE213DFBDC07CFF7F9ED7C
:1052F400F8D519133513EE02FC2D10F9F8FD3ED63E
:10530400BA000F07E5FBFDD90CF3F832CFEFF9EE45
:10531400FFDD4211E2270BD60BFBD0F0D6EDDCE229
:1053240018201A0AD122EC12F5F50222F2D713E45E
:105334003B502020EFE6FCEE004A2620D808BFE7C9
:1053440042F62316021E080F1FAB360E12220AE085
:10535400F3D5282B170003170AF013EFF4C6F0E077
:105364001A09E0F5142422D70E0C541A13F9017FFC
:10537400130304C8E1F3CCE2F9EB0A0BF8E446B9F1
:105384000CFA0ACCD8D4DAC322FFECEBDDF20B1D05
:10539400190816D7DF0DE319EAE1012CD1E10B015D
:1053A4000AE726EB2DE4FEE00A0A221DE6DB1F0BCA
:1053B400EF300105E520174C1A23E626313216FAA0
:1053C400F4231E0752DB15F52DFEEB1C26F3E6E64F
:1053D400EF20EA19FCF0F3E70C27011D17660FD440
:1053E400DBF8A7F9F5FE04FF2EADEC01A5FB29F8C7
:1053F400F816282623F0F201071B1F38D71BD20109
:10540400000A3AEE1EE8E8FFF00BE8D539C001FACD
:105414003DF4E0C40CF33CCFEFDDE251E718301E5D
:105424002F07F30C06D1F6E530F30D0DFF26B0CDB2
:10543400240C010C39D10EFC06370DD0ABF8A314A3
:10544400041118E8FCC21F0DEDE7BD0122E315D5D8
:10545400E4E82AD7D7D60CFFF1040CEAE9F310DE0E
:1054640005E10E0CECFA4CBCFB06030404C2F52E59
:105474000BFE03AD490727FFD8041EEB01F5EAE450
:105484000506C510E9FE3328E3EE1111FB7FE6E0C3
:105494001CE103CDFDEAC9C7002F3735F7E50AD96A
:1054A400EDF8A92CF5FE0D3ADD2ED614F707E1BD73
:1054B400FCECBBEED8DFD1F73606D5F71C3EFB2655
:1054C40018343EE2FCEC2529C90E021C220AF5F927
:1054D400FDF4FAC6C0DDA10839F4F3DFF61E1FE8B7
:1054E400F3CC300BEE1B06F930EFEF292351FFE329
:1054F400371802F221FF3462EA162E62D8C260F530
:105504001BF2C61C1D81D50D30391625CFD8130BBF
:105514003503EFC1EF344EE105CE0F2A090DBE0C61
:1055240046C9EA28C82A2AD81CFD59DAE055F0EB06
:10553400330CCAFD12CFF91235DDF657E0EB2D021C
:10554400E506B5DEE81CE1E924C81ADC6521353935
:10555400FBE2F650F3071DD4ED2FEE40F020FB42A2
:10556400FCF4D13349E8075B0024DB0511FBF6FFAB
:105574002FF214EA0FD513EEE3074DFA13BBFD0225
:10558400EDDAC4E0B429FCDFFAF2371B8BE1E22048
:1055940025CC4231EEED08D3321012F8C633082779
:1055A40015F097E63BE9D5090C1CE71EDB1818B883
:1055B40009B6FAF3FFCC220236F5E3280F1DF30FE8
:1055C400D624FDDF13242FF71CDBD22437FDEA1485
:1055D4002D1CF2F3C7F3D21145FB0137FC26D5434A
:1055E4008FC0EB53D3EFFEF81111F3613B35CE17A7
:1055F4000831932D23FD44FE44FC924407AFD1E2CD
:10560400F7FCDD6C86EF0C52F1FA3F3EBDE6000775
:10561400FE0AD757B855059EFF19CE0FE9CAF0CF39
:105624005933E02A1025C8FAD4F61237FE1E711732
:10563400FB1C013CC32A03AEFE34A92D06F8C56D3C
:105644000B15CAE61B0CE7E538DF1FDEDCD71B743D
:10565400F01E0BF024D8FD3C18CA21F59FED212E35
:10566400B001DA3F6F4344DDEA5034F20117CE4310
:1056740015E4FFE9D1BB17512117E921C5FCCCE39F
:10568400E9426F1BECFBEC15BC0553EF0FC4081685
:105694003384F802004102F4F5282F3F47C7033F43
:1056A40010FB41B1093BF2F462E733D381C2F3E862
:1056B4000D4BDBEDC346C0D9E7F3BAC90CF4ECEAF1
:1056C400020F32BC09450CDB3B005B44B4CEF0CE88
:1056D4005E27302A0EBB242EDC3E3AFAF9FC123245
:1056E400D9EA0C24120FE2E1D52F4353E0E620005F
:1056F400EFEA15F5F4F9DF04F807109EFA2EF832F4
:10570400D6F9F344E24BDDDABFE7FAEB24E81F0AEB
:10571400A5F30E35AAA8EBFF01473805DEF82C08DF
:10572400CA2227F10EF3E90300E6D6EE33A219FDEF
:10573400EBFE1EDC1CE10E09150F14F82FDD3433CB
:10574400ECF20329F7040101E0F7EB0CD7DBFF814E
:10575400F63625D116F4DE4720175DEE2ADA071255
:1057640065EC2601D91ED2CEDEE42120F23515C126
:10577400F70AEA1240E6E4D90044E6F31B3409FAD6
:10578400FBF7EFE7081DE7192828E8ED53F20EC6EA
:1057940034E8B1101049C725D82DD9E82A22D6C03B
:1057A40010D60EF1B041F91DF223F91D4921F6245A
:1057B400C9091C0A05E4070FBD2525DD07270EFED0
:1057C400DD0033270D3904470B3C3DE7F70B2CF381
:1057D400CB3FF411FC271E13DD2EFECCE8ACF6F50E
:1057E4002DEDF9C003035653F0D0B9E5152B1DF97F
:1057F40007E9330C231A1831C14872270D1042AE41
:105804001F05C8074BB4D41D3524DDEDF2CFF42EAB
:105814001E05B581FA2A280DA38D072EF7000EE97F
:10582400F7B3421EEDE215F610FE12E9124616D841
:105834000198C03CF1C0EDFB1CEAC91ADAC9F8C1F1
:10584400EBEDD8E4F7C3E9180DCDE21CFF02092102
:10585400FBDB3321D30868D7C6F9D92DD13ED7ED68
:10586400000C1F1526DD165BF2FCDAE919E2E6F8F6
:105874001FDCF6E90BD11CF3DC1E4A13DBAAC9E4D6
:10588400EB0AC01B180A0F03DDFB1E1E9325EFFE57
:105894001CB3565037C6D4BA57E63E9BCDF7030324
:1058A4001721D8F92D23233015E224E505E308C791
:1058B400D6C8CCEF0BDB211F43B8EA5347070ED7FA
:1058C400DC67EDBF1818EB0135ECC1F5F9FCFD35CB
:1058D400D8F51DE0FAF7B2003CF9E12F14E911E81C
:1058E400B3D4F03034FD06A70F0D1B099822F22122
:1058F400B1EF2AE58109F92B031EBA9E1F3849D658
:1059040019FAEFF8FF45E7BCE8AF411E00372B0159
:10591400FA14231B1304E34F12D215B57419DA07D2
:10592400F705DE3DF41F03201316061C3C0723E392
:105934000839002039E71744000E4A22274F11DEA8
:1059440011CB2929BD32C0F0ED11E516FFE619048B
:10595400033501ECF13715FE1020FFDF4207F0DCC0
:10596400FDE700C6111B09F8125B06DE213B52322B
:10597400EF4B211EAEEEE51829E4C90922E64D06D7
:10598400012D44BCEFD0DA020316F81016E73214E6
:10599400EA6AE1D7EC20230210E5E8DC06D42826E5
:1059A400FD180E2100F5FAC7E11DE5B9003121FB10
:1059B400CB4D2DF7E331E824EA2015ECECFD40A1B2
:1059C40015E6F91E2AD832FC1AF5FA1C031461DF15
:1059D40005F3EA43F31819AB0CC42636DC02F5F1DF
:1059E4003AF6E40A4B31FF2AC1131FEF1C1409FFD6
:1059F4001FDB0D19F0D5E5D0E38DE79B0B2120E3E8
:105A0400D320D5E5E148F0D6E3E4E4E120430F03F5
:105A1400B9170F198819BCC70F295FCBBAD9051953
:105A240033270CC4B659D725E7C0E7E756C21E246E
:105A3400DECA46F9103A26101DE800F929FB2E1D8E
:105A4400E1DB49DEFEF6BDE4C0D0D912CF81C70E3A
:105A5400DF4E02340445E2320C0E5F3F4FB40C11AA
:105A640033EF18FBE3ED0634DBCF001C744D35A196
:105A7400F64EC5ED081BE7FE5C11E1182CE83C313D
:105A8400020C2608DA4FA5E2D4F2C2F42CBF0A03B2
:105A94005CD4ADD9D058FA7004E5BD091648C3E109
:105AA40016E356EABA70F7AA30E2F24A111AF47A07
:105AB400E1FE041CF2B5371CE223310C1AF03C1D44
:105AC4000A90453B2205DB0B42F9011013494C3384
:105AD400F21BC9344A1F19FDB00240FCFE1007C571
:105AE4003438FEE30CCE00BE73DEC445EF120DD293
:105AF400E015EF030C033B29F730E919DEE629CC66
:105B040040E61D5727E21738F708FA2CBB0214DCCD
:105B1400ADDDF6D23C1DE8DC01D9267FCC2CF1F9B1
:105B24002DE930D6DCF82131EEDF13D4BF3BF3048A
:105B3400210B22F7F00715FC25FBF7281A13CFE0F9
:105B44002236C4D7E7220FFBE8F84EF10D04101DEE
:105B5400C501120EFFD523F5C9D6231DE9DE053292
:105B64008D1DE4254E5D67B92D27170F32E5F034FE
:105B74003ECE49D1FF1A070FD717330C172E6FD912
:105B8400F0E0DAB6DA009400010C3ACAD1385413C2
:105B94003CB9FFDADD2EEAE706D9FB45553BF5DFD4
:105BA4002217F2EE2B00B1FA1D05B9EDB4EC2FE883
:105BB40056F0162AFC0CF5F307D102F633FBD0E8B5
:105BC4004E1332E51E9704ED23D553011200FAD586
:105BD400261F0DE4C9D81E410EEBDB509434640F2C
:105BE400EFD3FE0DEDFF3CFE22EC1E23CD15D4E7D2
:105BF40032F1D51A1ADB340A04DAEF141ED104EB9D
:105C0400F6B7463B8B19D5FECFD60F19C8D7EAC3D2
:105C1400CAECAC2ADBF3F8C2192F391EF0C712AD57
:105C2400222C39E0171BD7F5CF091215D7070DEB36
:105C3400FDDBE911F341F6F2F7DDDFE3E329BF36DB
:105C44002931D924E7EA27F3CB060EFBD4D5414505
:105C5400DF211FE155F32A1C12DB56D70CC67F59EE
:105C6400D90BD7162111201221533AB0FE0AD7FFBF
:105C7400581D2FF7110F3A2A28DDF3010030183B85
:105C8400F90E341920F6971EE4E509070AF7355092
:105C940050EA2228FF1225E809F6ED3330070E0DED
:105CA4001CF12BB72726C900391D3AEEC7BDFF16D4
:105CB4001921F812DAEE412628FBD6342A0A14E117
:105CC4000DF82B102644153726141723E5CECD32B4
:105CD4001F6C2D56E6EE4AD4EB1FF926022803E882
:105CE400CCE0E615101ECF06F21906C600E7EBEA73
:105CF400183211DFE2FF00F6FBCB0405E51D191F86
:105D04000B05D4E337CE272A090405E2CDEFF208C8
:105D14005AF3F8FB0A09150422FEF1FF1B1CD819DB
:105D2400F0F4C4DD1B0216EE270C12FD25140D033E
:105D3400FBF229F815EF0C09F6DE3CF40314020D0E
:105D4400E9E10E06ECE7F8181C0DEB042605FBCB85
:105D54000CFCEC23E9FDF7D7F416D6032B20D2076D
:105D640037DC1E22DACC8E2C1F06E32A0D15F2EF47
:105D7400FFECD91207FD03EDFA041204EC12F2143D
:105D8400120FFEE3E40306D60305031200D1EFDE8F
:105D9400FAE521F12EE5E51422FFF081D7111A2945
:105DA400EAF8092CF8F110EBDE17EBFF200221DFF3
:105DB4002AC4F40012E9DD23F319FFDEFF0206FC16
:105DC4000105EC10DDF3DAEFEDFBEA070100050D48
:105DD400DCD611FDEF0ED31C01230FE3F8E5D00E42
:105DE400F52505F00FE7F8D5D0DA1205A80323331B
:105DF400DDCFF5FFB7C1F5041BE1B7810BF902BE96
:105E04001B160604F762EC9BFADA2824EE18360017
:105E1400CD262114DAF3FA4D101116C945C8180815
:105E2400C6131415E61D32330F1ADFF326A62817FE
:105E3400FD4A280724EFF517F5EE7501120922F142
:105E4400E3E85BEFD944E4EEFEE3F7F2EBB3F2E20E
:105E5400F560D1103046010AFF29F4ECFFBEDD01E4
:105E64002FE2F59B0207E1F00F17FEEEFA2B160B5B
:105E7400F256031FE201BB35490496FF2630401455
:105E8400E03738BF11161B0F1414F1E9E7B6EB0C19
:105E94002068D221E206185BDFE8D2D839F11FE28C
:105EA4001CFD3900ED2AF7BCC6012CE92731E54178
:105EB400C5440609CB13131EBB49120F1C077DDC16
:105EC40006C10309110E3F2B18071542F61F51FE98
:105ED400E334DB7D042B36DAF0170B110812ECD80F
:105EE400272CF01401CA0D19EFE0290DE6E9C9E4E5
:105EF40016F3DE253A3008E3FD1F360207EDF62BD4
:105F0400E2EF5010D803A61BF503F8FCE5D6DEFD3E
:105F1400FA00CD0A22EFE5FDF9241609CEBB29E2E9
:105F24000C461D0BEA11EE0405D5F82FF2121214DB
:105F3400F2E2C00BF80BE2EA1112E9D4D1FFD51555
:105F4400EAF3F101F405FDFCBF080805E6DD27319D
:105F5400CDFA07DE23ED1E35D9FB31E0DFCC2F3738
:105F64000037FBE4154C3A1A090D23E21A1CD80039
:105F740042E745D537DF12F80104F112F3F901CDF8
:105F840033ED36270E0B8C1710CFF2F5EEFA0623FD
:105F94002403EE3DFC0DF4F1F739FE0E10FAEEEA9F
:105FA40017EF2DB52712F4FE3FF12901FEE4ED10A1
:105FB4000DEBF8F7F908472643E7F0227F36F32F75
:105FC400080A01FD501E172D45011B1DF4D20520A2
:105FD400F9360F0EF5FF3A0DEC34DFFD1EFA1414FA
:105FE40006BAF207123435342C39CE0B6A06ED5951
:105FF4002FFDD40C366A22EC2210392F00D1ECC0CC
:10600400E01FED2F22CCFD461263DA14083103F1B0
:106014000B09C7E00EF92DF4E3051035F20E1FF15C
:10602400D2F34E1D13E612CBEB0AF0CCE03E39E27C
:10603400DB0610ED9D25E4FD18E4D849F3FB07EFDA
:10604400CC57EFE145DF5805F9031DE00D29E33C8A
:1060540019F824E6749FF9D8D2F6DD2EFB3ADB4F0B
:1060640093F2D1F001322A46CD99D4FEE7FFDB0644
:10607400A900EEECF4D842DD04053FDFE623B318B3
:10608400E1D2DD65370A56F03CA81E421DF6DEF764
:106094003CDCF361D0D032BDFA2E1231DB2E370056
:1060A4007D00D413EA07F97FFBC71C6EF9AB11011D
:1060B40044EDD8172EEC05E4FAD3F3168FB1D908C2
:1060C400E3D1D6C4D90FC21CE1D011B51219991667
:1060D400FE1BD6ED1219E47F0C03F0EC2FDB1F2A14
:1060E400DF1C1804CCBD524307B964259F0502DFA9
:1060F400471BBE2A0FE33418C7EFD9F4FBF3E204BD
:1061040030CC7F59A325B527E8C338FE14FCF4F539
:10611400CAB5DC0DF8CEFEE54523FAFB090A04BC3A
:1061240035294AEEBE1C09EAC98B011FCA09E804D5
:10613400B702F9FED3F9C5DC0ADADDCCD827CDEAFB
:10614400FB49D3E4E4DFFCC41A22FBD1BFBF0B7EBE
:10615400DD24BFF464EF48C9260C3400FED655484C
:10616400181E0822671745F11D1DA6AB0F0AE41877
:1061740018324A0010EB5B34011D27F9EF46E7445F
:10618400B9D32E1317D2EC20F2E4FBE6C1F1F61CCE
:1061940051090BF51FD6EB26F819ED210BF809026E
:1061A40011E254CCED3BEA121ED416DFEADF033BC6
:1061B4001A40E0F902323233DFC8F0162F2DF616FA
:1061C40050EBFF3C3007D14928160C0AD8CADCF73B
:1061D400483429272F24028E1CEAFF0FE4F456FBCF
:1061E400C5CC272A3C55B7DCAE0528482918E0F66B
:1061F400F509C1DB00FDF2E117A897EF05D8C10846
:10620400CFFC062E9A47BEFAC3D0E001EBE832E297
:10621400B1124658A329CCD33A1F0C9BF3F2FBF6D8
:10622400EF791AD63456CB3D953DF3F23B05220F58
:106234000AED5DB4DA3D01ED201EDDF321311E5778
:10624400B045324A1C3C0925BEF51AF7F324EEB2D8
:106254000063CDE5522BAC50410854FA0B87193B2F
:10626400EDC1F8EA3D41CB07CFDF42F816E206B0B4
:106274001F36DE54E6160BCE35E0A9FC2CFF314D5B
:10628400072434CCFAFFAE183FD016FA7FC0120DA3
:1062940061EFE4F7F73A1019B7EEA91B3820FA05B5
:1062A400460074EDD758FBE80D03EDFD0D15004DC8
:1062B400B7492B23FF39260CE902DE0ED3EA3B1340
:1062C40020B1F84C26EDF73153F32BD30D20130EE8
:1062D4003111A0311B0E3A03F0574A0916F0E1E0E0
:1062E400431E0EF6EA52340739EEECE9DD0EF8CF20
:1062F40033FF17073CF41567E8F32C1FC7A22CBB28
:106304005919111C599F2957F5FDD926E1B7D9F818
:1063140055DACAD2D33B75E5D5980C620A00A212AD
:1063240063E0E2469EF930A612ED47D2DD661BF328
:10633400341EC42E470DD0C6F8CF0828CFFEF2C1B4
:1063440009EBA0D00712FEED44DF33082F285215C5
:10635400FDBB1D54A80906D0D801BE62CFFCD421D0
:10636400EB20FD1C1302342B052EE503FCE9F0366B
:10637400DED61F11D9BA1F3314E14A02E9B423DF70
:10638400B3F7B904CB22F7DDE4D20DEADD0A050543
:10639400DB8E543A0ADAF9A27FF232CCEB49191AAD
:1063A400FFC5DCD545F2F0F5231943D7F740E5C422
:1063B40025A4CECAB9D933DF1FC8D1443CB116CD08
:1063C4000915D9C70F2630DDDCC7B5E94FDFF21D4B
:1063D40003DE06D9EE00C62055160A180445313AE4
:1063E400D6CADA46230AEDBEF005011BD42415FEF5
:1063F400CBF6F730CAE0030C4804F390FA2D0B985F
:10640400F4F3F7ECEB4B32EBCEE75C103AF80820F0
:10641400F8123C2CF7300761E1BCDEBA54C6E7E45D
:10642400E104142EE4161E132B05D9251EEC69FD78
:10643400053C530444E4190F072A451E24F21CEEBC
:10644400EFE633F2E45ACDCCEBCFEDEAEACE2C06FC
:10645400193412C5E05B2D31DE0499D8F6AB06F38E
:10646400CDC725D200180A021F452DF1F22108EDEF
:10647400CC3062FF81E5FA3B1DD3E34800D906EC3A
:10648400090E68FC1EFCC820EB1A10FEE107081E6A
:10649400F64D18ECC4D00D35F093F5C709F514F991
:1064A400CC1628E113332CCFDE2B32C6E01BF316B7
:1064B400A25D2BF0FC31BF00024BE1102301529D81
:1064C4000ADD24F90CDD16F3020A103D32F109EE5F
:1064D400FDE80F23010F23BE9FD60D22F903DE0929
:1064E4000EFFA8FAF20818E10C07F8F3E63FF704E8
:1064F400C6E1EB2EAB0DEC0D37D7FC9423383F9956
:10650400FD192E37F82823EAFCE53E2C3D461703F7
:10651400BA3B2F25050CEE4A39EAE2DC5DCEBE011A
:10652400DA0B105CF87F074E1204E5D91E0C120D2D
:10653400FA7267040DDE08FC02F8350F2D212803DA
:10654400DE062CF2A948E0FF160C3ED422DAF84C01
:106554001819B013DB19EEFBF3E1D7DB04C6ECF931
:10656400BABC18AFD72432B6260CD53F0A4D281131
:10657400A5371A0D99D3EBF427EA2D16E9EE3ED28E
:10658400AF113AE1F1DE0A00C0CF2F05EA2951F537
:10659400FE2CFBF38E18D02FFBC2041500F113E67A
:1065A400E203435AFA2110F3F1F1FA04E12A200438
:1065B4009F3703F0F942D6EBC5540ABFD2B15A8DC6
:1065C40037DDEF112C9518F70B06161A2208142242
:1065D400E9281E46F6122AFFEB13E948D0EEC51748
:1065E4003FE904F0DA0225F625C8203202E023F858
:1065F400073BD30E141E011F000A0FFEF6E1D4F66A
:10660400E4E113F4BF0B1ADEF6EC221D30F1FCD6E4
:10661400F6E011FDEAC3FB26F02FEF03FA162FF97B
:10662400E62230F1FBE1DE04FFD90935FEE0040483
:106634002A06E003EC2AF5E3071BDDF1F5F3B207C4
:10664400E0271A321DEC12DEC9FF2E12E3D903FC37
:10665400070E13DC0ECE2F5116E627040DC83A069A
:10666400E2DFBD0B324C5FE5E6D12CD3EE30F8D53A
:10667400E8F72AE00F0522FA0B1C13F3F0EEDE0212
:106684001428672F2CD9F62E0F1218FBEA7F2A0A3A
:1066940016EFD414252F06DCD02B116739DAF0DA83
:1066A400FC14EE02FE23FB3816FC00F3FEF1E805B1
:1066B400D42A01F8100F07D418FEFC373903D70980
:1066C400EDEF7EE10C0B1E2C15E90407CEEEE00580
:1066D40010280FEB2EE81603E4EDF9F10605CB02C2
:1066E4001BC20004002E5BE32E430918F34312FD82
:1066F400DCD1D640D402211B2D2D21F110130EB173
:10670400120B0460E43826F0CEF26739F7ED043258
:10671400C00F1340051D0035FBE3B9FA29EFA91793
:10672400D725F21EFD23431C35E9F0B8DAFB530BE1
:10673400BA4D52280E280C0A02DFFA3A111DFF2422
:1067440012F302FAD71CCA1B060B31F4FAFAF84901
:10675400DA0029E0042BF240D60581DDEAE8050FD2
:10676400BFC81102220A5026EB0AE1E7C52FFA112D
:10677400B1FA360FC4FE34161AC53D2CF7E2F3E520
:10678400BBFF452705222733CFFF11EDF80328214E
:10679400DCE55AEBBAFC1420D5EEFEDA0438FDE74A
:1067A400160A330E2A4AFA1018E9DCEBEDE1EEC9B9
:1067B400DE021DFBFC798F1BDAF4B2F5ECDE1AE085
:1067C4002B1D02D221BC05203CF8F5DEFEEBDDF5E5
:1067D40011F32EFD1200E7F7B3D4160DC80204F925
:1067E400D31DEB222027C6069C5319597EBAD32801
:1067F4002C3A20F80670E206DFFFECDAD2C02D1145
:10680400F3E9F0CC1C33FB4320D7AD03C363F6D3C9
:1068140003F411141008E146590E0203F4D1031BCA
:10682400C40610E3D003F3D9E945E30449E963D985
:106834000B81E8CEE530E3CCFDFD0519FC0F4A2BB6
:10684400AFF6EACD42D23119E357EA31B30EEA1179
:106854009332E41943BFCCDD14211CFEB80BF73985
:1068640037DAE001F4E6B61F0AB2D920103507AFD3
:10687400C221EB3A3DE5F530300BB9F4141EEB4977
:1068840007D5E45E412E4B1223FBE4F3FCC9F2F07E
:106894003349CD4C53F92E1B6424C71B2101FE241C
:1068A400FF04450BF5EE3A2FD4EF2732D6DDD77A25
:1068B400225A00ED25AE775BAB1941F284F4054111
:1068C400A9E1C200173B171C1FE8FDB03235D453B1
:1068D400173FF3EBEE4D19160C533C1D19D70E2D33
:1068E400F931F1F0280BE6E1A133FEEDD824F121D2
:1068F400C6E41AEC9E11DDDA06F4F5A0F517E4DD22
:10690400C61481C9310337BB07F7FF02F4360839CF
:106914000D332FE2221FF02DFC00EF8CFF06E32B3A
:1069240000D2EACED809F60C20ECE20F72CA1F039B
:10693400BE08384D24E20A28F4BD20401E252DEC63
:10694400178E4DDDFAE89615FD21E41ED7CEF9E544
:10695400204FE00B1010FE08F034BBEF350ED4F1DD
:1069640036BE0FD904CFD5FC1326D749282938DBE6
:106974009D240030E725FBF5F2040AF4F0F419E154
:10698400073608340242080014251814D2E1D10055
:10699400F63008F2E8131731F4DAE8C2E7E9F70D44
:1069A400F51E2E191E1031F1E0F704C71CFC002857
:1069B400C11DFDE7190EF717102CDADCB3FC2FA468
:1069C40021FAB825E3CDF0E23A29021A361E2F2621
:1069D400D106EE05F90B09DADADF091BE4EAE02E49
:1069E4005A2000DA082CFCE60DEE11FD100F1511EB
:1069F400E3D4E421EBE7FA0A1F0FC9CB050A05A685
:106A0400F9E73618DB1E1618CCCB1454FC0EF5EE41
:106A140031161A04F902D506D8F7EE0508D7E7FBB4
:106A240012091D30F21DF20CD8F4EEF4F2F512DF67
:106A3400F17F4C10191DEAE3FA02CD5A152AF50D1F
:106A4400FE2B001F040ADD103E2925E0E90824106E
:106A54000BE52B06DEE90E12E00EF2DCE1C30CECD2
:106A6400E9E2EA10FF0721C2FC250EFD2D2B1623B7
:106A7400E8FE0A0AB0DB1C45E5FDEC15F6FAF2C89F
:106A8400E21062EA13E1FFFCF60923EE1135063346
:106A9400E8E7FD1FC02347F10411F3172D05ECF3BC
:106AA400DC012AEC1E2CEAEE1606FCF8FD09E4F9DA
:106AB400D93DF8E9F21AA1D9162109F53608EAAD4B
:106AC400E4DF390319CF423104E6361CE2E2FEDE8C
:106AD400F90A263004DD41EDD7CDE641043CF50248
:106AE40005F7F2200332C3D4E77127F270DDFB29E6
:106AF4000518E3E5E43307DBDEEB10203FBAF2EDE3
:106B0400080720981D202154F0FC141B075EDAFDB1
:106B14004625F208390FE7E46820334304E8EBDD47
:106B2400991C04ECDA17E9E4D04807B02C1E710E66
:106B3400180052ACFE3D000F1BF1F41003387EF038
:106B44009FF913BB58C401E3CC4615F6F900C8EE0F
:106B5400A42FA30D07CE821B3CFC0F1DDDCC0C79AA
:106B6400EEDCD21EE2E0B17847C3F44A6019320A7F
:106B7400DA05CD520F1C0A20211CCF00E95CF24A31
:106B8400151CCE23E01335DB56C00508FFBA09E80F
:106B9400130F04553617340D1BF80810263E302504
:106BA4004BE409F209E0C826C3FB38FF0AC8DB122C
:106BB40017EDFA03FDCC5A7FBEF563E2F4C317194F
:106BC400F4DECB132B36AF2B29CC09D4212A023D7A
:106BD400FE0911EFFC01F96E051BFB1F24F9D7FE1A
:106BE400313E1BE5111044D3170EFC151523041177
:106BF400010FD80CCCF313F9EA3AEB0B2401F7F0AC
:106C04000BF7094928F0F70D07323E201A05141234
:106C1400D414F91941F41A1EFE090CF8F913F104FD
:106C2400F906F124050B3EEFFEECFDE9E0392B2FCC
:106C3400D1F9042CD4F20C002EE6DCF8FD10F41388
:106C4400011901EAFE10DB08EFE626D3D619FC4B46
:106C5400F200D70E1C05040009E0EC11221909EA20
:106C6400FAF8F303093E2E0CFD07EF0600FC12F8B8
:106C7400EFFDF5EE8100262D25F93D29E5FD07C33D
:106C8400D02C4FE809121707E4DC13121A402A2605
:106C9400E6FD2C18A6043AF4C0EECE1EE9FB13F769
:106CA400390B041700F112FA1AEB0BF6D7F3F101C2
:106CB400FD2912F00D4DC6D403DD0AEDFA09111FAA
:106CC4000EDC00FB00C624D105E6371C1705E7CB14
:106CD4002BE5F7111EE72210EDE30AE1E9FA0E05B0
:106CE400E2F33343F9F40D04332AE5D85321D80FE2
:106CF4003B0628E60C48654A2FF02C56DA0326F7A3
:106D0400280E1E433EBC145F2A4F1114F90DE732BE
:106D14000CC9DBC6442A4ACED8C5134B160CD7F689
:106D240011D01231091118CC230E0800CA2548DEEF
:106D3400E224FF2CF123140B19F1BC77BB1AF5AF35
:106D4400EA09C8EAFF05151C29041B121E11D739CC
:106D54000ADDF53305F229D6DEFBB901C824C62CB9
:106D6400E3FC1AFD28F9F54BDFD1BC1C202DC50925
:106D7400D9F9421BF9C2540DB9DB4310EAF0CC1621
:106D8400BAD3FD30E80CF4D5E3DF3123E414322325
:106D940000CC3D09F29D36BA700822EAE524282089
:106DA400FB0EB1C10704C968E4EFF8F2D10F2E81DC
:106DB40063E3D91A080F2CC43F9DF22EE6CFF906DF
:106DC400E42A06BE2414C8D5F08AFEF2F0F1DEDE11
:106DD400F7280FD7030BC92908C6FBFF110F201F83
:106DE400B3EA2943E5E8480C1DE7173FE60315F32A
:106DF40003F0B90D141634E7204EF01EF4D5F1FA61
:106E040024013465E4090915ED0324191BD3D9F3CE
:106E1400B9E9FF200DE20322DB281A131CE40FEB6F
:106E24001E0D2B20020107E7DC28EAE6CC1E07EF43
:106E3400122AEA32E120F1DE0207001BEFD5B5B6D3
:106E4400072DECDA22F815F1F5EE1DFA03FB0841E3
:106E5400FCE5E4DC15D4451515C80B2EF20706191C
:106E6400ABFED8ED375D7FF90A20DCDF1300EDFEC1
:106E7400000032DFE7CE2F1D09EA2517D8D6EBFB39
:106E8400F5142826EBC0C6410A10F70DE92D314A46
:106E94000402ED10E4240CE5F10B0A3F11EE04F0BA
:106EA4002AF9E3BD260CEA2143FD12FEFFEEE3D9E5
:106EB4001FF1F7FEFB0319EA51D7B93617FD150F79
:106EC400385428E534C7F22F11E6F51CFDF8CFE855
:106ED400EE193010F2EB351BE0E6012BE40264FE00
:106EE40003D5F814F226C006DD32FB3A11FFED0D8E
:106EF4000EF6E2D70811C01F11F5CB05FBEAF4E149
:106F0400EADFEC5C9D2AE4E5FEC8041D03D1FDFE26
:106F1400FC20FE18D20AB4F5070B25DAE3C904F401
:106F2400FC3017000F08B70CDEF009F5FFD94AE969
:106F340014DF30EAF00BFDE41513BF23E4F8070473
:106F4400F6F310022BFF0EF5E1FD060B05F2D32D2F
:106F5400DC0EF0DE1903DD00F15448EEE981FFFC9C
:106F6400EAFAF1D034130130E1EA4D091F1D00EFB4
:106F74000E01F5E60E00D21A1219B7310113F82CDE
:106F8400E0FF5926F5061C074B02020314BC0A2C29
:106F94003F0AF432E7390208FC05D0021DFDCF0692
:106FA400240038C02021030D153A1B1A0B0AF92BB3
:106FB400EE36030EFAE7EA1FEE34FC2A100F250D15
:106FC400FEE2412D1D0D1E430EEA230DF2EE160ABC
:106FD400FB24030129F92624F5391E1F2A35D3EE93
:106FE400FDF5E6EF6009B4FAED1932F2060AFADFAC
:106FF40020EC1DF0B80FDED7E0CEF4B8D43BCA3F86
:10700400D20E08EFD552E4F4FDD8D9D6441F3B1B69
:10701400FE19362EABB8B9FB0621530DD5E739FF5F
:10702400E75A4522D908C20D10100E6314882306AE
:10703400E10400DD1A0D150E3814E7C2FDE23B270A
:10704400E307ED16EE06DEE7EED9C300F1CBA2A707
:1070540034FECFEE0BF9DF272F3829F52EF7170072
:1070640058FC262ACDE4FD08E3D7083EF82712C8C9
:1070740037ECDBFC50FDC1FA4320BED90E35161E99
:107084001C23F90A2C32E20944FAE9FE0BCE06214C
:107094002B2881EC5E3DEA2BFD509DC2062BD9B214
:1070A400DDED3CF3BE282241F4F50261E8233815F6
:1070B400EC0801F7EF8F240EB47612EEDDE338F01E
:1070C400EAEF15420F3DDC14EE1420061F433E1771
:1070D400E3210A2D2D27F52AE2400EF2B8D5140239
:1070E4001E0DF5DA1BFB812DC22D1E22F3DB0DF0E4
:1070F400DFE2FDF800E9BEC40E02A3CFD00CE10428
:10710400AEF4D10EA628F7D32AC8FB0BFDFDF71366
:10711400CD04F217052CB7122E08E5F329D9FDD5B5
:10712400F93317160A020815D51ED9E257B31CFC09
:10713400F31531F0FBFFEBDDDA1500B8ED33071181
:10714400E4252FF0283206E5C5DEEC0FE6F8F9E277
:10715400B728D4FB130BF500F61322CB0898061DB1
:10716400172CFAE50E2CFD29FBFE49E22267F8CA2A
:10717400DF1BF82519D9D11A4111AE0616191325AA
:10718400050A5C1704EFDDED3043BAD248A9F8FADA
:107194000201B1D712D7352DB003DD35FB1FF1E065
:1071A4000A090B321934EE02F9112806E3030952D5
:1071B400C93CDC052303E83ABF311FEEFF2B05E889
:1071C40029AD2F270A18FE05F11B3DFFE50D1222FC
:1071D400DE1EEA3407ED10F1BA3739F02A12FE0741
:1071E4002A0FC7A9D31644D62EFCFD3AAE050FFDCF
:1071F4002502F9FFD8FA2D1C094409F2FDFF0D03FD
:10720400FC12E94D2300EC0EEFE1F6FE030306EE5B
:10721400DD08160CF107F52507FBFC00330C0C0AFE
:1072240000F80529032C180937132B09DB21F01169
:10723400FAF2104FF0F220F922132E1B0FE6EAFAAD
:107244003004000BE23EEA02EC0FF3CE060A1F10F4
:10725400FD02FE08E039F82AEDDB070E1A0AD2D146
:10726400BDEE0F45E47F6A0C3EE11E1D1DF333267F
:1072740009232630D5E319070DF70326DFEF14E0C1
:10728400D821FEF1EE15C82ADC0D2D0ED222E91DFF
:10729400FE1917C3E40B03FBE5CCF8063322FFE128
:1072A400EE0C1EECF725C6F61A03D7E6F9FC0B0D17
:1072B400EF22FAEEFC28CAEA00E9CFE804E70AD094
:1072C4005A18E31116B111F000D90DFE0706F9CDD5
:1072D4002A2A071FD7E111FEFBD2172EC4EF480B51
:1072E400141BF634CB2FE91613041B31E6DADFF353
:1072F400EA30F502DCDDB4E9FDA4C12001EADD3D9C
:10730400B80A12DECB60DFB8E4F5F7021A000CF21B
:10731400C518FF52EBA692051B5A9FCDFCA95CD061
:10732400F96C1A034B98CB0B9AFFB6E8D308BBF958
:1073340006CDB7F2F222ECBACB401583060DFB184A
:10734400D52D5C412FDA24D3C30545F3ABEDC2BE82
:10735400F73B4AD70BF4BCF345E349FD37D54CF66C
:107364001425D20CDFF729B3DDAA1DC2CA1EDCEA3C
:10737400E6DD09DD5CDD0C16F8DFDDDD4043CAE245
:107384001DC8512C57E8094FF65AE0BB6F18219FCE
:107394005247CBE1411A04EF8158D56031D5269D7F
:1073A400CDC5D52EBF00FE1721010D3A19EED142ED
:1073B400D14C1223611BC8D3EA121A1DEF360F03F6
:1073C400CBEE6456C20BDD6CD251CD01E1F8060759
:1073D4000B35DEFF25E0432CB6FE5FD4DDE825BB8C
:1073E4003C025ECB0CD33A0537D0E3F913FCFEE143
:1073F40009190DF830F41E080CEC211BB8C3DC0786
:107404000502FB1977DA012DE23BF7C807E5F7F22D
:1074140002BEC8C531FB1B18D3CAF936DB3B0F15B6
:1074240010FB11170C010EEE1BDAEC1BBA38F30536
:1074340012F6C22A29FCEF001512D1F312E5F3E586
:10744400D7EABEFEE0E2EE114AFBF7FBE9FFCC25EA
:1074540009EF0BF8D8ED28FB13F5E82D1B62FADED3
:10746400E5EC061FF0FE18E1E007DAE0C1F1E2F511
:107474000DF9FDDD10F32DDEE1E5400AFCC5B3E7AF
:1074840015F5E930E32F2F2D0FF22DE5F37FD219F7
:1074940005E93B0407E6CBA20B120100D70BF6303B
:1074A400120DB1FCD3F90BF9F0D80C0D05F418CD7D
:1074B400DDC1C9FC1B0AB9FC28BF1A25FCF8F61D5E
:1074C400E95E19E6EFF3E4ECFEF0C402B11AC1F58B
:1074D400FD0317DB2113CD0C450DD3C90AE703E1E6
:1074E400C1DD392500EC091FF5DFE3FAE4D7D8063E
:1074F40002E32EF151D3E3F60B2E0719D6F4FC3038
:1075040004E2E00532CB05DB2DFFDFE71FD51BFAD4
:1075140028D611D9F3FD10E296F7C614E30CF7064A
:10752400F1E7161505E40D101FB0E83AF9E8C9E3D0
:10753400F71FF7220FE3FDF0E1241418FCF181F2A8
:10754400ED4D1825E2012D1038ABD22218F20F09A7
:107554002E034CE5E0FE4F08EAF510DE1B05F4BEF1
:10756400170E02021E0621B4DC3304B1EDCFFB1466
:1075740005CD1AAF1DD531E1D50226DDE8C708B126
:1075840000EEF70B10F82610EBF000EDEF19F0D633
:10759400F7E635DF0DE3F4E601F40F20C0D217F768
:1075A400DF1CD913F209FBFE1D19CFF032F9FDEBF4
:1075B400D9D9FD02E40D98ED3809CA0C2034FF1224
:1075C40017311A0ADEFB2500E6E1130ADEFEFBF0A2
:1075D400DCDDF917DF04D3054206D917FC0ED9D236
:1075E400B9D4D211FE271E15F91A1378E3ECEBE493
:1075F400FE0D27EEDD91AEBEF7C91486E50CEA1F39
:10760400ECFD29E2E4780604E0D2B5CB3D7F15DF3A
:1076140082D83E24CC978F2CE01C58E4C8F50BF09C
:10762400B840412F48F1A1101BD7AF220A89FADADA
:107634009BF801F706E5FB25DD220B9EDB021252C7
:10764400E2DA4833A9DACDED111D9CF7C99B1EB4CB
:10765400E72D0AE511FDE6330709D60137BD0BDD39
:107664002FB02FF3BAFCD1D8DF941100D83A00D24E
:107674002600B00432F0E4F9023BB8D2E91CDA2C5B
:1076840052070224DF160330281DB5083F1A30D5EF
:10769400F727950C402AC362BF58C0F717FDBFAC4B
:1076A400D0B833E6F00C45E6E313E1DF630EE039CE
:1076B400C141F61A31932919F43752E3E43E3018E4
:1076C40002F14F563317C158F1270D0DAA02FAE003
:1076D400D857DE0E1009171AF21E0728AFE934D660
:1076E400091B31B15318D3F9BDEAF9BA2CDAE12FE9
:1076F400F100090A030F0ADFF4CDFC17F3FBB8FF0E
:107704000527BDF021F8DEEBF50AD2EDFFFB121AD6
:10771400DF341C05F3F1070201301C0AF60722EFDF
:10772400D3E7EED5D0F4D0F7F1F9EFF948FD0A2309
:10773400E9CFE9F6F7FBF0FF0AEB24F503DF12F9D2
:10774400F00B1CE00FED0CF2F0E8F1FFD3FAC5AB3F
:107754000B511B1C2FF8F7DF1F0208E029E1F5F697
:107764003BFDE0BFE1F9FCD5F8E6ED0B19BE30CFE7
:10777400EFDFC92A0711250D29EE18CF3A0F1B2F69
:107784004916D81AF07FE8F02003941D29120DEE53
:1077940030F8CDDE0AFE13E700F2CBD051141C2AD8
:1077A40027270953C80FF1F31AC41B53521A1A1F7F
:1077B400EEF82211110142FB272F0E03F12CED04E8
:1077C400CBE10E3FE0F0CAECD9DCFCD7353E182003
:1077D4002EDDFC19383DDA01290B2D150ED0F619D2
:1077E40047F705EF3D12951CC512FE081A1EFEED63
:1077F400EC18E21FECD9FDEEF6B1C3D6CE1AFE06A4
:10780400FF00D1EFD359C3ECF0E4F90CFD1130249F
:10781400DD48052B880BC1CB0EFE68A9BEFCF1DC4C
:10782400132316F8AB1BFE49DDEFD7EA37BD362626
:10783400E6EE3AF9EF14002129EE1FE6220335297A
:10784400F806021F021AC8E5B5D7DF18D59FDF2551
:10785400E235DCF6132110193EEC590834A9CE2088
:1078640028080FF4E816F719D3EB22012D190DF8A7
:10787400111ED809D909D2F447EED10E0B263A3796
:10788400F31517F4152FBAC7F6F3CE192D813C263C
:107894002ACEB901EF26153DF615BED51303EB0329
:1078A40031002EDDCE2FF3EC10FF072706FF033146
:1078B400E2FA1606D1BF392CB12417F804ED3A03C5
:1078C4002D82353B101E16121DD812F40B3128FCE4
:1078D4001322D7181F1418F3DBF42C25D11503DA5F
:1078E4003E0B03E590F904BE7DE41032E91FC1C0EC
:1078F40022F78302F32D5C3B092A0512FDDF4BDEE0
:10790400FD1E0B7AFBD01D15E101456BEDFAF70C5A
:10791400CCBC1230EE552EE225FA090D510FDDE8EC
:107924002C3E2022EB1F02F4BD15DF2DAB4519FCC4
:10793400CF32B12399EF13CC15F8F323D601EEFC23
:10794400FA0E89E4D12C13133A0553C7000A0E7FAB
:10795400D6B4F9CFC00C380703CDF9F5E2EA3232D8
:1079640081F9D320EA3774071BFDF5EF17EBCD42FD
:107974002D384FCCB9B11CFE08D43649CAE93DA60E
:1079840000C84B20BB12AE2017EC2CFFD2FC4A6C73
:1079940017F75225ABF5F7142EC820EE1F330AF95A
:1079A40008EB1ECE5806EB112B1CFCD8B2E8DEAE59
:1079B400082300EFDD2110242AC6162F4BD1EAF448
:1079C4001621470E73A6FA0A19D9EB41FFF6E4D241
:1079D400072155FED50931171E1FCD2CD32128DDD3
:1079E400A0030D29F201AE04CC141B1109F9FB20EC
:1079F400F2DF13FDD5DBCE0104D4F0D308E214D3B7
:107A0400F909E2EDD834C9F6F1DDF4F3FE3528FBCB
:107A1400C82FED218122E6DF080646B283D6F3EAB9
:107A240029F7D81A9343D5220CD0E70B5FD6280F39
:107A3400F7FA301C1CDB17263ECEE9082E260F1D54
:107A440009F410F9E120CBE8B6D1DF27DB9ED60894
:107A54001158C2F1FE4B1E43EEF57C1735A5CB2E13
:107A640038F520F8CFED1223CDD63A200B341AB4D2
:107A74001FF9C41A171CD7E7232ECF0A132E3D244F
:107A8400F3F4ECFA0646B5F8CCCAD81A0C963B0DBA
:107A94005ADE9F2C013BFB4A0113C9E6E21EE01D9E
:107AA40026E542D8ED3A17D5E4C8172E2F34EA3B21
:107AB400D01128DAF8F84955AE3A36F108FF2A21F0
:107AC4000DD44D6430120B2D21E6EAE11C2229333A
:107AD400EA43DD402C1202DA121E270AE712ECCD2B
:107AE40040E2E4D50B142426D7E1234BCAFDDB0086
:107AF400F3F2B8103538F91D0F391CF602DDD1FD4B
:107B0400E3E5231AC60BEDFCF6F4F4FF1EADD10A2F
:107B1400CE18DE1FE5E6E210EAFAFA19C8DF17D339
:107B2400F91A2B03CDE8EDEC24B6DED9FBF6EAED29
:107B340023B6EB2ADBF1EDC2E846FAE910E8A1E14D
:107B44000D2D28DB13CB31DEB312F7FCD11C09D782
:107B5400CE0B30D733D53E400DD34DD712C93CFEA2
:107B6400DB1ADF22242040F7BC372FCAF4D3FD18D8
:107B74003C014FFF1DDC0A04F81C04F9FAA7DFCB13
:107B84000BE022E4E6008D2318F3F1F44463FC16C1
:107B9400F425BB10FD3FF7D2F51C327014C5F4DD9B
:107BA40008ED16E10C28E8E512CF10F6E9BDF2085D
:107BB400E4EDCAE6F8FC16D32CF91C297F42E43C18
:107BC400E4113AD918F632290CEE330A34F6EB23D1
:107BD4002632D407F6B731E2E7291C1B4427E3D049
:107BE4001CD219EFF61BCFD4DF1F1EEBD90E0C0CE1
:107BF400EBF1F23FC9DBD60619FFEDB31FE2F7C480
:107C0400CDF4E0F4D94802BCD1D539290F2428FA9F
:107C1400C1271E22E41FFD3B1C01D28123EBE30498
:107C2400CD38002A0CFFE92F1EFEDDFE25AB57FDE3
:107C3400D7EF4D03281B09E814F018EB120F2C148E
:107C4400CFEB52142352050300E21207E8E10303C9
:107C5400164EDF011C25F81CE31618C51CB1E915E6
:107C6400FEE72DCA23131B2B141E2CEFF62B01D970
:107C7400EC250F02CE12DB291FF5B30DF329211ACF
:107C8400F4175AFC23FB09162C1FE2E9EFB7121470
:107C94000754CE2EDCFA2D35DE14CAF01CD4F30DB5
:107CA4001BDA271DEF1719CFFE0935BA10F70107A4
:107CB40089473AFDF020EC35BC250703F41624CBA4
:107CC40010B6DE183AF8FF0C2B1C300731E63CEEF8
:107CD400CF2BC84E0E0520CFC3271E3F140CEFE652
:107CE4001242DE06E23B2EF14312F3D92F1DFDD5DD
:107CF4000CFEF1FBFE10FB37DE2A20320AC742D30A
:107D0400362002172DC1370F0E12F408A2EBDC0D3A
:107D140029DCEDE3557F4C1BFAD9D41B36E8F93541
:107D2400282BD202F92A14DC0C0A33FD0C181B1779
:107D34004524D7211602E9E81CEF0213D2092DD9F4
:107D440017E6DCCD27000831E60C43FF73182AFB45
:107D540004DDDB50DD0806CDD621F126F2253622DE
:107D6400CBE2DAF80EDEF36A1F13C9643AF31E3F5E
:107D7400E7F1141D1EED1EFFF7D0501C15E8F508A1
:107D84000E26E603D5FFD9F60D0E31FBA9E818251A
:107D940023CF36DFF6E6F6F75ED12DF5113A314DF5
:107DA400F1E7CDDF2FC4CC27FA212AFAE302EDD77D
:107DB40010C5FDF3EECF1B4721F2D307DAE4FFFF32
:107DC400E013ECE5F0182BF5E6EA00DE54DBF0E115
:107DD400080BF0EFCCF4C52228D1D808EA1107F734
:107DE400D00A05EDC2D018E159E20EF2D02EF2E627
:107DF40027F9D02C060820EEE63001F30BDEFA0654
:107E040049F2557CF1E5F8FBFD14113519DBF0E876
:107E1400EFBB10FB0CE208E0F817E152F5D202D5F3
:107E240026EAF701280C1514B81721E2CA26D90C42
:107E3400267FF532CAF519E5F417D4E0E9FDB7C792
:107E4400FE4505ECEB15FC063703200321122656EC
:107E5400EDC2C60903EE490E16C82CFEDEE70DE797
:107E6400AB08F3124F6154AF12EDB1241CE9F034A6
:107E740024110FE0CADE4014C4EF1C19E7E0CAA8BD
:107E8400CC0EC4D7ED0DB412AA0607FCC3230539E2
:107E94003EE1F2E0D9E5FCBF1A300C4B1701FD9529
:107EA400E400EFA92FF7E22205F3DB04F9130AA497
:107EB4002319FFF4FD11E2E811E9A61124D5F3BA60
:107EC4004B3309EF2AA92E2CE1DA290A1DFEED090C
:107ED400FE081DFFF2E6EAD1FCDFD5E4A2103E0D58
:107EE400F5F62D31EE125F050D0AECEF191917F9AD
:107EF4003125F7FFF0EDF5E0DE233B45FE05F615F1
:107F040006FED40173E2C8300951BFE718F6D90A56
:107F140022DCD0D00F105DF7F3FB130CF1491C1FCA
:107F240017F6F4E614F12AD926FB0AFBC919E7DE91
:107F340014E0980C0F07DCF315120ACDF0FFEFF1F3
:107F4400FFF3E0F00CE51E1E1CF7DD16E2FB0EFB52
:107F540056B1EE02BAEE19B80CE6083B237FFAEFED
:107F64000E06FA07C8E9E73C0AE0F401CDBEE8C30F
:107F740039DB1D042CFA0DDBE5E76BEE0AEDCB1FB4
:107F840030D7A30DE90E441412D0F916D838D4EE24
:107F94002ED315041BFBD3BA0BEC12D810151C4CB2
:107FA4000E17AC2AE7BE003F11F5D00204F4F1A885
:107FB4001EC6DE00ECFE31DD3CE80902C3DBD90F4E
:107FC400E44504DEE9EBFDF610288105F7FDE4F74E
:107FD400EEDD0CE0FBFFD8E92BF3E1E6E4B222F29C
:107FE400D40836F635F3E8F9B71FF6C8E32EF216CF
:107FF400B6E20B12A3EC02B52BE6DB9AFF480DBFE9
:10800400FEF7E8270D1C15D9EBC5352DF1422132B9
:10801400222727140FFED22B221BECA72FFCCB27E1
:10802400D7F1B93DB12FFC502A12DD427FF81F0869
:10803400DC165A4846063D3C08250DF6265A1CF81F
:108044004CC04EFED2578BFE1914EB2DDEC7201602
:1080540021371C0BED1CE11A0D07A3EA36B2ECF82C
:1080640008EB54E20621E11D433909102E2717D0ED
:10807400862708319711DC050100C202CA102BD8EB
:10808400ED4252E6CE0CD8D3EB561818F3E4065062
:10809400BA2405C4D1F5EF28FEBEF6DCFAEF13DFEF
:1080A400D6013932111BF4A7F422E8C418412C4933
:1080B400C21FE604F4F2E128D4553BEB1A2C00A2CB
:1080C40040192332FCB115E237F8E8F9093040F4DD
:1080D4000204F944CD421EE097C31F2ECC23A912FB
:1080E4003E19BE08062555630D202448ED29DF27D7
:1080F4002720A7060615736CF9FDF5D624E6D0B241
:10810400122FE17F9F32003CC4ED1D521C9DFAE208
:10811400C71FE526F510D7FDF11A18F816CF14F588
:10812400FE2055160428ECEBC1CC24C9E5083E23F7
:10813400EEEDFE06AC2C0CF30AFAD4410320C22A5D
:108144001C03D5E63215E9E21D1BE3BBCEF9107D15
:10815400C50F02E34DC511FD0F1D08E5C0A1413750
:10816400BCEBC6F15AFF1BD6F50B0EF8CA4DE9FE5F
:108174003C1F1A09C5E9605FF038E416223AF32C73
:10818400ADF3200721FAE829E2E41D290DD21132CA
:1081940054DCF213E8F6FB22C62A06073A10D92368
:1081A40041F9449321F8EC2528DE1F1DC7ACFB30B0
:1081B400AB39D204ED1F04F7E7D1153719EAC7121A
:1081C40008096306FD0CB0F63509EAF3D8F405187E
:1081D40060364C10DE0C2C10D4150D2B1F1EF90C20
:1081E400FF1308512DFCC6ADE0ED09C2CBEBF6013F
:1081F400020F2AE506FDF6B2F1BDEA02043DC01005
:10820400F5DFE5C0FFE231CB2D262E8118FF0024D7
:108214001C1A2DE3DBDB0D25CA261DDE363C0BFACA
:10822400F005BCFB21151F0704E7F4002FC2D8EDAD
:10823400EE25F7B9FEB81A2E0D3020DAE8FBDDEF93
:1082440014192A070E2B09D121C80AF6FDF5D2BC50
:10825400481203E90119050939A809DB4320F0E8AC
:10826400172F00D9FEECED00FEED0E04E7CEEED69E
:108274000B09EC0F0EF72DD5FCCC2AE9F0FAF72AFE
:1082840006FD11B1F131DD01CB10D30AE50008F68A
:10829400D70FFDE40721002EFDDF0200D7BD170C28
:1082A400C90FE333C3F9F7E6EA00D5FDFA010D1E61
:1082B400F4E0E811E5EFC5B8F61EF9FBF0110AF495
:1082C400C9E66928F0CFE2FD00290B0BA5251BCADE
:1082D400BCFF271AF0130CE3F91627D8F9E6E2BF1E
:1082E400FA2FE1F80DF246D5ED320BE8DF04F0F693
:1082F400CBD60617C2EBFED44A0621D93D312AB6A5
:10830400FF28FCFC0F3F18C3DBEA2701DD300E0415
:10831400103017F8F22F06EDDAB905C041F8F9E488
:10832400F51C0606D03633542C0018312DC409F23E
:10833400E8343633EDD5F90815EB0C3022321C1431
:1083440032FE14E0E742B6FEF0090AFED8A1EF2798
:108354002F4206F00D34FC10CFDEF3CD25F6D2D932
:10836400D1C33620BB2843FE362EE9090D1C14DC8C
:1083740019F25211EC08CA1413E4E8210DBE2CF3CF
:10838400EA3F12A1F00FBD10812A3B0FEE2AFE48EE
:10839400032BF1D3D1FAD35129D1CED3EAC517197E
:1083A400FE270823010FE9D8F70929E7DC0B1A0F88
:1083B400BF1534F4FD03FAE2CD23D9B6E6F70ABAC1
:1083C40037E0FB1242BB24E530F21D12141B19DC0A
:1083D400D03B1453EBF915EEBAC72A05EC00FB2287
:1083E400143815DDEAEFFB470AC62552D51CE30015
:1083F400360C061FEB4A2330F60DF1EE10DAF518B1
:108404000AFF371B811DA5F1FEDAFB4526F129BAC7
:10841400B4FFDC1FD6A0E5033D413CF1F1F769E56B
:1084240016093EFCE6190E05BFC40535E1F4E31454
:10843400F1E1BAE2C0FFF8E5F707A5BAF1FC0A24B6
:1084440016260E1204FB2CE6E132D1FE9CE2E05B20
:10845400B32101C135B5F4EDF80934D7D1D8273BA0
:108464000FEDEBF375401EE0F6E00ED8DF0FF4FAE3
:108474003C040DCE2AF322290F41BBE0272DE82E20
:10848400EB0D35103C11DD251F12160E3FDF1F1FAB
:108494005651C0282416E15E1852BE3625CFF5FC8D
:1084A40022FC40A0E2FC0D0402DC4811E6DED165AA
:1084B4001146E2F9DBFA58F207FB0FF33B1D0837CC
:1084C40013DB374251E7DD2EFB304F21DF3B0C0538
:1084D4001D60F22B28102606CC0A2F0113EA4FDD6B
:1084E400420F11EC1AE2E301D8181AC710FD13F079
:1084F400F5D52611B3FAF0E23F17A781F4371AB580
:108504002010F1FDE31F22DBF1DA241DF6F92C41E2
:10851400F71731090BDBCA1C02F5DDE932F5FAFA6B
:10852400E8DCD5FFD20F01240E03D2314CFE181A19
:10853400CB3B4D2733FF03180A0B270A17321915B3
:1085440040D831F9E605C414102CFC21C3D10D091F
:10855400112F03E9E9320533DE03BCC624ACEDFD7B
:10856400F408200A0818250F215308EB25262112A8
:10857400C9103131B7F92C530DFEC614DCFE23FBB0
:10858400053258E0E3F80AF0E43712FDF8FEF3246C
:10859400B6F708FECFF2E52EFAD702FC23ACDC0CCA
:1085A400EE1F110722321DAF033C0EEEE62E261DF0
:1085B400E96B0CF11910C31AEE02F5FA1913E5A7C9
:1085C400F2153216EDC210F440F20F11E9261FD74E
:1085D400170F223BF61C26EDA3CBFC2D3435C82CFB
:1085E400190FE3F0EBF0C9CDD5F22CDE13B112F97B
:1085F40001F93EAA01FFEEEBD104240BEAE0CE49D7
:10860400E4C9F9122213D712F21EB08112F0E3DD8D
:108614004D00CEC509F61800EE40030906162D3D9F
:10862400FAE1F2EFFFECB4D33343FAF734C8FA02B9
:10863400E5E6C9EB22CBD619C5D0FCF2D8CDFC2B8C
:10864400EF0711F016C90ADD0BFDD81415D9CFC5F3
:108654000B23F01007DCE8EA0C380A26EF35F4EDBA
:108664006FEEE2011BE8C512F6F5252ACE2EE3AE25
:10867400FF0BF30F34EF09EA05F8F0CBF11CF35DBF
:108684003F12C11D372348D405EBD0FC2AC2D0F6D3
:1086940010F4D70D35F710D8D02816B9CFEF060D42
:1086A400E31F04EBC5FA0131ED3020043F040A0E48
:1086B4000DD0C40619B50B283B24DB341C16F13E3F
:1086C400EFF2E726AC4BDDE3C21AFAF3B61EE80F6D
:1086D400E20C0E2009FD1023221809C13FC617F62B
:1086E40004172C0BDDB4E51B1F94E803D7030BF22E
:1086F4000B10EDF73EDBFEFAF13A1B33F2190E1FB5
:1087040003172012EBDA00D72C22EBE62DAB15D59C
:1087140026D7F7E6D3E90C17B004DE17F008402695
:108724005120301525FDFCF106F3E9F3E0EEA5EB4D
:10873400F7F79A460EF4DEE7A6260EE2D9E384158F
:108744004B19F81AF8EF32001FDDD614FDED35147D
:108754000A812CFC9CFE5CF01C081DE82425E7DA49
:10876400131504F1FD0862EFFB1F02F5CECBE30CF9
:1087740039CC17B524DF43F4D3093CFBE4E9FFF219
:1087840032ED36F600F2F73EC6FCE0E70D0DEBE203
:1087940001D71DC72507FFD3DC084A02E0CD0A181C
:1087A400FC1FDEB4210B0EF3EF1E091A1AF400CDE0
:1087B400F1E7AE08ECF8E7D5660BB8454257D71891
:1087C4000F3549DED6FD34380CF3FC31EED9D9FC33
:1087D400F21402F8F2B8030B3E10DC1CE5110CEBAA
:1087E400F5C106342AFE10AC2403FC05A91F25EDAF
:1087F400C4020AED81DDE3171FE9BFA0F60424D902
:1088040012E3B8E8DB3F03B40FCB1FFC0A21451881
:10881400E32607230506DC3A10FFC8D636EE0D2CF6
:10882400D7FFDF170B101C32311E39243A09150506
:10883400E322F50E2FBF222D340F1DE2083F0EFE5A
:1088440002B11145CD26C2FFFD1CE709E606F0C7BB
:10885400323BDCF3171ED8F6FB21DDE70609D4BD55
:108864000C1603E12DE8F7FA123A09F6102924FA56
:10887400F5492E24C0F6ED171D01F137050A3EEA2D
:10888400123930E8F0F1060B1938F0F8FEF8280434
:10889400EB5707F5020AF41BF7F0EFFBE4C80B0EE5
:1088A400ED010309D7F227C9C62F11BC204327F0D5
:1088B400CE3527F6F310D1E61E5009E8CC2832A6AF
:1088C40021F6DF01E0BEFED8E3F0F01CEE3250D515
:1088D400E104F750F828F5F3F8FA0000D0E6DD22B9
:1088E4001442FDF90210C6F5E719FADE68B9C0E6CC
:1088F4001E1C37D6F401BCDCEDD41408C6C40B4CE2
:10890400DBC1ED9110F70FE425F5CDA7140703059E
:10891400492CD9BB18251A16F10DFDC8DC162435CF
:10892400EC2715D1F2D1F7F127FE9F1A63F7EAC7B6
:1089340021D0C80BFB00EAF9D60C17F3FEBB2AFCC6
:10894400E4FB57E211A6F4CC3FE2C42BCF32C5A11D
:10895400E0F618F31CCCF5D62D3AEBF1FC22031A01
:108964007528C402D3DDA91ECEEE130EF31F05C174
:10897400D5F4D81B38DED9BB1B1EFFBC1E1FB6277F
:1089840052CDCE1C383459EB28E2D10341D4CBD19B
:10899400EF17D91B2DDB4DE40D1EF8EFCB26113656
:1089A4002907DC19EE163D30DD1B37201BE8E6FCF9
:1089B400C311E6E42EACE3274E241443E457AD5A26
:1089C40091E9FB0ABB59D6F5F216E8F7370EFE1FFC
:1089D400F002E4141BE5F1E7172021127FEAC3FB40
:1089E4001406141EF0E83A0D2CE914EFDAFEECEE4E
:1089F40029E6D6190D022BFDFB4200F5DCEE1AFC2C
:108A04001814395EDECA1519E6F31022FBDEE50000
:108A1400E2D51DF529F01C13F2F208460A01F616F8
:108A24002F1C1924EE100DFE13290DEFFD3D08F83F
:108A34001B04D473E000FDF90906080BEAF9DEF023
:108A4400120DE910001CE13DFFEF2EE9FF04105464
:108A540005C3E41223182D12F3BA071CD6F708F342
:108A6400C603050E0B617F1AF4E7FBF90D07E31744
:108A740032E241FC05EB2CF80B060816D80E21F760
:108A8400FA171C17FB0DB90EE410F3FFB706152FE8
:108A94002E0425FBFF191EE9EF0118FE3FF918EE1D
:108AA40012F5FFAB20EFD5082C09EC0EEFF21CEE0B
:108AB40043E9EE14EE2A31FD4CD4DF2024F5E3FF24
:108AC400494519FE1CD5FCF40FCAE41CF9FCF4CE8C
:108AD400E6023A08ECDB3307FF01FD18AD332A1236
:108AE400F906F4FB5122DAF4AD1014CE2E18F92055
:108AF4002B06FA21FE0BE4F0D8D7FFCAFC14CE39BA
:108B0400D924D11BF320C9ECE71EDBD2E2E61E0018
:108B1400D42A1B16C3E2E3DB17216CD5C43214F14B
:108B2400073ED7C7BE2DF317E905DCEF30EC283537
:108B3400E9FE02B3BB23EA2200F827D0FF081A1E7D
:108B4400E7F61EEB14E9DCFDA0D2FE0FCAC3AD218B
:108B54001052E8000C07F326FAEC240725D30B384F
:108B64001FF8F9D8D3EAF7ED0BDF1E26240124C63B
:108B7400D62FA81ADF1612F949F0D5E861F6252098
:108B8400FBF2E4E20757B7E929D7A8062DDB081D55
:108B94002CE781E4F3401C25E0EFC3FB361FD62508
:108BA40010114445BD2CF9C237F82A3D3CF2FA7144
:108BB400F9F4211BDEDD3C14D8232E0916EB0B1629
:108BC40011D84B36F916262505D018D8103A1F2A85
:108BD4003EEF11031306FF03D6102EEE2C2AF8EBFA
:108BE4003BE900101733EE30CC020AEF54EFDBF907
:108BF400F51428F72527EFD1CCC325FA0BEDF81A85
:108C0400D7F9D581381211DCFB12DEE21A310A09D8
:108C1400411CEEF9E307F7251B3113DDEA132B1989
:108C240004EF05D0EDD700DA0B1AFB0011F2E2EAEB
:108C3400EFB3E4E706E8EBDCF7FC2FFCECFB0229DE
:108C4400B2FD0E0B05D32ED4F620F62AE517E3C7A2
:108C5400130D0A16F1CDF2FD1E1A00DB273BDE02CE
:108C64006021DA10B3CEBE2801C3FC0B05221BFC25
:108C7400D0DEB6FA21FCF400072EF4EA191FEF182F
:108C840046D11003EF3532E60500FA1633F6C8AACA
:108C9400C91BCE0A01F0F8EA2F0F06D5E7070938F9
:108CA400FC0C091A08F91C16C3FA0B0D4904E91740
:108CB400F3FCE10D1DDD1346EC4339FBFA2C0725CB
:108CC400CDF307F5BE39D404001C0BD92C10D934CC
:108CD400ECE4C6E4F3EEC9F12D0B150535E4C50546
:108CE4001EF6FC11ED0733CE7FCDD21DC00222FC4F
:108CF400FDEA081FEC0804FA152D1AE3EA1FF4F044
:108D040034E63333F5E80D01E0E80CF322F7F40917
:108D1400CCFD16EB16F00115EAE803300926FBDB5F
:108D2400FCF709270E06210B0ACC19F4DA220DFDF3
:108D3400FC5C182A231B02F508102623EC04D0E659
:108D4400ECEE0718E822FA0E13E01D1F08DE2026B9
:108D5400F2DCC5FBED0FE9FEEA01AEEEE7C201115C
:108D6400BADEF2DF071328042DE2CDF60FDC130779
:108D74000D272EF1D80BE2FFEFD03917C6041ECC15
:108D8400F0F010F7E8CFEB11D61023F5B92145F830
:108D9400FB0EF1EDF1DDF6F113F3E9090F1C0B0BFA
:108DA40008F1FE09FC13D4E5E0F8F2D612F803CE7C
:108DB4001BE604DAF608E9FB1209F4EF02CA0BE039
:108DC4002328F009F5ED1012E3C9EE13E4CFFEED0C
:108DD400FD2A29F4D9CCFBE3E6DED50EAE0D101541
:108DE400F9E114352429FD15FF2315F14A15F70D72
:108DF400E20445F1C00B0632EA14FBCDFD053AAAA4
:108E04000703D8DC1BF4404715EB19F7E818E10C0D
:108E1400F61816FB321108FD10F3F31B16EAD22CD8
:108E2400EDD4F6F7DD10F2F5191F05DB013233F24C
:108E3400241726EB06F813230FCA1F7ADB282AD837
:108E4400E1CFFACA140E00141A162B283108190996
:108E5400DEF5D428F80DDC00D800CE140506CA1DB2
:108E6400E5CAF3DEE6F3CA161818D04A16E019E983
:108E7400B7E8E52923E9EE0012EEF723090C1A16E8
:108E840002FBE704DE025BD81318F108CFF61A04DC
:108E94000DE82137E1D1310209CAF2EDED0A0232BF
:108EA400EB13F32D12F82BFDF4F82804F0F701F07E
:108EB4002F0013102FFA202DFD0E20E081D718E487
:108EC400DA02D50AEE2101D0F102E90A1A13F6CB2F
:108ED400FDE1EEE4DC1BE70A02D0E020F90CF3210B
:108EE400F94009ECEC1FFC184F0DD6044339DFD7C9
:108EF400E606EB2B24140743E92C080805FC26AAF4
:108F04003A2A1C20D0D43613F8142058D6E11DEE8A
:108F14000111FDFD03FF01E4DDD93942D20EC1F692
:108F24001A17F534F225350D15FF3309C90300F975
:108F3400162FDAF8FC04F81AEEECD25812F4CDEE3F
:108F44001107D60F31FEDC400B4225FBEB0E2B2E16
:108F5400E7DF11EBEE19132E0CEFDDD215A7191470
:108F6400BBE3FD0C2D460CD8100FE7313007E4713C
:108F7400EDA623E905F34632EDD72C1BFACA0D9F63
:108F840081E31028B6F2E30ADD1902F3FC40082756
:108F940007B8FF19C2FEF5DB6411355B2E07F5D760
:108FA4000CF514072CDD1FF51A18EB02A4013DD5AE
:108FB40013DAE426E7E11FC4E7D4FDCC1CE9FBE5A2
:108FC4009DF86AFD43AE2A28F7D81223F805E0FF7E
:108FD4005CFD11FEA0E3E155E7FA0648916AEF490A
:108FE400D0E3050BBF290F1F21E1E5FC1B6B051422
:108FF400E7E3FE3B07C92F4419F7EB9AF41B0DDB9B
:10900400EDDB25369B1EC7F5A2FD4F2CFAF41F0D90
:10901400FD19043BE203D7F010EEE5C831F3D1E6C5
:109024005803EBFD182C3F30E0F60D393DEB5AF9AF
:10903400D54B3F2FE9D536E31FDF1315F655090F3E
:1090440030C0BDF5A627AFE6FDC61FC8C1D5B563C0
:10905400EA21019FDF1D153526F900DFF52716E704
:10906400BF402A0CEBE525FF0F20DE02CF111B3891
:109074000EE5D9EDD4D2356917D80D7FBD0101CBEA
:1090840087003D0E23F9DED2C0ED3E01F1EA070E62
:109094002DDDF0F2AFEEFEFA39C4A118E1143B6104
:1090A400D61A2C48130FD4BC10FE1413CE2133FD52
:1090B400ED57ED2A9512C7070BF7FFF44F42D8ED91
:1090C400141F25162AA937F31F0E016309E7F32D90
:1090D40056E8446CD40D5CE6D14DF333D223DD3233
:1090E400EBF40664D8FA28F621CA02FDE2F019E787
:1090F40026EE0A2536F4FEEC061C181F0122F34D59
:1091040015131A3032E30103E823F50C31C20609C2
:1091140013E2F8FFFEEB20F9BCFEF522092A27D959
:109124002613F041320805EB1AD70700EA00E4F4ED
:109134000424C7290AEE1206EE072381C2DEBAF61A
:109144001E03F2100003EA1DE0E100FDEFF1F81D3B
:1091540020E607ECFD034AD3ECCA43F22332E5DCF4
:10916400E02203F9EF113C11E3DCF8F0E9BCE3047D
:109174006ACF26ACFDF128DDC0F82A11E2F6C1DD84
:109184001FE5E0E81E08963EDDD7E31AFF3F02F331
:1091940008ECE1C6FD11D6B211380FF9FFE30DEF6B
:1091A400000ABEDCDACBBA070219B4F60723FCD7EF
:1091B40019CF00FECDF6FFDB1AE9BF0B4A0BE226FE
:1091C400F70D23DA2A080017F6F3DB12FAEEE52F7F
:1091D400D5FA251315FFED0F1836EFD2E5F30BE89A
:1091E400F5CD040AE65C481DEC2428E53200070AA4
:1091F4000807EBE4D91CF51826F20329290BFEC74E
:109204002200F6C319E71320EDE9ED0FF074F21D07
:10921400FAF8FD397F1BE61216F8C41639FCEBF098
:10922400C0D6F91A2D21FAF0FCFE201E202563F782
:10923400B82E222C0E220F0104D1EA091A42FE0C88
:1092440020EE0302D528CDE1FC22E738E0EE0CEA5B
:10925400F43FF5083808C3FFD6D4B9DA0CF51E4B31
:10926400DDD406F11607CB5B69DCD019240FF5A910
:10927400BD0CF525E6F9E626F5EFF2F2CBF9A627C3
:10928400F2304F2C3E0C3C12FCD91F06B110090ED3
:10929400A6181B06F4E5301D2604CBBAEC1124F500
:1092A400D90D187915FFCC1F08EA0DEEF3EE0F1750
:1092B400350BF71103280802C4F5F0DEB4B7F6B88D
:1092C400F6FDBFF4EB01E6EB03EB16A50209DD06A0
:1092D400F6F30DEF0F3FF90FD60FDFEA08BDEB25CC
:1092E400DF28C9CC4DF79716A23EDB190DDD142EED
:1092F400C526C02030E0CDB5FBBCDE13FE04B63C71
:10930400D535C9F3D233CFEEFA19CB1E2D3F161043
:10931400AB1F2267B833C21FFF4AD6A5F1BB30EF9B
:10932400DA2DF1D005121237B5E7B0CC1CB7FFFB2C
:10933400F41C2BD1DC36F4FCDB3937E232FEE132AB
:10934400D01F2FF22DEA111992074E27E414FFD6ED
:109354002E65D0BE44168EF845EF67B95BCB062761
:10936400E8FDFF021A04F5C9FCCE490CD6D50FBDA1
:109374000E17DD3513F3C9F333EAD2F3384FE3475D
:10938400F3215E3B0DF604404118CBDD74C144CAA1
:10939400562681AFFC023C5BAE26B1351DF5E0EAF2
:1093A400EC10413AAD0DE004FB22030EF9F3115B1E
:1093B400CB19102A213E0AD5BB31D8E8B0C35E448C
:1093C40055893F4B01D9090FC7021FF3C33D450E11
:1093D400E004F73C54EE40EDF9251AC8D60202B673
:1093E40046031CED2623C7D1B90716F857DDCCF286
:1093F400001A1AC9F62FF1F5C8ADE3F1FECAF64F0B
:10940400FA02B29320E7EC04031CC2B0E719D607B2
:109414001BF9BBF207FAF11C1E1310ECF91E293DCF
:10942400160BE9C1FDF5DDD0DB27F5DA07D80D1001
:10943400F9A2CDDA10F5D606F0061CE8EFF44E1FBB
:10944400EA24F9F03FDD16CF2604ED141111F6D10C
:10945400E5323E0622E0F2DD222DF609142BF2F667
:109464005A29DEE6FCC781FFDE1A17FAFE1DC9F68B
:10947400FA00D8F920F8F9F21B2BD6A3321EF41CFB
:1094840036EDE8082F462AE34CEAC2023DE0F7C66F
:10949400E8EAFB2F41F905EDD71DFAFFE80EEA399A
:1094A4002EF0EFE1EBFEF5FEF9E7250E39E5032298
:1094B400EC23D4051CC700211C2C202EF831CA50E3
:1094C400B100F217FD25C5F71FFA15DF2010CF11E3
:1094D4001106D7040B1D1227076423E867C6C5F1DC
:1094E4000B18FAF3D6B12DF012E9FCC9A8F801CE95
:1094F400D5DE45E827B717D8CA37F1DE07031C1CA9
:10950400CAFC0C0DEEE3F2D52C0DCEEAFBB5F6ED5C
:1095140028F008DB0FCB0E35CF3607F91301F12401
:109524003801ED13F8D329F94ADC0B1B0FD1A7E856
:10953400E4CDAE49ECBF0EF6F14946E617D2C518A4
:10954400162F1E00E9F209AB2AD8BEF3D8FE181B69
:109554000B9C3BFEB90845F9F0FC18A45026CFBE7D
:10956400152AFED4EECA0AF3C7242CC6E8070A0E4D
:10957400102320D5F3011A180D1252E8E3EE04FD6E
:10958400020322E5FBE012FFD412F91211F9B6FA34
:10959400FB0D0EAEFF32C3F4B1EA3C0CE2FA121B2F
:1095A400BA2AD90EEEFC21D6C114A9FE29ECE5F4A1
:1095B400D607E41621F0C0043EE5FC33467FDD6C9B
:1095C400DCF920EFCF0216E3FF3B0644C1FEE800BE
:1095D400B7BAF234BDD0EA032CEED41AE9F6AADB0A
:1095E400D3C0EAE81CF61F941E1E18DCC31B34FF0C
:1095F400ED171CB3DCD9F9E8E8CFFBE6D2798D3A54
:10960400470CFDDF12D575C9FAE5F0811B502EFA1F
:109614000B0C4E16C42D1DFED2041159241EFA271C
:10962400BFF6B546EDEDF0FE281C1A203FEBFDF524
:10963400BF2BEE3349D6F350F3070B06062DE50096
:109644000908E41D0D0EBF0A38E4BB17F8CFEFA5D7
:109654001B29E2364011D514F5E224CC70F3DAD498
:1096640060D938FCACDDE2D10CF8F71EED1CF7CC68
:109674001C28D20B3CF6F1FF0E1630B8C73134501B
:1096840069DE1A03311D3B0A2120CBEFEBEB34BC1E
:10969400E91EC4C70F271F2E2B168ED1FBBC10DB6F
:1096A400BFEAFC21D00B66C2D60DBDEE06463BE7F1
:1096B40030D8EAEFD4F1C7F4CA4423DFD846072FE1
:1096C400E9D2002FFDB1ECE2C63D2AE0D44A1AC724
:1096D400BB0706FFE158EA23B62E2A02E98437EBDA
:1096E400F921F7212723CEEB973A20EBCAE9F0F2D0
:1096F400F5D40F19B40FD2BC30F2A68E06DF19CB05
:10970400FCF5D00CD842E2D7CFBC303B112C32FD53
:10971400994A430AFC48C8343E2CECB423D3CF0204
:10972400C548F1151007E617DD01D405529858F025
:10973400073346ECFA09F4EDE02B26F6E708330884
:1097440012174C162024041AB7EEED240E16D80B6B
:10975400133813092836BE19E71D309B3C81150CBC
:1097640005ED1DA5D134281D1D235901164218DB12
:10977400C02ED622C8F2F63054179C150D0B463B6A
:10978400021D5CB11EFD10012DE61217149B39EF6A
:10979400332DA0100C251726A5D3ABDC20D700F160
:1097A40010BF5AF5CF4FEDC90221FFCA20E1D1669F
:1097B400A54211F3FC1A0308AA2E30090A002FD17E
:1097C4000BA8E72AE8193F192FE71FF0F00E044011
:1097D400CC1DFC77FB3662E8DB1F1635272AB2E87E
:1097E4003134D2D52B47B6D3B3CC1DEF82FFFFF76C
:1097F400E7EA2AC905D4B3DCE3E82F8BE11626088F
:1098040006DCCEEEF53B17810CDBF5DAF935340EC8
:10981400A40A35EAE6EFB1E9070524BA21F30B29D6
:1098240005242018E41CBA3B0EF3E03C4A9EDEF00B
:10983400D4F4211645D1FDF60EFF48BCFC1F29289F
:109844000FE3424FB51AFA3014EBB93DEF88059097
:1098540001F63B20DB280E2F0622050210EED6B4BB
:1098640075F708E191F9E4ECEC054D32DD370FCCE6
:10987400FC10D70A0BF9A8C5F80EECEAF02811F28F
:10988400443A05BADF1E001C1462C203F6DFA59E2B
:109894001FEB9E20330AC956C11DA7E13812BAF73F
:1098A400B8D63EFED5585DD0FE1EE0F570F6053004
:1098B400C00FF0D7F1CDD637BB782F05D47521F37F
:1098C400E715F91E2CF9F42A2F5A0AFE02FE45D791
:1098D400E808E03AED0BF2F4032B2DF9EBCE0CA1E2
:1098E400350304DBD7ED100D5409B4FF1F081DDF49
:1098F400F53DF01F2F3A3227E941443202F70D04B7
:10990400F70354C538DC112B1D420ECEFB11CEFAE1
:1099140020E9FCBFFFEB2515B7EA104203FDEA304E
:1099240026FF17400AEA29C735F3F91DA908D2FB17
:109934000017D9FD09FA08E6F011DB1BDCABD2E114
:10994400E020BB0BF9DD0C174FFFDFFDFBF625E133
:10995400FFD52E17ACE644D6D407E241E73AD42823
:109964000614FEF8BFE0FCB7D8EEE2DFEAE7E30F47
:1099740021E616AB13D844DBF3F37FF3F217CDF4EF
:1099840004DFD850FCF04549C3FB0AD8B452E1FCCB
:1099940027F021351BC2E0DA5C052C1EF0F7CD233D
:1099A400FBE6D6CD49DC0827F2DE0528F817EA8461
:1099B4001F8EC11822BCFAEB2DC9FBF4EC08E50D8F
:1099C400D11501E3E8FE1D04CBFAE32321F5BA1314
:1099D400FA0925A40CCD9D1E7AF5CE10F5080B1AB4
:1099E400B5D31148F723D914D32711F56CE7BE2D4D
:1099F4000B1CF4E8E64FF8FBE9D80F1D04DE19F55B
:109A040004F608DEE41D093524EEEE0EF44CF3DC16
:109A1400230BE418111ECB372EFE33F11DC8F902B7
:109A2400B41039F6D009E80CF902F9DB31E4371245
:109A3400EDB5D6E30EF4EDFF1DCE11160F0425236C
:109A4400B2F9D1D71CDFFE0CE1290CF50206C1EFF7
:109A5400F30BEA0626E8E3F71C39FE1D04F7183D6C
:109A64000C0304F7FBF6816723C40AEC124310E3EA
:109A7400D4FCC61B16F5000318F8C8D62633F966BD
:109A84000820373809083ED43EECE1FC2DC6DDF948
:109A94000601E265170A1FFD39E9FAFFF6250B04F2
:109AA40011102E14FE12FE090619230FF7F90534BE
:109AB4001131EF0D1CE76A27DB263906D1E8D41DE6
:109AC400D2C9ED05F42EF201261106D50C2FF708A4
:109AD4001D160D1424010C44143A122753FFE532C9
:109AE400072B1817F3D74B1A10B6077FB728040AA9
:109AF4002D2DA521030B424CFA28F5D2E1FFF8E401
:109B040018EB3342E02BDDFBDCC70B13F51E0CE531
:109B1400D0FCFF0C0FD20CF008F9130E02D104FF95
:109B24003A114212C603FD06E5C00903D8300AEE15
:109B3400150B1033F709F6F3EF09BF2812EEC4240E
:109B44001941F5F0EB1312F8F30ACFE9BFEA042B3D
:109B5400DD1E27CA19F02CEBEE2D1108F3EE1BFBCA
:109B6400EA11E5F7222F4DDDF512E5F3D405EE0BEE
:109B74002DFD1AFFD9F80924CE48EE070BF5F01491
:109B8400BA02FC210529012D041607ECE501D2E0F7
:109B94001FF916F916F11B24FB0BF5605A1A02EA99
:109BA40021FC14CE2427141213E10C01D0D8DB16A7
:109BB4000835F1081008D9DBF7FEFA2205FB110E6F
:109BC40033EFFCF536320440192C3A3417F8FC090B
:109BD400552D17EC17DA1FE3F4D3E53ED6FB3BEF24
:109BE400E8F9DE34D81D2F5DE83CF9045DD5CE05D7
:109BF400142301DE4B58EC2BF43E31F8F4811D099B
:109C0400DFF406323DF0EB181442C22BFB35B2BC34
:109C1400F106B3D35705D344DAB9E7F1FBD8E12110
:109C2400D8F264C9C7D1E7B80F01EE25EF26F8C50D
:109C340004A7F446E2FEC3DEFC13BE3ECDC2F7C465
:109C4400CE290F990EA8F508CFD1F0360615E2DD1E
:109C540004144AE12CB614EAE72BF938DD20D21FAC
:109C6400E1ADB4D008FA0660AAA1DD2FF645C9F625
:109C74008AD8EFEC11FDD8B1C10118F00C03B3F888
:109C8400EFCAD2393AD517382DC7FF15F4D907FCD6
:109C940006F7E44D1537E9BA0E38392FFCEBF8EF27
:109CA40027F4F7CC3BE1183FCDEB40F711A5BE13E9
:109CB4001FCDCED1691A01FC08EEF847BBB1BA0E2C
:109CC400AD1F8FFF075213290E1ABEB120F1AB3618
:109CD400011587AC19CDD22017F0C41E3321F82505
:109CE40006DE18BFE24E93362197C836E972FC3679
:109CF4004A99D636D0151837BEB001374EF292368F
:109D0400B8210937662B993793C9A036BF323D363F
:109D1400DB043C362088A236ED0E94361BA3D436E1
:109D2400B14FE036267DB936B1189C36CAF8CA362A
:109D34008A2F113759014236DD2B6C377CC7AF3679
:109D44003F9DC3364E2A3B36E5CCE036C55DAD3685
:109D5400516605371A0FFD36846C4236752DC436AC
:109D6400F99824375B87BA36ED53B936D28BD2369D
:109D740084A6E1367D4142361E35BE36B6236B36A7
:109D84003EFEA43603AED336E096C33670D788368B
:109D94001E8428369A91223754F9B936747A583683
:109DA400517A9A363214E73610969C36DAEE00373A
:109DB40056E1A8366052EE36E6DAAD3629CB953652
:109DC400A836DA36D0CAC2360708C4369CE4D4367C
:109DD40082A09836EC3C8A36188FD13624EDB736FB
:109DE400A6F6A236ECAAAD3606AE9F367708CB3679
:109DF4003D5D5E365AEF80362DB6C9361A4D923621
:109E040081179B36E690CA3678A3F836BA8323378F
:109E1400D2862E36AD9B0637587F05379A3C0A37D3
:109E2400D920533704ACB9362F3EA83629932636A9
:109E34005432643686995736833BAA36F049B43691
:109E4400E8392E37CBB62436CA7252360D6D4937EF
:109E5400C792B93667FC1137771F133731ACC13657
:109E6400B2BB79362BA1A036298BA0365125CE362C
:109E7400FB1BB1361D490D37AFAF0F373118133700
:109E84004D24B036D94DE93654E7C036C2B5F7365D
:109E94003F760537CBB0CA366B2DFD366FA5063736
:109EA40082A5AA36BE97B536E8464F36BAC60137FC
:109EB400E7848A36B8C8A73681E61337538FE43669
:109EC40071FE8A369E00B536DFA7D236FAB625373C
:109ED400F4850B376496C1369D0DE93626E50337C4
:109EE4002A8390362B8E1737D2DC0F37C5DA7B37AF
:109EF40004952937D2289136D2E80237F5D7BA36F5
:109F0400061FD236D41FBA36569DE036828865368F
:109F14001A64E63636ACA736418293366AA803370C
:109F240062E5D8367B3306370D1E3036B69AC53611
:109F3400C03E9836E5949036666E9E36886AC8367A
:109F4400CCE7DB36A6DE0B37A2A69F36AF29A336B5
:109F5400C54FE63621210437C3CC9836DE24EB36D0
:109F640005669F36ECC6BA36514FE236F53E1537D4
:109F7400D795DD361402FA36955B76366B2DE736C7
:109F8400982D66363301D8360D07D336772D123720
:109F9400C29005373988D93674C6BD36170FE136F5
:109FA400069CBA364CCED2365261EA368DA6B43609
:109FB4001359CD360D4E2037A9C39C36C706BE367D
:109FC400191FD1360666EF36A4D39F3606014836EC
:109FD4000053C5366C493E36571D85368D21B8363B
:109FE400FEA0293743B2EA361E4FA2367AF69136DE
:109FF400CB58FF3688F10637E53E8E36A893CF3628
:10A00400449B9836F749DD36BB3DAB362F9B033670
:10A01400BE72EA363846AA36EC62D53668A276367F
:10A0240003E1E535E6109E369D9DBD3618AFDC365E
:10A034009B84023709FE1437D8191237F1530D37B0
:10A044007BC58C367E3BE0365B68F7363785A836B1
:10A054004BDEA736AEA79E374D3AF536B179C236F8
:10A064004616AF366E4AC236CF730D370A0FCB365B
:10A07400130A9A367076BF363A8BB636D9E8F33679
:10A084007885B736AC8BBE369AEECF361D64C836AB
:10A09400FBC80B372CB5FE36732AB736D944B6360F
:10A0A400FD79A336C46E07378302E336F1EC8F36AD
:10A0B40019590837FAED05378479FB36139C59365C
:10A0C4002E23C436E2B34A376513FC36E9585837B1
:10A0D4004054C0366008D13699AFB636E167893648
:10A0E400EA9937378276FFFFF475FFFF8493010006
:10A0F400B05E01007CDAFEFFFF54FDFF50EB000070
:10A104000856FFFF7070FFFF482DFFFFAB82000071
:10A11400E7B0FFFF1F16FFFFE1CCFFFF39D30200BA
:10A124008BE00200F62101007E0B0000A340FFFF3C
:10A1340029A40000F90300003CDCFFFFA2B80000E2
:10A144003930FEFF95170200B7C3FFFFBEC40100FC
:10A154007BCCFBFF46ECFFFF08D0FEFF63D402007C
:10A164008BA50000079AFDFF5DCEFFFF574B010052
:10A17400437E01006A61FFFF8DD0FEFF298FFFFF40
:10A1840022DEFFFFA8A2FEFF61EC00000FCBFDFF63
:10A19400E222FFFF7E38FEFF83D8FDFFA478FFFF95
:10A1A4004882FDFFCC310200A71F0000E996FEFFA4
:10A1B400D15CFDFFEED50000BB5CFEFF58790200C8
:10A1C400848A0100ED8A00001B3FFFFF360F000068
:10A1D4009022FCFF5871FFFFF564FAFFCA400100AA
:10A1E40042D5FEFFA914FDFF9ECB0200C76CFDFF04
:10A1F40077D6FEFF58CE0200DE5DFEFF96C0FCFF60
:10A2040022C60000A3710000BA66FFFFBD3BFFFF3A
:10A214001640FEFFA40B0000F1B2000096D300002C
:10A22400A41E010057CCFFFF2E8101003A900000CC
:10A234000396000000B300002109FFFF15F6FEFF9E
:10A244005CA8FFFFDB64FDFF5C2904000513FFFF2E
:10A25400E90BFEFF8C2F02009996FEFF9D9B0000E8
:10A26400AC71FDFF4612FEFF2E7F00001CC1FCFFF7
:10A27400198C0000030EFFFFBAF2FEFF8E22FDFFD1
:10A284004721030011D8FEFF6B5DFFFF55E101007C
:10A29400BFE40000E2AEFFFFDCDFFFFF8A96FFFFB2
:10A2A4009A39FFFF0981FFFF01060100680C0000D5
:10A2B400D78CFDFFF434FEFF94E4FEFF0773010026
:10A2C400FD01FEFFEF5CFFFFDFA4FCFFE4B800002C
:10A2D400D98800002255FFFF0FDDFBFFEBF6FFFFDF
:10A2E4004732FFFF9466FFFF0AFEFEFF4031000085
:10A2F400F2C3FFFFBDD50000C7BE020098B1FDFF49
:10A304003E140000779D020003AD0000CEDCFDFF8B
:10A31400229CFEFF1DBD01006005FDFFB669000023
:10A32400181EFEFFE4E801008B07FFFFF28BFEFF1F
:10A33400EE8600002251FEFFA79D0000E94BFDFFC1
:10A344007E35FFFF7EECFEFF10480100A302FEFFF6
:10A35400EB43FFFFE273FEFF04C9020074E5010052
:10A364004051010046FD0000F4B0FEFFD3F7FFFFAB
:10A374008B87FCFF8A9FFBFF75290100C9F8000049
:10A384003C3AFFFFA113FCFF6861FEFFA23201000B
:10A394005EFF0100776E0000F9D6FDFF4CC7FFFF9A
:10A3A40006A00000AAE200005DD4FFFF6A6DFEFF74
:10A3B40086690100EACF00000DF4FEFFEE340400CC
:10A3C40072B2FFFFE8B10000BA33FEFFA388FBFFBF
:10A3D400590BFDFF77D2FCFF933A000036B9010018
:10A3E400AD91010052E100009823FEFF55BCFFFF30
:10A3F4006B6F00006DE2FFFFED9CFCFFBD080000E9
:10A40400A41AFFFF364D0000297BFEFF48FEFDFF26
:10A41400C14F010084E5FFFF61E60100C40A0100A9
:10A42400E386FEFFCF200200C649FFFF048002003E
:10A434000EA4FFFFE0B7FDFF343E02008DB3FDFF25
:10A444007D8CFCFF19770200B98B000037B7FDFF44
:10A454007092FDFF5DDB00008280FFFF6F0401004E
:10A46400FA420100F1BFFFFFD0EC00002FBB010056
:10A47400201E0000D7A10000EF390100F0F5000014
:10A484004CB100002137FFFF3D03FDFFA561FEFF36
:10A494002FAA010064600000BC7701004057FFFF51
:10A4A400A19A00009E30FEFF5CEB00002DF2FDFF40
:10A4B400DCC0FEFFA92CFDFF49DEFEFFF8B0FDFF66
:10A4C400CC9100002B2CFEFF384BFFFF53C702003A
:10A4D400F09C02006082FFFFF0A7FFFF5AB4FDFF6B
:10A4E40045AEFCFF869A573B5ACB923BB9BEB83B6C
:10A4F400BF0B9D3B6E98DE3B60D1BD3B0713573BC2
:10A504008CB5C83BB62E603C09556B3B1C750A3BA9
:10A514002F98093B9FE26D3B9BB3583B3E9C9B3B72
:10A524005327A43B2FBE873B6577643B8289943BCA
:10A53400467FD43BAEF90D3B3BD52C3C25A3803B59
:10A544001C278F3B3FF8083BF382A43B30BE7D3B86
:10A55400333FC33B0731B93B1B480E3BA5908F3BB0
:10A56400A7E8F03BFF80883B04A0873B84149A3B18
:10A574003522A53B9E280E3B30328B3BEC132C3B03
:10A58400E07C713BE1E89A3B73228F3BD348483B24
:10A59400E1A4F63A7DF0ED3B0F19883BDE6B1E3BE0
:10A5A400E818623B311BA93BE52E653B98B5BC3BE3
:10A5B400502D773B1A68AE3B55757E3BCC3D5B3BDB
:10A5C400F1B09F3B1D8D8E3B41758F3B2ECC9B3B49
:10A5D4006E635F3B0C544A3B915B993B7499863B99
:10A5E40062846E3B1D2F7E3B06B6693BFB94943B15
:10A5F4008DBA223B54B63C3B6B9D933B3B21563B6F
:10A60400F9FE623B7B3D943BE2F4B53BDF52EF3B0A
:10A61400F670FF3AFC03C53BD463C33B9453CA3B77
:10A6240093811A3C7BE0873B853E763B85CDF33AAC
:10A6340036FF263B43C71D3BFC27793BFDEF833B9D
:10A644006300FF3B4C14F13A32021A3BE767133CB8
:10A6540003CE873B1EABD53B2055D73B5CBB8D3B24
:10A66400F5C1363BE5196B3BB0F96A3B20DC963B00
:10A67400539C813BF5C9CE3B744DD23B7A4AD73BC0
:10A6840012E7803B12BCAA3B4B2B8D3BED46B53BFE
:10A694008356C33BD254943B3647B93B4412C53B23
:10A6A40020C3793B45E4843B0DB0173B8EF1BD3BA1
:10A6B40067BD4A3B9992753B7178D83B4443A73BAD
:10A6C400496F4B3BAD75843B0B299A3B418BF23B65
:10A6D400A035CC3B68AB8D3B108DAA3B750BC13BC1
:10A6E400FC82533BE6D1DD3B848FD23B634F383C45
:10A6F4004D34F83B7175543B249ABF3BFBBB883BFC
:10A70400E5C4993B3C35883B2560A43B9FF9273B36
:10A71400539AA83BE068753BB7E5573B90B2C03B02
:10A724001FBA9E3B7A6BC43B7FE2003BF19B903B9C
:10A7340059D45E3BEE9C533B37E2673BB7AA923B4E
:10A74400EBEDA03B71B7CC3B35AB693B14CF6E3B13
:10A75400728BA83B3F63C13B34A45F3BC414AC3B46
:10A76400A44C693B84AF883BBD9DA53B9770DA3B05
:10A77400A128A23B77F5B63B9749343BA62DA93BCC
:10A784006F72283B22139E3BB26E9A3BEDF2D53B8F
:10A79400517DC33B4A319F3B34E18A3B64B3A43BC4
:10A7A4001F90883B2A459A3BAA85AB3BC333843B25
:10A7B400A946963B3EA0EA3BA171653B47108B3B03
:10A7C4009B09993BD331AF3B15ED693B815D123B4E
:10A7D4007767903B0C410B3B63D4423BCFBF863B36
:10A7E400D445F83BE6C0AB3B2E8F6D3B72A2553B84
:10A7F400A4DDBA3BA581C53BAF31503B38E8973B5C
:10A80400C25B5F3B1AF1A13BEBA17A3B339FC03A99
:10A814006A92AB3BA837793B9E289C3B6B7D343BCB
:10A82400643AA83A5E59673B51C38A3BC47FA13B53
:10A834007707BF3B9111DA3B35D6D53BCED9CE3B1A
:10A844004B094E3B8B18A43B480EB53B7CA6763B8C
:10A854002CB2753B0E36683CE475B33BBF518E3B5E
:10A864007621803B292F8E3B7208CF3BCB99943BBA
:10A87400A174613B561D8C3B7496853BF07EB23BC4
:10A88400964D863B88718B3BC62A983B05A6923B26
:10A89400BA97CC3BE765BA3BFA0A863BF362853B41
:10A8A4009D446F3BF038C63BE020A63B1DA7523BBE
:10A8B400EA8FC73BC105C43B3708B83BD13F1F3BB8
:10A8C40020898F3B1557143CD378B83B52531E3C18
:10A8D400A9BF8C3BFAF8983B12B1853B3C1C493B21
:10A8E4008C5C063C0000000000000000000000003A
:10A8F4000000000000000000000000000000000054
:10A904000000000000000000000000000000000043
:10A914000000000000000000000000000000000033
:10A924000000000000000000000000000000000023
:10A934000000000000000000000000000000000013
:10A944000000000000000000000000000000000003
:10A9540000000000000000000000000000000000F3
:10A9640000000000000000000000000000000000E3
:10A9740000000000000000000000000000000000D3
:10A9840000000000000000000000000000000000C3
:10A9940000000000000000000000000000000000B3
:10A9A40000000000000000000000000000000000A3
:10A9B4000000000000000000000000000000000093
:10A9C4000000000000000000000000000000000083
:10A9D4000000000000000000000000000000000073
:10A9E40000000000F9FB0807D11501A5492E0E0847
:10A9F4000A5DE8BAC9D839100100F501192F1514F8
:10AA04001231C5C127FA3A7604193429CFEBCECED8
:10AA140048D2AE7EE33DEBEE09E8271F1ECDEAE9FE
:10AA2400BA2CC9B90C0CEC42020B440236D735F9E6
:10AA3400FA1EF908E5EDFD1C34FA3BBB101C2E533D
:10AA44000441CCDBE9F4DB1FC11FEA1F130621C25A
:10AA5400F9C0FC01C8E4D9FA06DF2EE2CFD108EB35
:10AA6400E9E4FE37EA95107AE202DD06D33539319E
:10AA740008181813025F062ED6EFFC191230D69F61
:10AA8400222DBCD61230F5E35AF894E8D115094EBC
:10AA9400CB1328FD5119DF1FF8132B24129B141517
:10AAA4009F210A74300E2772AA8A9EFEE049272944
:10AAB400C9A6DDEBF6DD02CC270BFEE7432FCB0B5B
:10AAC40033C27FDADBE76E12FD0A30ECF1F82E4474
:10AAD400091028441814CE3910B01ED519FC1E09CB
:10AAE4001C007283B3AF0A03447FF7ECFDFE0C36FF
:10AAF400191FE0F2E3EB17E1D616051416B64C93D2
:10AB04001CE6F523FD0BE5BFDF124D2B3C3649E374
:10AB1400F61633EDE2E726F2332F02ABFE3637D9D1
:10AB2400DD5FBC5AD52109ED521AF4B0F6130FAE0D
:10AB34001247D61406180A02FB1A02FAEC0506F4A8
:10AB44004905EA1DDE8C5DC7FEE4E22DF021230CED
:10AB5400E4CBFA2EA9E115F7941C1B3D13030DEC6D
:10AB640026E6201A04D71D63C90A35EBD632BF4343
:10AB740002F2C0F0E4F5EA1BD1130FE72E0EFBAF8F
:10AB8400D416CB37EDE4CBCCA826A8FCF7ADE92945
:10AB9400AAEB37DA01D2B234D7F6E010EE1A231753
:10ABA4002847F9132E171BE922A058C928164BD39E
:10ABB400EFCD0BFAF2E7B1D415550FA861F1B7EE5A
:10ABC400083CFE0FE027E8E830ED37A9F3132C0525
:10ABD4000526C5FFE810094C2B1C209DF1642E4668
:10ABE40038401740067FC5EE08B11021E9BB02F4D6
:10ABF40025FF30E05C0DDAEDE9F4EB09D012B8EF93
:10AC0400ACD23AD5C30EFF0F89EA1013FD0E03FF31
:10AC1400C7E4080FD2E1042D0EDCEC1227F6010183
:10AC2400FD01DEF7F9F02BE3E52CE3F1F702D61191
:10AC3400BA0ED6E92F0716EFDDF517D0D32701B8E2
:10AC4400DD17C0CC502B0ADFF2F61B354013D52399
:10AC54000714E008FDEF2737E93404411AC5DD0B7A
:10AC6400E609FA29273818D1BE1CDAF0F91AAED44D
:10AC7400E7FBF61643113CC92D34D2A2F300F0C20F
:10AC8400F02507B7FBD1EDDC0A281C2400B805D356
:10AC9400210405FDDB3F16EC231EEE1604711B1484
:10ACA400E9F5C2F70F1FE15CE648FBEE01F02EE484
:10ACB400E3F6F902F137DDF312DCBF1EBB0CAA5533
:10ACC4001309AC28BE180D2925F0D9E6D70D0AE8DA
:10ACD400D21296C1070B1DFFF2FCEFE73FF2FAD246
:10ACE4000197FDECEEA8F9F055C324E6E1A6202374
:10ACF400D7002628F3F8F62913FCFF134CE8053295
:10AD040016EC22FA171601F3A0193CE3DEFF1CF03F
:10AD140000FBD1F918F5EB06EEFBE9F31E132B2427
:10AD2400DF240FF2D5CB223DEC00E3F618D2DAEEA5
:10AD3400DBEA964122FBFD2620FDF2D80B15E5EA5D
:10AD4400FFCBAB380BE1FCE0D4B12504FC00DC38CC
:10AD5400E415D935E4195BF10ED5FD1881B9E8DAAB
:10AD640041B1D304EAEF14DCD1ED08B73AFA2C2848
:10AD7400D62CE8C0ECB528F4FC06EE17E11F003C25
:10AD8400E4FA1C46E8FADECF0EF90AF54A3608B3AF
:10AD94000C00F6F918E1F00EC023E8FCDF1A18F8ED
:10ADA400E21BD3F5022ED609230FFAE5D81A06C7FB
:10ADB40034EAFEF1AE1CE8EAFBE723F52EFFF0D1FE
:10ADC40012AACAD04005BE7ED8DD24E7F2BBE0C893
:10ADD4001328CFC8D1CDEC06DE0BE81407620C00B3
:10ADE400ECF809CD0F1B1A3C3719FA1CF609B1050A
:10ADF400FED9280C0E29E6FF3ED118E7F018F821F9
:10AE0400E907DC0A0A21F1DE11FD0D2B032A0431C6
:10AE1400133909122120FADFEAF917D1E143CC579B
:10AE240047FC3CC4E8CE0816CC12062F15D1D70037
:10AE34000A2CE2067FD407070DB3E419F1C3E2B18B
:10AE440006C5EC0CFCC90F47E20C20C0EF092F1912
:10AE5400F4DCBD14FCC35A35FD2CD41C052201FDC1
:10AE6400EC2981E2641BEAA2DAE9C00B2FFE293740
:10AE740018F2ECE1D6F44830420630CBEC141E3321
:10AE84000E0E3AF0EDB32F3203F4220AE922530BEB
:10AE9400D719253EDA18DFA626A42D081B00E31BCC
:10AEA40002C0EDDCB2C713ECF61DE03141DF031440
:10AEB400ED64E92622E7F13901F6383BB9CABE2927
:10AEC400E41D04F828CAE4242213FB3F075CF6F3CC
:10AED400D2D518DE081FFE07E525D102CAF7C3F153
:10AEE4002C108E441AD4160D044FED15040CFC03DB
:10AEF400342B0DF6ECFE12F9FF0AE50E03071D20B4
:10AF04004CF10EEFEC150BFA4D0903062C23F3F06C
:10AF140039D3053B04000AF91D070F1E0CE3E6199B
:10AF24000FF6FC2BFBF2E418230402121CFA18D1CE
:10AF3400000F06EAF92407F4F81F1E250617043A41
:10AF440001FE0EE0EAEF19173115D12629152DFD62
:10AF5400060FD7F5DA05DCE9EAF90710E3FDEE0A96
:10AF640023F12D19F702112EFA03130CE81AE51632
:10AF740001EE121217DCE82AE707EB09101D12B5DF
:10AF8400F11EE50CFDEC1316F500E929FF14FB1284
:10AF9400F827F00FFA1DE90C1010F917F7150FF543
:10AFA400051BFD2D150EEC1FEBCA302008F12008FF
:10AFB400E0F4F3280E0D19F7F9FAFF0838F2E1FA74
:10AFC400F7F01D10FB37FA04F70C200109207F0568
:10AFD4000D0B0225ED121A11F50C0AFB1DF60717CD
:10AFE400F40A3F1A05BCE881DA051E24D900FC499D
:10AFF400574BCC0ACF1B1871280FDE3924FDFE31C4
:10B004005BBFF732403A1FF9A40BE3F713F701E4EF
:10B01400CCC202111D5C9FE8143BFB1256A810061B
:10B0240009BABE0135EE1FEBDD0F4CC529EA212C10
:10B03400D5BE06F0D62548D61EE6010D1509061B19
:10B04400143428D02A082C3533B9112D2D1022D7C9
:10B05400330AB72ED2D9C6E0D62ACCF1CCDBBCD584
:10B0640019E2F11D8136493EC8FDFFF8BFD624B769
:10B07400FAF1EDEC0903FCEA01BC0DE4120947CD39
:10B084004425CCD5F636CDC1FEE4CD0C0A131B1AEB
:10B094003440E70D52F93149C7470EC4C1EB4B05A3
:10B0A4005212DE073E39EBE2B5B307CED744EDE8E2
:10B0B40004BA13CBF21CC4CF0B0F1926EE09AF262A
:10B0C40012BEE96208FBC1FE0FA4CD05218C0ADE85
:10B0D40015052A2B3EB1F509E2FD2FE70D192907C5
:10B0E400D4C850A619BAE9E5E0330C470EEBC71EE5
:10B0F400DCE623FB0503500AB328F42F97D6DF00C0
:10B1040030100A1B152016EBB8DD2B025C0B112343
:10B11400F3D72C11F2F4CB4EE2429FECF2FD26B1B0
:10B124002802ED4D1FDF1C210F323118F51DF5C328
:10B13400CAFC07D6D405FDB7F6D7CF23F6280CD61C
:10B14400E1FEB8C60B10F8F9EB10F30E13F5BF527D
:10B1540002172E0DE5C2030C4BE0115DDF3CCDF36D
:10B16400C9DF1F1F340E0D110E381EF725CFDA610B
:10B17400FD50E015EB35F0DD3C7FFBFAECE9FB0A12
:10B1840008C03010E2FA1616C037222ADDD529F39A
:10B19400EAE4E33337E1140610FBEB06EDEED427C3
:10B1A4001D56D930E5F1081125020A13EF0E1825B2
:10B1B40022FC12280851C5F31CDE0909DEDFF60360
:10B1C4002A2CDC711AF6F8331FFED43D4504FFC067
:10B1D40009E73D002FF209CDE1D01EDFEE1BEAA501
:10B1E40025D3D919018121F6211BE7F40911FB08A4
:10B1F4000E0800031504F900F5FA1A15180726F6C7
:10B204002508FCE80BE8120E2C0120050EF51C04A1
:10B214002702FFFEF7ECF8EF020B05FEF717EE002E
:10B22400FDFEF9FDEC0011F9180D0AFA1304FDE80E
:10B23400050407EF121BEBF60000EB0B160F0B25B2
:10B2440010FBFE01EAF903F4070BF111EC171503E7
:10B254001C03FBDCE50AF6EFECF3FAF3EF03F80565
:10B2640004FB12FD1001F203D6FEF304F902F513F8
:10B2740003160BF40512DDFCF7FB0B350EF40AD2B2
:10B284000705F1F418E60901E5FFE206FF05F814E5
:10B29400FC12FFF6000AFAF6DF01FC0516CA25D1F6
:10B2A400FCF701120508F5FEF7F601F6EA290C068B
:10B2B400F7E400ED0DEA0EF207F31C221E01DAFD9D
:10B2C40005112DD8131FFBEBE01B110016193A09C9
:10B2D40008FEDF36EFFEF52AFF16F701FFEC06073E
:10B2E400FE0408EB0A0400F30DD0F847EDE4ECE4A7
:10B2F4000BFC100106EBDBE2F81BE6F4F82C2A1930
:10B30400BA08351DCE3A27F0AAD646020F12DFC37B
:10B31400D528EB0FD7DA0FD2CB26F919000020E994
:10B3240025F8C51F13FB07F30502EFE406F529F121
:10B33400F23AFEFEE6F81130E401321FC7D214D40B
:10B344001FCDD90C25F71401FFF0092CEA1AB8090E
:10B35400CC16350835E2D926BD140F15201B1E2A3C
:10B36400C41009FDFE15E50309F508FA1E23D01BD8
:10B37400130E1813F5165F15E4FBD0BDC003F6D009
:10B384001607EC25EEE8E01FF9090618FFCA0C12AF
:10B394003306FF3D3EF326EB263C3A22D87F07488E
:10B3A400063C041214F6102B5026141F07F2104505
:10B3B400E6E90C01C3EA16E01EF6E318FB1F3602A9
:10B3C400FA02E011BF02F8FB080900101B05DEFEBB
:10B3D40009E6F3C2092E123FD41EE91212301209F3
:10B3E40004E3093D08C53628C90BC5F4D0EBE003D6
:10B3F400D1400EE51D16DFFC4A15E202282C142963
:10B40400F30EF448161312131BDCE7CC3DD1C9AF7D
:10B4140002CF28BBF231F3C6FDDF40270E3012BC49
:10B424002C0B0D31FBFCF0FB309EE2C6D105EBC0CA
:10B434003C33F7E7FA0D1E16D0FF2AF6E8FF0406A0
:10B44400C30EF2B9F93EF6FA1FEF0EB602CA1EDDBC
:10B45400E5BCEAC733F2032403D1150B26FD2AFD0C
:10B46400E5E6FA2720B9EAEEF9E424E200DC0A165C
:10B47400E7DC4218CA1AF7190D2E29D51913F02141
:10B4840007D8F0ECCE1FFA7F2AF2C4FA2BDA20E7B1
:10B49400E2DBEF2934D53DAE1603292928B913037D
:10B4A400E6F635E3D3D0141F09DD091B38F50AF39A
:10B4B400AD1A261C20DE22F316C2C9FE0C54CE2D72
:10B4C400EC12FCD611F63D0F1F1746F6E66A4B1731
:10B4D400F3ECBBE7F9262C06B700FC25FAEAA0EE4C
:10B4E40011200EDCE2281BBABF08F2F4561B0DCF64
:10B4F4002B56C528DFF4DF22013005E4E51ED433E2
:10B50400812C11B90809496AE0BD090ADE14ED0E5F
:10B51400FAEC2618DB08CF000AE55D5849F7BAE9CA
:10B524003A08A7382A0AEEFE25120AC9E31F4899E9
:10B5340055F8E526D83BEF0F22B843F9F1DF69420D
:10B54400FF225EE3C60CDFF534D5D901C31021B068
:10B55400E0FFB32DB1E1D3050DBACAD920B6BAFDC7
:10B5640014F35C17EED0CF6648303F01ECF020CCEA
:10B57400DD64FFE63026040129DCC73943F2EAF72B
:10B584000E2285440F31F115F9E0E4F61CEEF3FFC9
:10B5940019F40A1C0DA83FDE0469BA12C9CD3BF99F
:10B5A400FA46016FB118DCA5CFF41CD5D4F13323CE
:10B5B400601D2F43DAFC4418352AFE18C83D64ADDB
:10B5C40044F1F91B09105EC9E903DE8EC8E9D548C8
:10B5D400EED401F8C80E02FFF79953EF27F12B01BF
:10B5E400F01139F41718100FADDC46200B33CBF4EF
:10B5F40003D01EE42D02DA22E81BEE04D4EDE44865
:10B6040027150231F3FADC07F326F243F307FAECC9
:10B61400AB2F15F20CF5BD0E0424FAE912200247F3
:10B6240031BA32DD1CE110EFD3DD0847DBEA202D0F
:10B634000FD53006C6AAD405EBE30BF3FF0FEE9A41
:10B644000E37DDFE1948E32602C8FB0820E8E12591
:10B654001D23F31C09D437F2282FF6F3DB05D04160
:10B664000B3FDBF70D16370F36FA28E1E0F5202EF5
:10B67400FF20F332123F18F627FDFFD8D7EA15F35F
:10B68400280C1D0AEFFB0C14F012E80E100620D350
:10B69400F6371EFC487FF407E5030F2020D2DD15A2
:10B6A40021E9EEF1F2F4E35619020947F814FEC158
:10B6B400F01308FBE6341F4F020328FAD9FAD34AE1
:10B6C400E711DB5DE8E9F32DAF01D92F2AA8C0FD0E
:10B6D400E21D34F72AEF048BD8E1FC2520E10E04A7
:10B6E400DC0B100EFA88F72606FB07F70D060DFC97
:10B6F40006D1EC5E311EDFF00C161D0334F649F959
:10B70400F9D520C701EEEDD7DFF80EEB0F2115DFD9
:10B714001722CD3900D60FD9F72621C6F028F6FF17
:10B72400ED14D4F7D0EC0D3AEF21FE0ADEFBC1F3A1
:10B73400F102E24A0828D332E7C8E215F43CEF2BC1
:10B744000C10D7F4C9DB26F801F6FDD90D633C1DB6
:10B75400DA1AD2EB9DFFFEFCE01D0C0A81B90CEA5B
:10B764000609FE153BD2FF0CE011EDD851091C4D22
:10B77400F51DF6E6D62FD31ADA2AF230F1BB1FFFF5
:10B784001CE1CAF513E700E5DAF62BD5E9E1131657
:10B79400CAE9FAE3030806FBC2EB22110DA921FA58
:10B7A400050FF61209FC0A0F1D062515DD0023DD21
:10B7B40009F92C002EF1D00709C543372513C1EC34
:10B7C400F30812D12BFBD311E71C141702E3F3F691
:10B7D400182DDF1233CC222D16FB2001DD04340F8B
:10B7E40011FEF5DB0412B8D86FEFF7EFED25F3F592
:10B7F400D0D2C9F1FDC5E3D50CD618EAC5D7DBE331
:10B80400C500F41AE5D70EF3F130B116813A21CE12
:10B814003EE117CDEF2010E62EEDFF20EA0A0AD60E
:10B8240006C41ADC17EBE6AEE4C4B92F2AD63236C6
:10B83400208BE62E2DF5ECFD27D921F928EB16C235
:10B8440001B829502CFD040D022101ED98B6F8F938
:10B85400DDB843E0F929FEE1002E11D1F81018FFFC
:10B86400200925B1FA2BD7C605F9FB179003E0D1BF
:10B8740024C120FAFAB21CCD37FA18D42DE50C2ACB
:10B88400E91412FC274316FBF7EC0823F0F90FAB7D
:10B89400CE00E5DFDCE60D24D60BC12DFED633E366
:10B8A40019C7F3151509D80DC721E8220713F51B8D
:10B8B4008EFC90DBBF052849F2EDC6D8D6F1D5142D
:10B8C4002500E81ED5E208B4123FF999E6F0EC240D
:10B8D400BFF49F2C1A3118EB461FF62E129F130843
:10B8E400C817A8CCDE4E2CE8F50BD8EFE7FF17D528
:10B8F400DBF200E2CFCC07FC11EFDDFAFEFB81EBBB
:10B904000DF4F2E51EEE28E82D02C1D203D805316C
:10B91400D60EF0D2D8E1EFEA06E8F5F6362B09FAAE
:10B92400E003DC242201E00E2B100ADCFD03E0C856
:10B934001404C0091431030A17F9EBF8F9B8E7F84D
:10B94400CC1F0AFF0C1609F304FFE016D7C4470501
:10B95400ECD3CABFF6053E02060AE3FD1F1F3EEE06
:10B96400E501E6FEE5ADE7F944F2F20F390136BF31
:10B97400F525DBD5ECB7132A30DE121A5BE3F9297F
:10B98400D7DEE0CB9FE431E3F8ECBFD725D704E85A
:10B99400EFB3C7E9FFDE2D21FD0AD623F42EED34E3
:10B9A400D5FBDCE9ADCD1385C0F9FBEF08CEEBEF99
:10B9B4000F4905F1E50EDF25C82DFBEFDD0CF5CDB4
:10B9C400043B0EE42CCE01F41DE00FD70F27A5F0A5
:10B9D4003A0645CAF50FF033F71CCCEFE52109DA36
:10B9E40013F1CC11BDE12EFF20DEF2DEFAE1DD061B
:10B9F400FAFD1B54AE15260FDEBFBB09EBF3FF089F
:10BA0400F714EA361E170AE6032D210EF60A1F4123
:10BA1400BAFBE09605E40B17EBCC05050822F10A06
:10BA2400112FDF2A010228E8E72BEEF5D30BB60D20
:10BA340020151249D122D4B34400C7C52BCB14E539
:10BA440000F7E8222D0902E3E9DAE6000BD4535BA0
:10BA54003D1DB508162466A73102E341F8EB17EF44
:10BA64002011DF1901FFDC20F4D603D11ED626F005
:10BA7400FECBB5BAC61DD3F80FF6F32B12BAFD44AC
:10BA8400CE9CEE38CCE9C42107FB18BD1B5523C856
:10BA94003302D6D9FCCA072AD9EAFED8E8E4193910
:10BAA4000CF7CE11E5BB2512AFE0E3092CF2E5D982
:10BAB4003F232C04C4FCD8F3FD003CEE03D1181E34
:10BAC4001521FEF5550EC2F3FAEFFBF107CA81D238
:10BAD400101C0FD507D8B9D70E26160EFA3429CB69
:10BAE400F81DD71FD7D405EAC53ADB047D2BFB220A
:10BAF4000BAFF6A70136B73EE93B28D21FD8BCF2FC
:10BB040015E113E52A1205BA1A09C8F603DE020D77
:10BB1400232EE5FD38FED0002726DED44075EA0A40
:10BB2400F7D8FE10F50BC4E941E603F4972CE08145
:10BB3400611E0EB8270DC0D623FCE3180156F2D4BB
:10BB4400E8242731FC06E239F914103B321805B514
:10BB5400E644DF1805C8189EE50A0FEFD5EF242345
:10BB6400E70D69F33CDBFE0FD537100B05F9CC3834
:10BB74001C32F1F43631DF59E3093EF17E02E9CAA1
:10BB840040DBD931F6BC3F04BA33C9BEF126C62E18
:10BB94008B1F0DAED1561D23FE4B47132D09B8BE86
:10BBA4000E19F246C8EFFEFAAAC1220C09DC4DBEFA
:10BBB40015E412D1E7DE020716E627EC4FF0D60AA9
:10BBC4000BEBF61A351EC5FFD4FE3A29E50B02EB42
:10BBD400AEDAEFECF9E855E91706EB63D9E136097B
:10BBE4000D240D191149FF1BD4CE3918DF0CC32ABB
:10BBF40046F7343EE1D80FEF0C452E30EF380A15E6
:10BC0400FF15ECF4961E05F201E73AEDBE11D1E200
:10BC1400E6DAD5E7C317E002E704BD05F0DBF5F289
:10BC24002513AEB512F50F36064AFAD72598D9155D
:10BC3400CB0D0D153652DC0C0C071917DFE7C602C5
:10BC4400332FFD1730F8EE121B08F80A151351FDB7
:10BC540029DBCE0CE7F60948172AE71061C422F461
:10BC6400E11786E2DF4FC8FD1207F8386100EBB632
:10BC7400F1E7D1CAE8F158E0FDFBCD90FB35460869
:10BC8400410CF7ACF6BC0E0B00FF1E05AEF722C646
:10BC940018C2D834EDEB13EF40B9D2F2D966260AB4
:10BCA40030E0DCBEDD1E0E09581D5218ACD5321230
:10BCB4002053F61B341BFF070AF1B605F7F1D13503
:10BCC400B82A1F7F90D3E1202D15CF2C154205ED06
:10BCD400151709293901DB230D3A1D1FFE1007FD35
:10BCE40035ADD0FB141107E7FAF7360DEFC8BF42A4
:10BCF40001D340F7F6F41DF8DF1AB307ED141EF96B
:10BD0400E10D3222221406EEF0E169EC02261AD586
:10BD1400C50FE724D3E9E6D9070608D908FBF9D704
:10BD24001407CBE60FED3AE8D7520DF008D014090A
:10BD3400C5F0F5051007E2F8FBFA1646EBD30CB68E
:10BD440014EDAA1EE5E913070EF51CE2FF02C71362
:10BD5400F9E30117E5EE1CEC17D6D00AF311FD093F
:10BD640018EB0410F7DAF44D011E1A14F6DB1CD993
:10BD7400D0DC05EC2E2F0316EC31D1DCCCCFD22055
:10BD8400F3DED70D01E5E901E41005FC05FC09D457
:10BD9400280EE723F9F4F5E517021202EFFA067FFD
:10BDA4001949F6D0F9CFD03440FEE5DCE61041194C
:10BDB40000F63012B201D7D7F60136161D14E1F899
:10BDC400F11F0FC1070CD71A27D9DE53340EEC1715
:10BDD400FDD829011F0CD2FC2DE111F20201EDDE88
:10BDE40030E8CBEE1BE93108F42C4F4B18F0F0E1AE
:10BDF400542A26DDF4D013CBC918ACFE1F2D6B2AB0
:10BE0400E4BC582E16012720E3F429FD120E0AB7CC
:10BE140083DA4F16181902B0D80402FED9CBC4E451
:10BE2400D0EBD10018F3E9B0E8000DBD12C22CE14B
:10BE3400D32B0D1CCEFA60052611262112191E11D2
:10BE4400458DF2DE9557F3E833251EF0DFF0C0BDD3
:10BE540013F0A42C0EEFD4EDD3C5C51F31160BEE91
:10BE6400B0CCDA02CCE0CF46F8EAD2B5FDFC1E0E27
:10BE7400D00351D2F505C6F7EB0BCDD00A1741C458
:10BE840006090D0CF3060A4B50F8ECD7142C60EAA3
:10BE94005D1931342AEEEF050A14F5ECDB1C273862
:10BEA4000D6BF7D6C4BE12811EF022D60F12EE4FD0
:10BEB400F3025721F5EEDCBD180315270D152BEE03
:10BEC400DC18151DD7322B254CF0F42E4D2817F80D
:10BED400F0E4B61EFB0D4D05B81C03370217E41C35
:10BEE40000B81BF1F148FDFE32E8160CFFEA1F0012
:10BEF40017FA080A2005F3EAF100CDEEEDD31D1977
:10BF0400D0F1F7F9E80006F5B2FCF10DDD1B0F06E0
:10BF1400BCE715EF05FD320618F9B4F70B15180642
:10BF2400DF0A1703F1F313FDF5F0EE03F318FBF545
:10BF3400001BD8EEF3F9F0EC0125EE0AFD16F6D459
:10BF440012ECE5FB41090108F6EA17180FFFE218A5
:10BF5400E5041F480C051F1107100A2916E0E62BFB
:10BF640020FE17120A210005F4F7FDF206FDE80190
:10BF740002F000E0FC19150AFB0EE2D4EB2FF1E706
:10BF8400D20630051DF6F50DFF1E1C111BDEFAFC52
:10BF9400F7E50B0CD4F707F3E901D70CF07FE03990
:10BFA400FC1503EF27F4F11F2809230C02F713EA09
:10BFB400D6E60619F105F3F8FFD9D804F7FCE33106
:10BFC400DF0BCB29DC09E61F1BF51C08E306CD01BA
:10BFD400E5FBE7CB0B0C01E514EE09030F0606F0B5
:10BFE400F3EA0D13EF121BE01816B4E3D21D29096E
:10BFF400C2E909241307C1DB3D1E2EFC36BDF8E15E
:10C00400FCF32FB2D83DDD004CD0DA151F2BB6510E
:10C0140013EDE6FDADDCEB153AE317C7324E0C0128
:10C0240015F3DDE7F152314B12EE0CB41128F3ACE9
:10C034007FF408D9F6F6D32C1A22CBC1CD22D3A390
:10C04400AE082906292FFE02DAE1E736E6DD2ED214
:10C05400F547349C45CB2800FEECFAD024D5CC2DF2
:10C06400E3150815E2A332F923FB3DF4DC05E1D323
:10C074000C04DF2245D5FE3FF7F7DCCB30EA0DE4B4
:10C08400BB2111D1EFDBEAC7F27FD5232B1EF8C900
:10C09400F8430AD6FD264FAD0F1E2B17E210D1AE82
:10C0A400F98FE0CEB8121E0BE0262BC2BEE53F107E
:10C0B400E018C73806E4EAFA0C22024123251217D5
:10C0C40007DFEF09143515EDC0D73B35F117E91833
:10C0D40019132EC52DFE2420DAFFDE0DF70F0B0DEC
:10C0E40043A1F7390E0CFE6262E0BB9937FB08E509
:10C0F400E9FC4A521821B71612E246E908193ED261
:10C10400E8C6E5E1AE22F6F92C02FEF9F0F2EF13EF
:10C114001D11D3F8F1C339FBDA2F0CEB1514EDF034
:10C12400F5FD0EE4ECDCFE1E0E0216140AE7CF0049
:10C13400FA24B3442B1D2114EB19D3DD4843F10E2B
:10C144002F0F2BEFEBF116090F2BCB1A1A7D7F2340
:10C154001309E2D9DEDE25102F13181A0FD34A1162
:10C16400E532A21F3BDCD2D10A09F7CF7F080D09C3
:10C17400FBF9EBCDC6C9FDDE0009103DEDE8FD0875
:10C184000F10F6F1E3DBF1D0E5001DDA001BF90432
:10C19400DEE736EEFF1AEC281FE6DBD6330B54CF6E
:10C1A40000C23BE637DE1838E9F911E8F708EB0876
:10C1B400120CBC006AFCEC070DCED7052107DF107A
:10C1C400FEE339281718E8410D324CF7FAD4C04879
:10C1D400FA3E9FA2161607180E00DBE8D91D5D3241
:10C1E400F3FEE7F2E5CDD0DDA5FD27CDEA18020D7B
:10C1F40006F5F4FEF433E2F71417DFAF363D1616F6
:10C20400FCE12CDD16EB18532ADB18F141C401F1D3
:10C21400C102CA2EA4C1D2F632EE1E0463F321D2A7
:10C22400B4E6B12D24FD26073DEFD4D731FA1582AB
:10C234001D22A8E6042AF62A6AC308C3070A18E2DC
:10C244002111FF07DA111217550AA40EA8D24BE2E6
:10C25400D2C6F8E619071A38EF00DFF10EC9FCC49C
:10C26400BFDE0A16ECC9D90017E737F77F35E2CCF1
:10C27400F929FBC7F4D2EFFD06B4F32A4FFED0F937
:10C28400A9E3C924A7FE0120E722B001FAD6E0E21F
:10C29400E4070205F5E547B805621303E31800FC5B
:10C2A400CC2BCD21F9E2F4A4BA11270BFDDFF31551
:10C2B4002E1303DBFCE8D2D3EA3BBFD9F83119B51E
:10C2C4000AF900F31F1308242112FEF8D448CE29DA
:10C2D400FC5A0EE3D5FC1646D6E72EF72946D6239C
:10C2E400F5FBCCD1710CDC390FCFC60CF83804291E
:10C2F4005C3E01246BE950EFBE0AE409E304F33029
:10C30400E0F5DF319D8BDC35BA1CF6E2E1EF2CDF82
:10C3140048E1374CE10DCFD6D5510B1FDAAE1AFAEE
:10C32400EEFB20D6E5DE0D10D0E5D0E9F31C63E783
:10C33400F40C1FE71D09AF0618FD5415D9E614D3F4
:10C34400D3148ACE070FF7F70ADE37EF08EDFC4364
:10C35400FA0112072ADFC2C1ED1F2CF7C130100702
:10C36400F80E2134F0EC1CF716C2E406DDFCB13102
:10C37400F7EE1F76FACCEBD9DEF1E1400D03D305DD
:10C38400C703F40EDD34272976E02A3705CEF2B848
:10C39400FAE8F34115C00B3E1D1DEB2DEF62637FE0
:10C3A4002C0358F9DDF7EC2206CC0C0B113BDDD73E
:10C3B400DEF7D600F7E14F42060CB0AEB81AC3D38D
:10C3C4000D24550CD6DB2CDCC924D1E9E5FE44ED63
:10C3D400CB2520022FF3FE3600FE1EFD35F0EDF5D1
:10C3E40022EB25C90AE724F60AE925F1B0D0651E37
:10C3F400E5EA06130F17BEF0C8B9B2DFEC50F0C877
:10C404000AD40F03EA3B01DB0A14D719CB31DE4E01
:10C41400C02FE60CC400412AF31DFADFD76BB20F1C
:10C4240038D3F70E1516ED0A14D0FF1683CAFAE2B4
:10C4340002FFC0F0FAEE061ECEFFC1C6F7C6000A20
:10C44400EBBC19272D2EFB201E032B02DBC60E0787
:10C45400EB0E13B65F312DE8392CCE972A1508461A
:10C464000420E711B50D5B053F1FED5A2B2E090B78
:10C4740033E0EAEB18E1164739AEC3140EFF3DF979
:10C48400B79F0C17E7B8FDEBB05946CA210CD70A81
:10C49400DFF9FBB1B519ECED01D21FE713F4E0F1BC
:10C4A400B813A79ABF200BBCB37008EFDCEC3804B8
:10C4B400F578ABE0A40AEC06F6002CF8C61527CEF6
:10C4C4002BBEF7EF72EA1FCFBB0A04A5811AF1E570
:10C4D400B8120E0305CB0EFEEAFCA12C1A5422D688
:10C4E40006A1F10F1C3DD406C527EC070918F9F67F
:10C4F400F12D0439FB1910FE4BEE6E1B16C8140205
:10C50400FB55F0EB0FD12B253542048E2AFE130385
:10C514004626F22021E2D9FCC8FF24370A1B1E2339
:10C5240008FF34F2D1FC4623F4CD363655BF091941
:10C534004B0745D619FAF8E73A0D0CFBF6FE133310
:10C544000D263121CFC4E212ED12F62C01366A0910
:10C554001ED8291342EBF8151AC5061F130032D64C
:10C56400F1FB12E2C7181CDB240FFC190706201785
:10C574001321DF44FE69EF11B0282B1905EEEDE21B
:10C5840021550B0906151E2414F001D3FA3D161982
:10C594002823296420DE61280C22EFD9E1DA0FC1B7
:10C5A400D98B420D34264D24E5350F02F822C5E619
:10C5B400F509292C573528FC3406E0F3DEE539FE6D
:10C5C400480D6A180C07F9C5342E127F51D2E0FFCA
:10C5D40033503AABFCDFD70001C923DEF0BDE140A4
:10C5E4003FEDFBF0F7E4E0DCE2E032111DDFE8416F
:10C5F4000AD5F62009F207F9E1FCFF0B1E1DF11B19
:10C6040009C135DA9E09F9F21AFC1A151411E7F179
:10C61400ECD9EC27D91713E90714CFE1F0FD0EF09C
:10C62400EE0BE5D6040A3206E111FA10E4AA073348
:10C63400CFEE052D2513F605FE174457E3A9DAE0DE
:10C6440001F7EDD6FD0345FA20F832E5DD0D1E04B1
:10C6540003E9C40FACF2EC24FE41F11B27FBF3F712
:10C664002137C8FDF02615EA2B20241A3AE1FFE40D
:10C6740007E91DDBEDEF38300212CED80C1A172370
:10C68400311EDE08F3D8EFDAF8DE06DBFAAEE3E1BA
:10C69400E2160C20D41BE6061FD7F0031102247FF8
:10C6A4001D0DAA14BE13E8D138021D00DAD9140BEB
:10C6B400082CF3DBF6F4DA08D913E0F1D5E2D13132
:10C6C400F6FF2417E3DCEC2D27B9D01DF2E40B119F
:10C6D400E8F91C103403F122051F1D0105DC53FC8D
:10C6E400EC13EF090727201CF0F5B5090D3DF7BB46
:10C6F4002B18EF5EDD01C4D51510CFBF0BF007D4A6
:10C704001CEEFFC0E202FD0C22D5EC24E90E22BA95
:10C7140020B8D1FE24E81FFFDF05BD3401ACF7E6E5
:10C7240044120E00F910F10F53F718FB150201DF44
:10C73400F24AECFE066CEF33EBD6E2FDE915040F8A
:10C744002550DFF80AEDE31415EBFAFFD83022BECA
:10C75400E212313E3A1FDC51D8FF4DFC43C01C01AC
:10C76400E62FFB0EFA00E8E62CEFD2223619FCE99C
:10C774001D1BDE28B2F612CCD318DD4FED1BF81AC0
:10C784002E44D619170EF1BBE94E031FE2CDEF1666
:10C79400D811FD0F1E1F3AF4221DE315FF5A28C9B4
:10C7A400E1E5EB6FF2E0F8EE322C5203CBB1062355
:10C7B400FE1B04F7FFEE19CE2C0AA513AA2F0C2C8E
:10C7C4001B3DDA3EBA043903C5BFF60CD918CD3F78
:10C7D4002E4244010E7F94F04304FCD9DD02E8604C
:10C7E400D3DCC3340414E9F4F204F115DDE30409E1
:10C7F400F0E1E61ABDE9ABF2EC15DAE0F0FB8103F7
:10C80400E430F400151822F30CFAB8E8F3CE26ED60
:10C814000727D7DCD2E82C0CF2CDF4EDEB2C09176A
:10C82400D80DE81721F02AFF281CEB08F3E8E9DD0E
:10C83400D5C4C127FD2AEA0F33CA30D40792F5E6DE
:10C84400E0302912EDF2EAEFE3CAD70ED1D32DF18D
:10C85400EBD1C0DF001A1FFA38FCF1D20C030E0C26
:10C86400F8F4F8FCD4DAFFF26D10FF2122E63FB4AD
:10C874000DEADCF3D606FF332F30151D2AFAA84142
:10C88400EA0DE3E9A31A102305EAFCDD16FCF5CE54
:10C89400E6E4B01BFCEF0DF011EEDF0FC2F501145E
:10C8A400F5EBF700DDFCE1CCE2E2C9FB0AA1E50609
:10C8B4000A3755DAE80DD736021E11EA9201C91675
:10C8C400FE0AEEFF27F6F69734F1DCD914E8BFDD53
:10C8D40004082AF30F0D0303ECD3140704D8DE9CD9
:10C8E40031E6EEE00F5D09E215043630E0EBF122AB
:10C8F40036F126200000F627EF1D08F5E2E6302C7D
:10C90400FEDDFD15CC1EFCD6A0E524FD17FAFC0CBB
:10C91400D3E80910042CDC0DE713D904F3DEE51485
:10C9240020DD02FD0BF429031533EBFAFDC6C51413
:10C93400E004F2FFE61D3109F4F8DC1B1DCCE3B280
:10C94400210FFFF7EF242CED25D617E5CAEB150AC6
:10C95400F305A073CEE50115D4F0D72A070ED3FD55
:10C96400F105B6E5E635151C29F6170CF313B3F4F7
:10C9740016EEE9D412FE14E70AD5BAAED34D332429
:10C9840003ECF61A02D5130EE2EBF00A15FC1BEFCA
:10C99400F7E82F02C71403314ED8FA16E37F2C2F81
:10C9A4003800D604FC12E4E12DDB5123E00622F02A
:10C9B400080A0801E8E0091C0D1CE005F4D7CA00C8
:10C9C400F8F2B46FA218DA2F28D6D41AFFE990E24D
:10C9D4001BFB40F71AEBEB0E0307CBD6EDF5321D2C
:10C9E4000FDE0CFED05A01F826E92FCB185AEB269D
:10C9F40017AC0CE06E1CCE1500D625E3C108C9E0C7
:10CA0400E008EEC3ACCDE407EE01B20FDD351F48FC
:10CA14001523DB06B9D06C0D3ED7EDF50B0EB31123
:10CA2400E2D816EA0E1AF5E9F9EE49F31B52F0378B
:10CA34000A04062D26E09830210AD3F12223F6D6E3
:10CA4400FF3819D83CEE1914234826C1311EE0F9E9
:10CA54001C4119F4E01FF222127F4D192622FA6FAD
:10CA6400FE7C12243D3616D6D249A719B61004E12D
:10CA74000EFDF20527162B013D11F6F50DDBFCE743
:10CA84001C0420A521F0EA1ACEF2D614D7C226FF40
:10CA9400E6F331CC9048E41E01DEF3155FF7F107AD
:10CAA40007F21118FCE5F1730DF0F6F017E4031129
:10CAB400BADF0ABC612E1B301A19D721F127DA25F7
:10CAC400F822431711392E251D280935C8DDF937F9
:10CAD400E525ABDB4AF13D2320F204F812F618F603
:10CAE400CE20E5CB13181DA5323331D0E4D0114349
:10CAF400F30DE7282C3AF7DD2A49DB18BBFF9250E7
:10CB040041E44D05151900FFC6F9963BDAD0C01370
:10CB14005D01E63AF03A301855EFFF16252030054E
:10CB2400DD34E6DF0527F9E2E531D920FB35F903E9
:10CB3400D1DEDCE249BBF4FF41A13BDFFA031B3940
:10CB4400EDFEDD532FF4DF25F014DE2CFD0904F394
:10CB54003EFAF0E8E3CEE40EE6340125D51750F2B0
:10CB6400DC1F1D12C0E8FBDF09C501E5EC07CA1292
:10CB74002ED4E70416F1C07FC80F322D210513EA25
:10CB84005E2BF9E80924089B0B55FF08CCD0170D40
:10CB9400E415D30E45E013E3CB060C19F33989F6FB
:10CBA4000A68013E1ACBE6A808D9E9E9D5FB0103D6
:10CBB400FCC0B6201219181B051F0534DB0B121715
:10CBC4000507D52B2BDA0B1EF83BE0FFF53009DB0C
:10CBD400CEB7D0250BE10ED9FECEFFF54610EAE420
:10CBE400D216FE1301C10121151E13B80A36120212
:10CBF40009DEE1E3F6C9FEFAE0C8E5D500F954B967
:10CC04002E12C6F2CFDCFBFF51371AE52EED53D8B6
:10CC1400322406FFFBDA25E230F02CE500FDF8F8BB
:10CC2400D01706230FF3B69C38D0C2DA1925E6D301
:10CC34001FF4CC30BDCAB0D0F2FFEE1225D8E32CDD
:10CC440054DB12E99CF035E606F014F6ECE021FC26
:10CC5400E1F1E921F514141C1600EC01DAF20AFEE4
:10CC6400FA054B2D2AEDCDAC08021DE2CF160F2399
:10CC740003A4F2F6DDD6B0DA1CF7F50F12ED0FFEC1
:10CC8400FDFA021321FFFA3BFAD2D61001E1DCD8F7
:10CC9400BBDAE2E0C6CDD90C19EC1930D5BE1F00C1
:10CCA400F8004C2BC3D0F8C509FBE90C2BF326D4B0
:10CCB400EE230CD1EED1EF04EF0B01E9EFF5CA003E
:10CCC4001D2511C331F013D058F32EBBF5004C0AC7
:10CCD4000DF38136E4EB0F3F02202FDADAEF0C2E4E
:10CCE400F36600E61ECF3C1A29E6FB14100FDA2A7D
:10CCF4001ADF1E310BCFBEFC21080ADB13F73210FA
:10CD0400FB0ADDE71F3635CF341D31C78DBE17C78B
:10CD14000CBB0DE920D0F4AADB473FECE625EA255D
:10CD24003CFCDDE2F3D20AFBFA3ECCC7FC88E70701
:10CD3400E4B6244FFB1F1AE0E202F32404E1E2E428
:10CD44001A020C35E5AAE4ED1CE20607C7262226E2
:10CD5400D708E4D6EB21191CEAF7E0FC060D12DE35
:10CD6400F3DFCCAA22B5E9EAD014E623210731DFA8
:10CD74000BEC1A0314E8E410FAE2C33FF2FB0DFBD8
:10CD84000FD9B3DBA9F5170CF700E602D6CCFFE503
:10CD940006FDE7E8D91CFBD800E0EDFED2F430EF45
:10CDA40003E8A9B5FA0DA6241EFE00EFE419D31377
:10CDB400EA0622D1F7FC0BF617DB337FE9F3B8213F
:10CDC400DFE84CCC1AE8B61E15F6113334221DCB1D
:10CDD400141AD4330F14D92B0550EB22DBBE24F4E0
:10CDE4001DE628C2FE3CE0DF5A1C18B213DC7F2C7F
:10CDF40041BE2216066D8ED3EED14AE91845C29B78
:10CE0400CDC0A4EBD5B4ABF93BE1F2D0A53E3A3F9B
:10CE14006756BFF0BB9D4C301F330D02F6C6F4219C
:10CE24005613D9D6FFE1134BDBBE1D4C0943C6494B
:10CE340029DFD3EED712D520D689AFDB4A2512DFFE
:10CE440010FD24FD42BD40E13C2E15DF9817230759
:10CE54000BDF0C0E13172C2D470ADFD940DAE64CF2
:10CE64005E38C80D4D71CFD3EB16FCFA4442C98F1E
:10CE74003635D00701F5D5F85AC7C72E170B390731
:10CE8400B3D02C2769DF0EFDD00D2FC7FAFA084165
:10CE9400EBE538B6C51EDE16D7EB813409962CD7E0
:10CEA400EED8F59FCBF52F0E2B46E6E5ACFB17AF7E
:10CEB400C729CBB5EACE321DF24BBACCB923CB206D
:10CEC40016F56B084BE7F4C5F654EAA9A6D9D2586F
:10CED400184ACEF0E3220B3A7430FEB3C2BF1F1FD0
:10CEE400F825E70FFB3E3315BAEBCC084E3409C6E0
:10CEF400121FCA48EC0592E2100F45D3FF410AD530
:10CF040047F1F2D1DB041C047FCC14F0E1DA2417DE
:10CF14006A1BE10FD10EE0D1BD1924061A2EE8E0F8
:10CF240021FB13E8CA0D00F238C0110727DAFA0D05
:10CF34005B32200A4D3A172BFFCDDDE225FB16426A
:10CF44001434F4FAFD1CF917DCDA0D23F2201FC2A5
:10CF540027E231B8EB08F031DAD617DA3DDD0DF609
:10CF640002EEF5F5F2CBCAE4F0F7060D1F0EFDC193
:10CF74000335F8E9EC05EB061CCAF4522916D7135D
:10CF84000D47CAF2FCFCE3000E2BF5FFF2E1D0E9F9
:10CF9400051521541FD320F70F41F932F529FA085A
:10CFA400F0A31E28EBE664DD24DA0904F9C2F811C3
:10CFB400010B240C0BC0EDFF202CD616C8FC1F1D42
:10CFC4000D005AC6F000202C050006F0FB1D045B82
:10CFD400271613F2BF24BB080E03E90DFA0C0D2823
:10CFE400EE0FC4211CDFEEFB3FFF0D27E401DA1036
:10CFF4005716E5ECD2FFAD04D61B11E5CE01FBE0DC
:10D00400CFE2071CA02401EBFECACB1A2C0FEBC9FC
:10D01400D3F31402C613E0DBF4E7A223C1B96DEF26
:10D02400FBFEE61F18E321D0062BE1065209FFFEA2
:10D03400DCFDDDEBCA55E61F35D50C20F7B9E21A45
:10D0440076DB38240CDAC7E7F6E80B52A2FCF7A724
:10D0540017BAF63BEE2DE6452233D29F1D01BCE103
:10D06400F6D2E5B5FB03A5F118EEED401400ED276B
:10D074000CC0DC24F0D51CD01335EBFAB01BDCF467
:10D08400C914051246F13B2BF7F74C12BFD84039AF
:10D09400280CA916C70112C67F23F30AD829D6146F
:10D0A400F52C2C2EDAF104DF7D1C45E621022B3011
:10D0B4003B11F5DA063BDC1D093B0310C81722CBF4
:10D0C400431BE9E7A8F2EEC50903BE4A29341E0949
:10D0D40028B9FF724520D9430A162FEEF6EDF23A2D
:10D0E400431E0514E1F6FB0032EF01C7CAB60C4F2C
:10D0F400E7CAD4DEFBBEFAF183FBAF93440A2E0DDC
:10D10400C00D33E7AF04D5FEB3FF5FF409393C1813
:10D11400CCC20801271D052147E8ADB4062119ED4D
:10D124000847FA2BEEC3CFE12B58F604B11CF9B72C
:10D13400815C8928082AEEFCED1319132C3BE1EAE3
:10D144001A20D900B806B3F11307224834360A204E
:10D15400EFDED00D0116EF31E7D1F539FDF4CCBC8B
:10D16400009BBC3646F005EDAEB330232B0D0D38D5
:10D17400DD49D3E9CAC828297357FC13ED10D8FD3B
:10D1840010F4F9D5E4E3E70DEAE852C62705DA0E10
:10D19400FFB8110984C6EEECEFDB0123E017DC6471
:10D1A4000756B50C28EDBEE04AE15AE2DCC5281763
:10D1B40041002B22CD0CFF36E1FB230522E2ECDFFC
:10D1C40008D3D91FFF25B27D0C1C08FC2E127FDC6E
:10D1D400C7232F24D611F024FADE0645E34C0DB004
:10D1E400E51E1A4F0B02F9A9F240FCD1EF2B15F4FE
:10D1F40030DDF226F2122E0A17EA4727D021DFF794
:10D204000C1C1A0009D915463B0AB7FD0AF7E62596
:10D21400ED4332F1E01604F8FACA3DFEF9BF40E3EB
:10D22400120CFF39C0CE1D1F31D1F32730CC28E7B3
:10D2340018F0CFDFE85FEFFB58A4FCF22416190EB8
:10D24400F23517FBE52104160A32FD01B9D31AD5CC
:10D2540055D5FADBD9F7242311F1FD09EDFCF7FBD1
:10D26400BEE7384B1934DCC7DE05DEDD0231AF26FC
:10D2740004334E23FE1801F51620EF30310A021C48
:10D284000120260D3A280C1500141BF8EA00FE3183
:10D29400DA05132E1BCF2DE33520BE03E7DCF0FEA9
:10D2A4001645F957CDD13908E329EBF8E5EB1F040E
:10D2B400C0DEF51B202A044B06EEBFD7D92AEAE7C5
:10D2C4007F3E216DD3F02BD9CE30F121450BDE0604
:10D2D400FD05EAF2E7E3F5C116D441D93ED50AE5E6
:10D2E400200ADD05198BE01FAE3A1CF4E9F919FC9C
:10D2F400C9EC18D8FA05BCD2E2DBFCF514E4A71794
:10D30400314DFA1A3FB1E1D94919E0370608001F37
:10D314002E10F004399C2EF416F42E0AFD45160C3A
:10D32400F2CE0500F8D5F70922062B0DC43E1F00E6
:10D3340010F126A3DFD31CDCD3C5E0DCD543E460C5
:10D34400AA0DAC9ADE03D904E91CBDF33426FEE32E
:10D35400E5DD23B7F02DDCF0D7CF2724F35B11F202
:10D36400A9EF7F4E60CF19D5042A02EF2100EC0902
:10D3740004230C57152B820B1D6B30671FEFCEB0A7
:10D384001B1DE3E005F0DD1BFB15DFFEC813E419EC
:10D39400EF03EEBF11F0F0A29622380943B489A03E
:10D3A400CA2AEFF42DE2E82B16E808151EE9E83046
:10D3B400CEFCE7F732064A0F09E00E0B27F1CCFA50
:10D3C400211711D4311C13D2D223F8DFFC446B1182
:10D3D400D1F1DB26EFED37F5F012E0D41E0FEF1C90
:10D3E40004E8E0F82730EBDF22BFF3F31211E7D7AC
:10D3F4002E20C27F54026308E128DB162B1DD72A96
:10D40400BF321A2F3ABCC7580C0C14E63FD54B0058
:10D414000BE3FB1724363214B7CA5338E71C95E2E2
:10D4240046D1EFF0D419D6F8D9F1D238C9262EBB9B
:10D43400562B171748FDE1F32D2E64E14A2C3316C1
:10D44400E938E1F7D11C2ECFDE263894F7F6241CF8
:10D454002A42CBD7C70DC6EFBDE52DEDA90E0A159F
:10D46400FF3529FF10191EE6FAE4C30CA4E8FC2AD0
:10D47400EE273B791A28FBEC0A020C05D8042E0788
:10D484001DCDA2570F66FA2B7910FFED11BEE726CA
:10D494000A0A06190610F82717FD1FF4C5CF474FCF
:10D4A400014C4726EFFFA90EF114F2DFF33C1BC336
:10D4B400ADC6EA1108F02E17E134F5EE0E04182F6C
:10D4C4004D1A2BE0CBF65E47D5E6DD2DA907012AE0
:10D4D400C0383CC430D3091E2DFF12F952CCD09F62
:10D4E400230428C135F5514D06EA0CF33C69DFBB32
:10D4F4005C40E5E6F60EE2FCFB96E8F4B0FF205152
:10D50400D4D3F3D021D7074DD501292BE112ECCC8C
:10D5140008AD2470C15D3AB9B7DE3A2101992D0CEA
:10D52400FF1E11F109E5C5FD1FD411112E5563220B
:10D5340048CA212FEA103524D0DF3F07F7DF6AE31A
:10D544002047F29D04AFBA0B3EB6E165E1251614FF
:10D55400ECB3093B3867A9EA1FFF23D370D807F25D
:10D5640045BB4C0F19DCEA154801FDD03425D72CF6
:10D5740041B9B95B0C1F10DC0432D66F1E4FA4D620
:10D58400E14ACFA2BC4FFE2B1EF3E37BBDE41DF2A8
:10D59400C41D1E3E519B421FD1403C7FE3C3250363
:10D5A400E81D1722C620D5F8EDDF95C30C3612F11D
:10D5B400E4C5D5D3C9B702E241FCE1EBCB55CECEED
:10D5C400F20775BB150A4E980824F0FEF45611F7BD
:10D5D400EEF40342D822C5AC2C2CE19B2B91232AD8
:10D5E4001710CD9216962333F5EEC2F511281DEED1
:10D5F400D820FD0EFE1BF4080B0734D7312A45E072
:10D604003535C923361906347F403904E3FA290A2B
:10D614001D0CD8E004101FE9C7F5410923280B06A7
:10D62400270835011C0AD0E5F1E7121C292A06F95E
:10D6340034F5EA3005D1052200230EC80FEF151A80
:10D6440037F62537C9EFD70A1101F814D3F31AF3C3
:10D65400FFF717A9FD1411E21D0F039738E804071B
:10D66400E10312E2F3E7D3EB0318C0DBF11C192446
:10D67400FDDD150417DEF60328CA190913C9EE0FD8
:10D6840009331F0FFEFC0A1DEE0400083C36F91690
:10D69400EC200EFB13D8EEE21AE5141E268EF4B32A
:10D6A40003C768EDFB222714CB2DDEF122FDE91818
:10D6B400D80E230A33181C1738E53CFDF611010473
:10D6C400150669A73CF931B9D22916FCDCE9442BCB
:10D6D400FC26B145E3E9170E182D051C02E4DE0112
:10D6E40009EB0802DC0B1515820041061D2C39BB21
:10D6F4001F33FE0BC9BF462F2C2EC90D4710BC0E7D
:10D70400D70FDFF210280340ACFD1A200EB0CB2156
:10D71400FCDEF77FD726FF0B1222112626A7B4CAF8
:10D72400D732D7C4064102F011144BE80AC50CC81D
:10D734002AEB7CFFE0161BF51A36202021D2FF03CA
:10D74400EE50DEF334121322FC17FD31FD241B1DB1
:10D754000927F836F21ACCBB0FB8252D3D0D19CE8A
:10D764000DDA062497CF015C30CEF9E1DDFB4AF5F2
:10D77400C05C1936462F0315E60014111C72F0EF35
:10D78400F00413E6CE3F0DDA2F01B1E6193EFD2970
:10D794001C3C2E1E1EDFE00202EDF8F41E4C1207A4
:10D7A400191EEE4C381CF93609DA3F0FFEFDFE183F
:10D7B40031DA4FDF00C431C8264DE8CD102017CD33
:10D7C4001DF53808D32DFC26EE12170CB906B11D31
:10D7D4003A095FDAE930BB3339901BCB3021A6FD1F
:10D7E400F20C37DE292826161713FDEC0D1A1FDD5F
:10D7F4000123C8FC2CDC3AE1AFFFA023DADDFD14E1
:10D80400E833EE18FEBBCF200CFA9AE217181CB4CA
:10D81400FBE137E00214FFEF37BB262DE9F226F7D0
:10D82400E2ED583820EB81C609EAE501F8222AF531
:10D83400EC3D3FF6F00C06B11429341B04CF29ED5E
:10D84400F6FCE50A060FC71012004DC20CFCE61CDC
:10D85400F3A405FB1622C02D2212EF131671F90250
:10D86400E2130EF2CF23CBF22206DF39F222E91EB5
:10D87400E1B81E50FBB71DB5EBE1FFEBC60934EE72
:10D884000718142C0424366C46AF16EF10D2E5DDCD
:10D894001FCF9C3007CC273214F00730C73D676098
:10D8A400FD0A234BC09945B572D1EE2024F41C1710
:10D8B400ED35D810EBD8E2F5DC0AB910F93C07A62F
:10D8C4002804E31DD7C54E350FD3EC10D9333004EB
:10D8D400C7D6F5352B051BF636E8FC0F04B9DF1166
:10D8E400D025CB2529DA07F5040B563713D331FBA2
:10D8F400176D0B2349D1270B0FE9F100452406E6E8
:10D90400CCD2250800D911201154EFF1112CF1D4F7
:10D9140005DF305F5C24EE1BD2E01C27E80CE9F441
:10D92400FD4003ECE4E9F6FF12D45A1203B01106E9
:10D93400E128CF21E30042FFE9F0E1F63107197F46
:10D944002C0E09BFF6301914290AEE49F72508E010
:10D95400D44DD0000819BC27FBF5E92111ECEAF6F7
:10D9640026D704152C04C431BFFFFF13F00344135E
:10D974000EEA48E63EFCEEDDEAFEF9DD11F01BEBB3
:10D98400000A05DCE22DD2020DED311013583240AD
:10D99400780F4127F815E9F406D825D711E116FCCC
:10D9A400D0D2FAFB1939E8EFFFF03AFEBF23D3F2E5
:10D9B400D5DE2736DCF9F7F80BF13BDB2AE9E8F290
:10D9C40017FD1FEFE531183DF702F407DE0128DBF0
:10D9D4001308F6F22723DE2FC9121E0D1F18051295
:10D9E4000EBB571BCC1AE2FED62FBADB0EC0270A99
:10D9F4003DF2DEEA4E0581D028ED16ED403409F102
:10DA040015E9F4B3BC16EF0731E5D3065B1203182E
:10DA1400F2E9E7BCC9D947F923D6F7D4E1F2F1C05A
:10DA24000D0CF008E32D15C528C61CCD313D9C1BFB
:10DA3400D714D5D018F0F528FCE0F5DDE844F4E877
:10DA4400CAF8BE03F6CFFD23EC150C1E2AC8DF97D7
:10DA5400E8DCCC01C949E80F823010190201E8263C
:10DA6400FD1F116E1E1CA8DE8B10BE0EEE35D9EC08
:10DA74002EBDEBECCFE6D7232008190D38F6AD20E8
:10DA8400FFDE01902103EE02DA26FE23FACB11D940
:10DA9400F9D2E3F7EB4720BE0822C1110B1BCD00DE
:10DAA400DAD3EF39EBE6C246F5EADCDD07C064FD04
:10DAB40086AFF0E44001FB1607BFEBE800FBA23E93
:10DAC4000FF8C61C5C0709FD133C2DC59BF12043D0
:10DAD400D70E92F31C1D39274311E33BF2BD1328E3
:10DAE4001C089B06ECB0040934E8C0E607E727ED00
:10DAF40010301DFDF8FC23F702DCC5082CE97FCFAC
:10DB04003ED3010716E5F6AC581D38081D3428C964
:10DB140062ED330900D53AEC1FD6FA209457DD2480
:10DB2400F20F030CE8DFCD10F218FAF2E7D4C005C7
:10DB3400FD2401D31A0F09EAE513FA1B08ACFB47CD
:10DB4400FDD31DFDBBC51B01FCC81401F1591C32DA
:10DB5400AAE9E8D9061CD8DAD8E601153AFAE808A1
:10DB64002AE81D0BE1F8032AE7E5E7F31807230A7F
:10DB7400FBE8D0CFBCF98B3BEFDF0545CB0A24F49F
:10DB8400D521F71500D4E5D6FFD40AD90E06FDDC5D
:10DB94002305C901F5DCB50933BFC312F3AA5B033E
:10DBA400C1C748E1D6E509C036A509B6B530ED329E
:10DBB4003140CAF710B4F5E9201B2B231EFAF3BC3D
:10DBC40018FA09B450F7FCEB09AA26FEBE576AE915
:10DBD400051A1023D618F041250B09CDCE3F582E37
:10DBE4000BD6354627281D37D1DAF209FF6FDD221F
:10DBF40046DC3C0817F9D240390214E5F028171A1C
:10DC0400F0BDA7F417432F1E64C25BBD02D8E32303
:10DC1400A6071F2FE429FD15E94409EE24F6F53281
:10DC240007EF1DFAEDEE2B3E1824021103FAF1DD85
:10DC34002913141DFC2CCCFF054826FBF5CEFCD57E
:10DC4400FCE0FE1F19F1073AF21AEB11DBD42C1198
:10DC5400ECDE19F801E328220ED00C3939D12DCA93
:10DC6400EF09E1E80007200F4E0A0EE3302305D345
:10DC740037F3B0D4A72838EDD22429CDF9510DF5C6
:10DC8400C8311DE6D50DFB2FE01EEBF50FCD1EDCD4
:10DC9400133402F5CA4349FCECFD1230CE0F1DC209
:10DCA4001F9FF91CC4EF2424EC4EEF01F325243B01
:10DCB400FF27E3A37FF829CF33CD236BE42B9F0702
:10DCC4000DDD4E25E70BE1201EBEEC51010BD4EB1C
:10DCD400D9FA1CD75D1AF223D6120028D6F1EED158
:10DCE400F212C90A32C51EB31A47D5EC376B0FF3CB
:10DCF4005AEF23E9361BD21A39F72502FE42BA2419
:10DD04001D6BD3D305E6FD242FF8C0FD3D283F103D
:10DD14004D1621381CD025F9221526F41ABFFAD540
:10DD24002FC4463C0410E5E06590EA1F40FAE2C3C4
:10DD340008FC13BB1D2DD03938BE051D350A0E1D38
:10DD4400CA4733B8A5A3F1E531F8F660B1FEDEA900
:10DD54003998E718F3FFB77F0CD8F9EE191A1D2F7D
:10DD6400F9405429501ED1EBE4382973F200EBFF3B
:10DD740022612C2535D3010512604236F32C07F5B8
:10DD840038DF311D4FFF1A21EA0DD812B8DC2355B4
:10DD9400DEC839DAF81310F90D2E180407ABE8E8D9
:10DDA4002AF7ED1DFD1876C23BC464FD199663B3D2
:10DDB400AAF8C50B4BF5583AD7EDAEAFF516FAA64F
:10DDC4006A2B0B1DC5DE16B3232607F4163716E29D
:10DDD400E90209E6186105EFFF1338D6F7E0033BC3
:10DDE400DE43ED48F99C0AABE5DB09E5EB0AE3DF2A
:10DDF400C3F82B2603270F190E0B1BFAF225A130AB
:10DE04000E172C104EF2F510E9F40E22C3CCE71CC9
:10DE1400F8D9F3FBE818E7091BFA1C060F2CF215D6
:10DE24002805FECB1A01001CE5241315CCEC0630A2
:10DE3400DBD6FC0524CFF8250BEBFF0FE7F00F181A
:10DE4400EE302CDDD801EEF4FA22EAE51A01312491
:10DE540037E3CCBFFFFAFCE62304F0AFEE1D1CC68B
:10DE64000010ECDFF7C62C2A29250D070FD6340C39
:10DE740009E919DC2FE7E43202D0200417CD33EE90
:10DE8400F920DBB1DA03FDF1080DF5FBF12005EE15
:10DE940013FD1AEF21FDE5FAEBD4F400108116F31B
:10DEA400FB0CF6E304FEE0DEF2CED521FF08F130F0
:10DEB400172ED9DA31170AF9E8E0491826032B0995
:10DEC400E3EB09C11FF90B40D4E3DD05060CE7DEE3
:10DED400F0E21B30FF0CF1D3CCDEFF44FE1014ED56
:10DEE400F3CE02C6C1C62EABD44D1F17E76EFA2A75
:10DEF400E43AE32EB729DB48F33436D422EA8F130D
:10DF0400207F30C361D22764030EF72411CCFF199C
:10DF1400D1F9120043F4D119A2C524D442D119462F
:10DF24002B021EFF33CA0F470BBFCE3A06D03EF278
:10DF340065E70A08DE570DF53D0EFFE51EF52A16C6
:10DF44000F4F64E7D6111009B8E4D2FEF4E017B716
:10DF540068E6C316DD07111E3BA90FB6D43D0BBFFF
:10DF6400FEABF033B80FC111F5ED6AE009F0F52509
:10DF7400B64D33161201E928E6DC24F704EDF53D2D
:10DF84003D10B4471E56E222FB3A27EB1AEAE1FBA6
:10DF940035ED222903C6FEEF081939F502DCF31B1F
:10DFA400E6230D0E3B243D0A10DBD80937EFFDB6FE
:10DFB400033835310840F02525120EC302F0460D12
:10DFC4001627E035DDFB37F9F112150C12A38CFD91
:10DFD4004E033EE7DFFEB3C63CCC16DC19D5E29A0D
:10DFE400183524F006CD2812EEDE13EC2A05BF0BFB
:10DFF400E2FB324515D129F2F6F4253FF7CFE4FFD1
:10E00400E40D5E1ADEF4F1F1F8E720ED2CE9FA04F0
:10E0140044F00E6EFD19EA43DC2CB4FDF703E8F47A
:10E02400C5F5E0F7B70C1937DB3E2211B4ADFAF2AF
:10E03400DEBE200B1E161DFCDC27F5E42612E2C909
:10E04400D420D7F9F2F3D1E117EB0FF11432695F61
:10E05400CBB2A5BE8122EDC8F4CF302FC5DAFCE0E7
:10E06400111CEAD9D01D220C4017260F2CDBE152DB
:10E074000313E90F0DB2F5FFA6E9E1D2F814EDFEA2
:10E08400D52BD2E1DD040F99F7E6F51AD7CEC3F20A
:10E09400D8F82DFBEE5302B5D111BC03CD3118DEF7
:10E0A400E6CDEDF81DD405D5C214D0E3CC47D50296
:10E0B4004C1CE71CCEE5E6F4F93C4560E7049F01FF
:10E0C400FDF615250B2AD519C4C5D2BBE2D7DEDE71
:10E0D400CDEB562413DAE8240096B00A0F3FFEDA9B
:10E0E400E901C6E9E8E00221F601192ED204D53986
:10E0F40014EA493BCDA1BFDCF60DD8EDE5DC23F4F1
:10E104000B0AC80CB20AFFC5014A22D4290012FB2B
:10E11400F9CEC4B0E93007D8ECEED1060A411217A3
:10E1240029FC061746F12C13F1E222090BD0C90A87
:10E13400B0D2112406B1A9ECF7E71559068EFEA159
:10E14400370518F01403D81DCE2BFFD7E8E96F1458
:10E15400F8B4811DCA055BDEF63AD8D0BAF5230EB1
:10E16400E916A8DCE50411E947EAF32118C628B545
:10E1740043A2DFEF0522F80C0C45DAB41821C54997
:10E18400FC0EFBDDD4FA18F9EACED8DC01E731A69F
:10E194000EDFCC280A04F8E15BBA2AE740CF274710
:10E1A4002F8CB3FED0CEC60FFA92E9E70AD2343EE2
:10E1B4000C1C5DA350CEDE14DAD00F41BEEF937178
:10E1C4000A1F27EE0DD4E43B77F7DA0E29DDCD0CD8
:10E1D400BE1E0AF60DBD25440155EEFB11FC06B228
:10E1E400FB1AA6D13ADD1CC815F033550F151EF6DF
:10E1F40043C816CA15F405E30FE925F0F24226FCDC
:10E20400EE1818D7C80A0402D1CBE82FE923CEDBD5
:10E21400D5ED1315DDFBDEDC3407D903ACD518CFFF
:10E2240010FCD9DFEF380FEDE720D221F7F8C3F95E
:10E23400B406D9E4292AE6EE24AC0D42CD07E91D43
:10E244005AE6EFF706EC13EB2931E70EC509A1B343
:10E25400E5F6F420DBF1F01A0B3ABB81F1D0073577
:10E264001239F521F600ECAC0F30F54DBF40F53115
:10E27400F124080B22CA01141DEC05E0F40659B47C
:10E284000FEDEDE154DA1EDBFAF1B0F7D6C61D4B03
:10E29400F6C31A13EF3CDFB722C227ADDF0614170B
:10E2A400FD2AC6FCEF04E8DB42FB52210EFA3E2DA8
:10E2B400FAE7D40809D1E0FC18D73A324311BC1765
:10E2C400C018BCF3ECF8C81834F8F401F84D79F62A
:10E2D400EAF7A20F06071B0DCF2AFE3AFBDB3E43EB
:10E2E400FEE7E710EA1B262002F1FE3B121EE8CBF4
:10E2F400FBDD28FBF83AFCE31528C60A1F35E6F3D4
:10E30400E53CF904FFCFFEEA5BC629B1AF0D50CC62
:10E31400CC3FE90AF9B4FFC1EF3E53F2CF12C6F481
:10E32400453423DFECF2F4280E35EFDF38E8092713
:10E334001B2610F91600E61CCBB4FC0BFD27F006D7
:10E3440013F70EDF0450159CB3E523D3E122D31257
:10E354000DFAC0141FE51240FDB2DC170812F011CB
:10E36400F1EBE3ABD0DFEE49E6F2E512EB2314C8A0
:10E37400F51BFE43C238E1D6B5FF0A46CB0481F54E
:10E3840001DF146E1A19B45B08D52B1A09E0314762
:10E3940011E5332E1DB617EA170A05051BE4AD6E09
:10E3A400E64352C024EF435A2A23E20005241E0701
:10E3B400081D3AF3F3E837E8FC0E2F00D1FB2DD00B
:10E3C400CD1C4D893BFCF9DF2D05D5FB29F4032831
:10E3D400221D0C4BF1DC0DD8E0102AC1CFE2AC0CAD
:10E3E4005A1BF3152106C8FB8C11D4E40353E0DB5C
:10E3F400E8F0020D5105F51E215E3A0FFA3E16FBB8
:10E40400FE4809F3090C012547EDD3F0F9C71A2595
:10E414002B6CFAD7E70A0A11B31531F418E811FB8B
:10E4240019DEE52BD5DE270B09A32025400A482554
:10E434005F9509280A10001F02A2EAB6D90314E264
:10E44400F5F433ADD21F15F9E4E8DCFEBCE8CAF5F7
:10E4540031BFCAD3EFF6E6FE2FF8F0FE2F2CEAF414
:10E46400D0044B24301EBA23EB1DC2D6EE2DE8EFA8
:10E47400263A24DBE84913E51A0AFE0307BCC8154B
:10E484000102E0011B3EFE21151C3CE0060B03DEED
:10E49400CF27071B48CA261AF418F30405DCF6E64E
:10E4A400BCA74E26041164FFDCD7D820F5E8B4F6E7
:10E4B400BF2025F24E0DF630EAF7B8EFD50F07244A
:10E4C4003D0132F008D555E8F66E3320140281265A
:10E4D400FB61F5DBFC00D1BB4DC8FDD615F3F61886
:10E4E40016D702D711DEC25D0B1EE8D538323EEDD9
:10E4F400230CCDF8DC30CE0532053EFCDE3576E06B
:10E50400EB07EC0026CA16337AF827E2E93159CC36
:10E514006F1ABF0EC62838FFF4293E240FFD07C426
:10E52400DB7011091001E6F751C3DBFD4D41F4FF27
:10E534005007141DA24F004A3006C2D812100B42D5
:10E544003DCE0913499CE8F005CF03E3EA26B40F56
:10E55400F4FC7ED91B16EA5133210814FDF1D22CA8
:10E56400F7097118CF32BD0F24031D1EE149C80EEF
:10E574001B131D45E5E6E33FF818F63AFBF7FB32BB
:10E58400E809EE7F4B2B391E2A31FAF51AAF32F423
:10E59400BB110D1D36DF08D533F9E12B23EDF65CF5
:10E5A400EFF3364EE7E5F7322334DCC728D634D010
:10E5B400E2D8E8EC37F601FB02D0DF03C82206A557
:10E5C4002E3E6BD529EC42861D523EDFFA001D0E0D
:10E5D4002039C6110213F13A4D073DDEE0FDF74242
:10E5E4000F5ADE07E8623628AC8B1920E6030500D3
:10E5F400DDFDE910B30A2C1404F590C1BC0F201EF4
:10E60400F90FD4380256660BE6E63CCC02E5FCE58D
:10E6140021FE06CCE437311CB0D70614102B2E2B68
:10E62400CDFB01F63F5218AA931B4025E11B022F94
:10E63400D5C73E23D3FA2DE1A9453812E9E3090BE6
:10E644002512EE16FD58DFE8E4EB20F4E506EB12A4
:10E65400F3184202640CD9B95414FEE2E015D65002
:10E66400F5DC81E1D80C020651FA04CE31116CF0CC
:10E67400FC9316BD0342FFECF50BB0F1EAE2D96C52
:10E68400E3F31BEDDBF5D3DAF5DF10C6442FF8A274
:10E6940060FCCC3800291F290002211EFE36143AE2
:10E6A400BD0400C20302C2450320EEDEF41ED21FE5
:10E6B4003D3E2A00DB5045E1140C6827A5223019A1
:10E6C400F2125DED3816D6E912CCC05A150DD7F604
:10E6D400F31E39CC2DE197CE4AD0CA2BD316C09560
:10E6E40018930304010D4112FB0042210339E2F1A6
:10E6F400331722EA313056523051023B1D2AD924B5
:10E70400763F135D6BDE2D050E261332FF0B17B912
:10E7140009E62E1F38F40015A314F82003C8FE05DB
:10E724002604D0032FBA0621F00E16F0ECFBF32DCD
:10E734000D143A094DFDF10E0A0EF41EF332FF33A7
:10E74400F2EEA61A0ADB302916D0F9E340011C4385
:10E754002302F532D407F400E6EBF47F3F5823FE9E
:10E7640043DD04F91EEE0842D9D8F5E7550A23160D
:10E774002AE8F6EEE73917F0D4345B36FD3CFB1C8F
:10E784003C041018F0F6E153111B25070B37112731
:10E794002F0FFC3B400BFB58FF0ECC1C08FC321225
:10E7A4004D2DF8FD2EEA0EF218F6E15B280AEF2152
:10E7B400FADC5628FC2710550DFC39D832F5B63D45
:10E7C400E50AEC1602080328E5F52B2D660511ED84
:10E7D40018E5212A253ADCCA072B39183FFD10D445
:10E7E4000B2C3634C715F2D2CB2CDF0F27F0BF2009
:10E7F400FECC56BD05E4FF1CEC37DA1BCDC3A010DC
:10E80400170A4BD33B07F6E9E2E5E909FE0ECF4DC3
:10E81400BEEE3F1D2E13FE1640FCD9B2130BE2DBF5
:10E82400E2C0E7E50B071C3E02FC09B6E11302C394
:10E83400DE0F60DD1EF0EA27E2EACECEDF2AB781E2
:10E84400D544EA1F24170032EB0EC8DF31ADD31ACA
:10E85400E826F9D2F1D259F6230304F7E9DFEBF7FE
:10E86400CA0DF31EF3EB10E2D911F9FB160FE833CE
:10E87400D346FC16312B23F3F73ED42221D4340C97
:10E88400F8F6F106CEBF01E1D721E203DE01E1DDB6
:10E894001AF8010E255C26F1CA2444044736E6061C
:10E8A400FE32C4FEFFE0F724C41CEFFEFD20F6CACE
:10E8B40004F11A0BC84ED32D26072F48FBC21C5C4B
:10E8C400E019C134F0D1C617C50D15083C21E00A82
:10E8D40010CB04E32FE1D8D4EFC93410FE23DCBEFF
:10E8E40022DDC7361D3C09FB492804000418EC113D
:10E8F40018FDDA2620F3DEEAF7D918F8B115231447
:10E90400111FD81CD4D5DE2F37CFFB20122B04CEF9
:10E914002821FCF2F0212BE6E20AC401D5B940DA41
:10E9240003F90930F8FE0C1D4A16DAEC3528DB151C
:10E93400E1D5EDDD0651D10F05A319E4E88D1BE502
:10E944003E11DB150C29E712E40D1F09B21AFA0077
:10E9540027B70600610D006EF7DCCDCE162DF0232F
:10E96400B62DFCFCE5548CDFD5D708100B06A4F5B6
:10E9740005DAFC29DFECF8F25435D5F7E303D419B2
:10E984000C0C25F93D28E43C02171F25F8CC172868
:10E9940028F7C367EEE138D96A39E100D51EDB25D3
:10E9A40019102427FAD33CC25D15E41C18F30F2B6D
:10E9B400010FFD172811202915FCDBFAA51017EB10
:10E9C400274C173EA8CCF1D42512F035E9FB1030C2
:10E9D40014E5C87F0C0708440FEDF3E31BD3DB00F9
:10E9E4000904CE534604CA03371D6013CBFA5624D8
:10E9F4002A11C2FAF3F62E17040F5C15FBFA14DE83
:10EA04000C0BA9F41BE4F726FBD209060BEC3CD74C
:10EA1400F11B19C8F24112E8DD011CDF4D8131D22E
:10EA24004C392E3612D01DFC1BD504FA51FCFB5177
:10EA340019DAD93FDC1C3003F8ABDD3C04F12CF8C7
:10EA44000CE2F2021DDE27DE22240607ECD00A01C6
:10EA54003FE2EB54C1ED155128A2EE3B2B31E4B259
:10EA6400D0D63710F830CDD5F9091805F636C0EDF3
:10EA740039F02C48324364FF181E3131FC1B0D1B46
:10EA84000624E21E3B32CB5B0D03144C16FD180426
:10EA940021000C28FA921E280120EEF5141DF376AD
:10EAA4001EF8FDEE120AFF102FEA3A4DD12C020097
:10EAB4009EC3F9231F0C40130D19D289EFFDCDBC61
:10EAC400E4000F0DB80D12FE453AE3422918F8345C
:10EAD4005131FDE60921C115204F54D3EEB6E34F61
:10EAE400F6300800DCEF0904C60C5831F2D51307E0
:10EAF400E3C6F520E8DB00DDE402E9FEDC0A81F68A
:10EB0400012DF7FC0B18DEF34634C7FE01E2FB0DC2
:10EB1400D115E414D908F4E3CF15E510ECDDE4EEE7
:10EB2400DB19E0E7D90EFBCB2EED0ED9EC8BE0F62A
:10EB3400D2C8EEEC05F4061506E613F6198FF1D0EB
:10EB4400C843BF1C97721EE3011DECDDDBE0E2DC71
:10EB540002ACA6CF5E002341FBFBDBEC15240416BC
:10EB6400CC27DF23BFA6CFE466F622161E0B21D6E0
:10EB7400CAF8E90802EF09FC45DBCA38DBC9F60626
:10EB8400F804C3F29ACC2445F40FE251000029D9C9
:10EB94005D0DCF13CEECEFC409F812EDB10DE847CB
:10EBA40014FFDE039EE426A3EB2E070AEDE802140D
:10EBB4000E4831160607134111F0E7D6AD07F8CA1F
:10EBC400F5432C0A000308BCF9D691FCF90EC9CF11
:10EBD40026F528672DFE4A13AE28E928001E00FA00
:10EBE400F7F1F6362A7FE8FDFABF0C1B061FD106A3
:10EBF40043F4D91C1A1EBDE60A01FEF2DD25E3E04A
:10EC04003C2AD2EDB135F41CEEAA28FC3106F22ED2
:10EC140009CDDAF9E3F6E331F402EECE33331DE93C
:10EC24002B2044FA23180EBDEA1A240AE53412D024
:10EC34001317E2C1203B0B50F645E718DCF7120529
:10EC44001A52CCD01022E8F5DD1E210AEC18F2D8B5
:10EC5400EC3D091D1CDAE73402C236483AD7FD08F8
:10EC6400F6FC014A2B07080B181706063E07F4F3B7
:10EC74002942B949E7F336E60E5D1ABC2508E909CD
:10EC8400012308E843EBDC20D836D943F892F91F76
:10EC9400F0091128F53C1B9F4D1F0C202C37ECFB71
:10ECA400000BF81410F2EC270DED283A250B2B4934
:10ECB4001E1BE8143826EED11EEEBD1BD82C081CF2
:10ECC400DE3FDCFDF20711DB0932B82CE83DF1210F
:10ECD400F2141FEBF43D29390A120BF7ECECEE09A0
:10ECE4002D24FE0FFCF815E9ADD9E11710F9C0DDAC
:10ECF400DD273557ECD30413F61C2A180715FB2B14
:10ED0400DE394CFEE7171D32FAF60303F1EAC7CFEA
:10ED1400F9D4F030F91D14F2C116F044E902E814F4
:10ED24003DE8D0E70FF82F07E90AEE0CFFF12B0AB4
:10ED3400250F2409F7232BF331F90A45FE461D1547
:10ED4400F03606D2D1342AF1252606B2BA012CBAFD
:10ED5400E1FEC1FA06EFE2E9F6541AC40B2F2C23A4
:10ED6400B119F500FAF6D8E62411B70E0FDAE35913
:10ED7400E8DD45F02602320DE8E7EBE50DF70CEC93
:10ED84001E06F3E7044FF5BB6314FB1ADEC22BFD2A
:10ED94002009EA41263013D8F9E9FCFAE62B5BE7AF
:10EDA400FA0EC4FE04CFEA2A0A01DFEFEC0C0829AC
:10EDB400E70B5521120318CEC0251A081B19E2428D
:10EDC400FCEA3815E9141701E210D1EA03E030F245
:10EDD400E7DB7FF325D60F05D6DA122312D813CA40
:10EDE4001AFE4C081E34A80B71B4CA1DB8F6D8F923
:10EDF400DBFA053C379DCCAEE4DEADF1D82704D177
:10EE0400FFE3C9DDAD1E0BF3E8FB201B054327ED33
:10EE1400DCD1C9CEEAF919341DBDDE2DD2121E1E75
:10EE2400D6FBF9C6CADFE49BB8F3F40CA3E9D65FBA
:10EE34000E26DADE44B0B5D618210DF521CCEB1937
:10EE4400D4D7EBF639D02B14D8006CC5E504D0E246
:10EE5400FB2232CE0233EBE8F5112BD822F9C2544F
:10EE6400290C02211E771FB9B1EA91E98101EC1442
:10EE7400D5C405DC019FF3D53DF8B0A405EB25EC22
:10EE84002FE123E265F4E7EF0FE3E50CFCA8FC03B4
:10EE9400D303D4E4B8400BF4CECDE6C7E75E5AE121
:10EEA4003F8DF427DC14FB4D2C50CEA9DCD3EFFAB4
:10EEB400D4EFF3064C49F2E7EB95EB17B0E7AD76E8
:10EEC40018DBC73EEA11FF0217F6F40DBFE2431543
:10EED400C8DAD8CA182436125BB7ACCE05BA1BDA26
:10EEE400A5CC3200FA0004260B1706EB2E301D05C4
:10EEF400D610FED60E09FCFAE5F9FEE4D91B42153C
:10EF04001904EF03F5F5F52A3BFF1123E1250BED79
:10EF1400290FF80823EC03F2E4EF1C03EE12250892
:10EF2400031E251D161DE1DDFCCDEA322F1C13073F
:10EF34001E0522FBDDE4FD1EFDF3F2FBF83609227B
:10EF440018FA07EDF126EA080901E50F0115D4FBCB
:10EF5400ED200AF9F51BE9EB0EF52F2620110D1211
:10EF6400FAE05E280FF6EBDED0CB13F5F90FE422BE
:10EF74000DE6360C10FBF3E0F31A0411152500D04E
:10EF84000D0EFC09F804010D0DFAF503F300181633
:10EF9400E8192D1A2A12FEEEDE05F92F2409D5A64A
:10EFA400F3F67F0A02E10E2712EADFF3F3FB041EF5
:10EFB400F5F0E91B01022BFF1CECCCF921FCCF2F4F
:10EFC4000CE126F91A3A25EDF0201BFA09F20E0F8E
:10EFD400F727943900F824E127F3CD0D24CEFD233F
:10EFE400182102012F25F402C3C43624E3FEF715C9
:10EFF4002EE73DFF0732E00A0A0DEBEDD1FB1ED8E8
:10F0040024150B1EDF3208FB06CB21300E25FBFA3C
:10F0140005152609F2DB0BF8F33FF03C0AEBEE256D
:10F0240021CC0F1A06CF19DB0CE4FD4A0FFC3B146C
:10F03400F304F412DFD0264EF33E1B0C08E1C5E8BE
:10F04400350D0DC1EF2EF3D8FBFF1538F2EDD903C2
:10F05400EE3F400F55FEF63E2CDD13C72EF5ED0AAC
:10F06400E0E049E1041EEF39101431212836FBFC9D
:10F074001F0D2A543C1E3EA715FED1D1C232CDD756
:10F08400E6124B00F1CAF303CFF2487F12E0FE15FB
:10F0940013EC3C20DD46FBEA022C10223F350AFD2E
:10F0A4003614051B0614BD3E055505F0E608250477
:10F0B4000F1FE6F211280F236205EDE5F4F40CEFBF
:10F0C400271EF110FB593EE800DFE0122FE9390654
:10F0D400E6FAEF331E29E5F80DE831DA1ECC3326C3
:10F0E40020F70F1204FBFBF5062CAEF8C7EEDF2267
:10F0F400CC20E9D51CDA58DFEBCFFB13E0CD17DCCD
:10F10400CBEEF046C8FBDDFCD6E54AF93C24E30926
:10F114005CFE4B3A1645E8F30BF2D6F5E9E70DE34E
:10F124000AEFF219E3EE00C20CDBFA16B205D10ABB
:10F13400F3F742A7E2D130E6C737E1CCEA02EA3579
:10F1440002B6320A373D01F1F1281AF343F3E9E03C
:10F154001D07EAD557D738D9F4C82CEB9CCDD40A6F
:10F16400BFFF34EBFE365A0D2A04FD3ABFF4FBEC24
:10F174001AE4D625EC00E9F819EEEAB8050419BB3F
:10F1840026FC65D857D254F1F920300F1E51F9549A
:10F1940030D8501FA7EC0EEEF1D1B1FCB428F6CF55
:10F1A40007C657072B0E6B15CF43F2C1B84C14F3A7
:10F1B400280CE923B030130AB1032CE5F2B47FBC68
:10F1C40040DBD84CED08F015CF001A29121225AFF8
:10F1D400E30D29C432E0FACBE6C5D5E91A1218BA10
:10F1E40024A6EE67F5230921C50D29E9163B110272
:10F1F400D83EEB19A9F21900FB00D9EE050FFDF07A
:10F20400DC07F2EBF4D0DB12C4F9E8021313F400C8
:10F21400240F05061C1318E3E80A1A2516E10BED62
:10F22400CC19F0355E1716DA0704E7E2E00432AFD2
:10F23400064125DF81D507EA2B1D35D70A1D0F2F7F
:10F24400F9F725EAEE13DB1121D0DB44EAF3F40AE3
:10F25400F7E051EB340CDFF4EDD11A99FAF2F6131E
:10F26400031369F3B7F0DB28FFC730FAB5F2E11AEC
:10F2740009181A1F12F8F516DEFEE3F8F6172AE746
:10F28400FE0E0D34DBFA1FBE2FEA12141324F8DA33
:10F294002326F7DA38EE0F31E92CF40CF9FCEBE015
:10F2A400DC365C3703CE0EE4DFD5FC19E2F4090842
:10F2B4001B0F060BC6F9FAFA0124FCF0420767B1EA
:10F2C40010B6361AE94428E0C11A0EC6EAC92C0160
:10F2D400E719DECBF2080DFAECD816F10EFB061195
:10F2E40006C251F4EAE64D20BBCCC9F328F1D8ECB0
:10F2F4000EBF1F19DE40B7100D3C1600111704FF96
:10F30400091CD305050EE7DF18FD45D511E3441CA0
:10F314009140F3EBD6A20CEAF71FF9D60A4EF53565
:10F32400291D0B0AE41A006CE523F80A2E20F8EDD7
:10F3340000F0EE3B2302C23EDDFED020D229E100E4
:10F344003D35F30DEECF0ADDE3F2DEED044D1A1484
:10F35400ECEFC714D3E5351BDE3CB32404F4312BA6
:10F36400D0389EFBFADB27130022DCD260DB35F0B9
:10F37400F408FBECF2420523F52E0A0C09EBC267F4
:10F3840031EAFFFCE0E3F540BDF1E807ECAF0EE342
:10F39400150EFA111138EEFF0C0A24F21BE01F14AB
:10F3A400FB270BD7F4C70800E2DC10020AE3E0FBFA
:10F3B400F0EF3AD901C61A0B210C3302F9E4811299
:10F3C400BB0E42C86414E1140E23EDE7241F05EBC1
:10F3D4002F05EBD9D5F108FA08F21E19D426125CD0
:10F3E400130CE0070EE839030F211B0F07F9EC1289
:10F3F400261DD301DADCFF0C01F2F31220F421FD07
:10F4040029F5EDF7DE2C20E7FE061410432FFFF05C
:10F4140026D018200206EB1114E6E633FD05F81B8E
:10F42400EF090B0BFD01FFF017FE2817E41DF8B3DD
:10F434000E0915BD280436EA0C12FF06E103084044
:10F44400F4EB02E2F01203081E1FEA0A311C16FA5A
:10F45400F017E5F3EDFFC5EEC2FF06030B08F31842
:10F4640011001612FCFDF80AE3ED0DFBE704F1456B
:10F47400FD00020114EDE6E8DC03E61808390D9FEF
:10F48400E824F6F930EEF4E804F0E704FD07FB0A9B
:10F49400030EF4081229E2DB06DF191B0A0CEDDC6B
:10F4A400F2E601FDF106ECF709DE1221E20B0E098A
:10F4B400F7CC142511F2F8E51E0708F7240EE9D25B
:10F4C40003032F17E41CE4170A15080BEB1A7FE853
:10F4D40011ECC335E33525440A1604E512E90B0C97
:10F4E400FA1A1722F723D83EECE426E3090A20F09F
:10F4F400221BF2F62E1AACDDDE0F2C283124F1CBC0
:10F50400DB00BBF0DAE30110021B1E63DB210F16E4
:10F514000A04CF2AF6EE050CBAF10319F69AA9DF0C
:10F52400F20C2104FEE31FD73D40470E2A36F8D7DC
:10F53400FEEFE31107EBF23EECE81FB2381B3F127B
:10F54400ED2DE5FA1FE33E34360F8BBD0B20D104BD
:10F55400C533EFD4DD1B26F82C0E4E1845E3C52821
:10F56400B5011E357FFBA852E1F6E6B50B59B8CFBD
:10F57400E330F862352F10A7E617F3EF0EFA9ED0AA
:10F58400212EB8DA4F44CEF42637FD52DC170BEFA8
:10F5940023FC030AB6E91DFEFC21E11DF7164DFA12
:10F5A400E505FE423EEEE83EE8F404EFBDCAE6F8A7
:10F5B4000FBC02B815D327D031171F0CAD33B76673
:10F5C4002A55223EFE3E49FFD8641B0DDF0B2D3722
:10F5D4003328E5D651EEFC2317E012D30CDBF548B3
:10F5E400F2FB17E30D03FB3E50FBEFF5F2CFE347CD
:10F5F40007F41B1FF5F11518CF0FB9FF1EF77B1E7B
:10F60400ACCA0BE10836E7F6811CEDF6F61005F5F9
:10F614000E02F5D5211DE71C0209F2E3FF1FE2F5F6
:10F62400D30ED72CE9361A10E62CE7DBB5FEE9D366
:10F63400E300BA2227B5FCC0ED3D0625EB23E7F332
:10F64400101C0A20DF2006140C2231EAEA33F46B82
:10F654001ADADD0B09DD28C3E226121BD7CA1025EE
:10F664000AFAD5E3210A2B35D6F50BDDC8AACB124D
:10F6740018ACEDE0FF09CE0F091C25AEEA4C0713C8
:10F68400EBFF2AD5D5FA0AF5E623F0DE2039041C6F
:10F694004215D029EA37B9EF2BD6C7E41DF140FD56
:10F6A400E31838F837D7000DE1C431EC221728D716
:10F6B40050F5EFEFC8069CC616E8353E3BAE145E27
:10F6C400D5F8BEC33CC3BB6C26C810620AD3F2F3A0
:10F6D400DBECE7D1F002442206C6051BFF1636E731
:10F6E400D20626DAFC3701388114E507FB1C2BB857
:10F6F4000C15C9A8C8EE07FEEA02E20C1414FD05B5
:10F70400F665E0202903F3EE221AF9E316DDE5C5D8
:10F71400042AEC13EDE93ACF0F03F50F002409F99D
:10F72400034C550F0AC7ECEA45AFF5F29229010ED6
:10F7340026142A1FD0EE00FFC9FEE70DBEB7010B49
:10F74400EDA109C6E319DDED00191C350CD4BCEE9E
:10F75400EFE242063023DF1FC70200E9F642100140
:10F76400E6DDFFDA25F2DDEACA0DE4F71F0928E138
:10F7740018E617D3ED2A2AEE2E1F3C11F9DBA9EA6D
:10F78400E9E1D4240C0916680EC806E6DFDDE5EFCE
:10F79400B2F9041206E205E4F0DA11E8081BB649EE
:10F7A400EE1406EBF2F611EE0D24F51062C71BEC15
:10F7B400D9FA301E2EE91010DDF6F9D9EADBD8CFDC
:10F7C4003A55190EFA00FCC73A4FE0EB1B2D61EED7
:10F7D40012210E15E123E7D40C121AF805E98AE484
:10F7E400031AF12ADB0BF4E1EDF111E1FBDBDACDD5
:10F7F400ED10E6C7E7E921EC0912EC06DFFDEB00AA
:10F80400E9F2DF2115D6E80BDF13EC30F5EFE6CD96
:10F81400EAD30010F621E30B11DCD212DDF905F472
:10F82400F007F7C300F2E6BADB03FACCF41F001AC0
:10F83400F304351220D204011033070EBDFE071362
:10F84400D5DCE9FD4F0ADCE2FC17E30643E8CC2DE6
:10F85400080222292EF1DDFFB536181BE6273AE30C
:10F86400F016F3FF19D114FA0DE1F9FFCCCE1FE91C
:10F8740002D4FE1A080B0C10DBFC4B241323E70202
:10F8840014EFF2C9F407F0402613F3150222FDE346
:10F89400FBF417F2F9F0DF13FFF52D0705FDF7F67A
:10F8A4000308F0F8ED09FABF0D3C09067FF0021ACF
:10F8B400EFF7FF1C1506210CF5F9DBDBF8080A1637
:10F8C400DD1D01DF361BFE0FE80DEDEDFE3543D7E0
:10F8D400F8D20A210A2AF6FADD54111206090700A1
:10F8E40013DB1DE5EB430500F504EB1211EFEE12FB
:10F8F4000D090BCC08ECF1DDEC20ED08241804F321
:10F90400A5E022E5E2EEFA10A2FEF910FC20F410C4
:10F9140083D50CF611CCE9F3FCF5CE021BFAF917EA
:10F924001602E71618E5FCFF0FC800DCE007FAFC36
:10F93400BE24EA0331E1FF28E1100013E515EABE15
:10F9440008F6E3F139091DFCFF061F27E201D8D9A7
:10F95400F3292503210400F2072A18FF06B4EF0B4C
:10F964000D1CE2FA06271605C3FADDDCF1FAEDEE0A
:10F97400060402F90A031AE919E1D6AE0FE2F8EF18
:10F98400F60137DFFCF6FF090706F3F8F70104F484
:10F99400E2E12801110F0ADFE809E40FFA7F1300FE
:10F9A400D2EC09DF1C03F404F1331E09C80206F487
:10F9B400E8ED0D27DF03DD0D0610E11AFA1F2A1406
:10F9C400F4FEDA48F6EFFB12F10FFAF1DE05FF0C54
:10F9D400ECFCE1C2D9FFF00FE9F2E3140204170BC7
:10F9E4001BE9FC4226EAD1547E2E25A8A9D6111380
:10F9F400E037BCF1EBC92FBCE7D3DE0424EE26F9D3
:10FA0400BFE3E00DFCEED0F2ED42F730FF4AF9CB54
:10FA140047E029DAEE164CE41DFBF7E9C2E5FCC227
:10FA2400E228D30A1524E1C131DA1EE735BF141BDD
:10FA3400CFF60D1FE4EC35E2FB3BEDC225F5F5F303
:10FA440014C5E7F332F54317041238C8F8FC3F61D4
:10FA5400FA25FE21E713E3FF0D491B2216E8153CA6
:10FA64002246E4490A0EF6B50BFCD21DC234F8E96D
:10FA7400FB9DF4F5F8C4DA1A1AE2FEEF0A275F24B4
:10FA8400E618325705EF04F12307CFE026DDF2C074
:10FA9400C82BFBE1DCCFCA09D5DEA515C303361B91
:10FAA40002810100EE1FE0F9F705E9F914230CF1D6
:10FAB400E502CD2CCFCB9E28E2E8CDEDEA1E9500E1
:10FAC4002847FBD4245234E53EC32603A105E601AE
:10FAD4001E1EFED00621472A063DE7CD0E261AF249
:10FAE4000E2B123AD4DA22F3C42706E1F0E2F72807
:10FAF400F3FEF306FC0B0B26F40828EB370307EFA1
:10FB04003DD4002804FD16FE1C021AD035E225342B
:10FB1400DFFCE6D624EBD52507C6EDDA2BF5FCEAA7
:10FB2400020BFA10F6DC0114FD0C09C20796C5A7F6
:10FB340004F6BB0D1229E9F9FB1BCDF2DFC3F4FA7D
:10FB4400042610098137681C2728C133CCD87505D1
:10FB540009BE9101FBF039E7E3BED50CEEF82DD5D3
:10FB6400F1F709F61CEAF7210ACC43EE3A05E7124D
:10FB7400DFE4BABED7050BE708E414ED6DD1F54018
:10FB84001DDCB6E2D8C907E6CC09D0C51617CDE707
:10FB9400E4F4260C0EED1F0800E7D4E7DAD619EFDB
:10FBA4000FA2C9121CE105DAD2DD481408DE0BFAF3
:10FBB4002211F923E0DD07182022D8074ACACE1BF8
:10FBC400FAFAE5F23400DE080647CE0912EEF6E44E
:10FBD400452C0FF308101927E924F7DFDA55261A04
:10FBE400232AEF0024E454F5C0BBF459130581F231
:10FBF400544DF51CC9FE16021309AEFF09395B56B4
:10FC04001916204112FA3B0FFCEAFF0104EFF5A29A
:10FC1400A8C32B12EFFBEAD5EF08451AFFC3190856
:10FC2400041A13233ADEE2CF310ED6EEF714160E81
:10FC3400D6D425FCC31BF2F707EE3D33B6C8030642
:10FC440032D9F5B3ADFBD7E612ED4323F0F6B7E3B3
:10FC5400F4E700E33110BE1ADC3E0FE01DDC0FDDDB
:10FC6400F612FCC8D7B01A0FF2E1F8F30311D7F873
:10FC7400070BE339F0DBF3C4F4F9BBCCFA13E8B8AF
:10FC84000C1DF5F3AAE5FD5327B8161DCAE6F3CEFD
:10FC94001603C9EE0BE44F1134330C2EC704344B56
:10FCA400E372C700EA21C71142DB41DD10D6291FE8
:10FCB400DEED28F0CFC5ECD6D9DF0F25D33C1823D1
:10FCC400E6F3030EC3EA12E51C0BBEF843474BBC34
:10FCD40009A5D61B053E0452C7054B20E6F81912A8
:10FCE400F904DC2C242BC2DCF7D7E6E2D317D3BD0E
:10FCF4000032F80717CE330CC419C626D22D2C496E
:10FD0400F555E6C5E4FE2C0FCD01EAEDE0D0E6D8CA
:10FD1400EA81192913070209F03E362B24D7D3119F
:10FD240007FCF0E6EBDAD11100DE0BF7EA21510310
:10FD3400F00CE5D44D2B531DC1196B04EF2B0B08AC
:10FD4400DD2D94EE3E0EA3152C2C29132B19F0FD5A
:10FD5400C90A110B2315E6B8D80C2C1EFCEC0716A7
:10FD6400C74B183CD4E8E42107EA031EF6C2B82BBB
:10FD7400FD10193B47D7E5D7EA360127D220F4C84E
:10FD84004017C72BD364F2FC22D1E10EE7D7FBFC6A
:10FD9400EBF0F10DF70FE13708DF2134FF493E0A9C
:10FDA400DD29C6E01FE90B2FDB0E08CAE0FFED06D4
:10FDB400DEBCE7F4F81DEC0AC4C9B3F5C23BEFD1CD
:10FDC4003003073A01FB434C070604CFCE193E3AF1
:10FDD400CDF6F8B6230BAC32BED11FD63BCFDE0B2B
:10FDE400FBFEF19903E8F6A40F1829252ED1BD22B4
:10FDF4001EF3F526F9A1D50FBF26CD0BEC0A042B73
:10FE0400FDCE27BE002834D102FB0E6A0817D0E2CB
:10FE14009EE3F638EE12F9F11BF3AC0DCEDEFEBE16
:10FE2400D8F0D6DB101436E61B11EAE859E8DB29D2
:10FE3400E427E6FBF72DE52931DC4722C4FDDDDAB2
:10FE44000521BF18CEC162F404BAEFE8C8FEE60A81
:10FE5400DF27EB1D0BDA3826B03CCA3945F6D1E86A
:10FE6400C9EBCFF3E823E0F20421C4E139D7C5FE9E
:10FE7400C0EDEAFD1A43FDD023D3ABCDF0114111FF
:10FE8400D753C430FAB8E72ACE2EF2409FCB1EF1E6
:10FE9400F4EFF931020EE12B2C1D0F2181182426D9
:10FEA400FA54A4EAC609ED1874261EBCDDF91D2710
:10FEB400240FEC24967ABBD410D7332FCB1D27C044
:10FEC4000408D609AF2602E84E8CCC1DD5280CEECA
:10FED40012E3AA0E386ADE53E4F15C360B242D419A
:10FEE4001403BC4CB109DA1E4C2EA6C2E7D90FF399
:10FEF40007F7E4FD28E64FDFBD380AFE1BB3DDD566
:10FF0400AA2A122956D7AFEAD8013CFC4834310C4E
:10FF1400FF1118F22F16E611F3EEB9B0F6F60FE062
:10FF24000A22E22FC81BDC3D18D312F5FBF6E6DCEF
:10FF34000009252B37463EE7F74AF2F32CECD5AC03
:10FF4400D74C082A000EE4EBB43707F11CE71B2D4D
:10FF54000DFACF16E0D4F41F17D40A12C02D0701EE
:10FF6400E62BE0223CF0E4ACD201AEF321F64332BE
:10FF7400D6ECD70AE30714307FFB0FF1F7CE4777AF
:10FF8400100A1C371BF72C1700240EDF422ED81E34
:10FF9400E4C112F0DFFE11080F04E3C4D415365C8B
:10FFA4006001FF1AFB2261D0E9084E03D0E50CB1D1
:10FFB400E74A30F7C7170551FEF024D4F7DFFC0CED
:10FFC400E1019E0810BE1C5513FEDAECE5FDA8D233
:10FFD400E30C2ED5EC0632C5FD22DD21F84C47B1E9
:10FFE40036FFDB441A3B2EF97FED1F1CE6FCFF3085
:0CFFF40016B0D60C30F6D5EB1ABDE4E1D7
:020000021000EC
:1000000018F5BE0AE8DA0701EAE0273BB3E3E1FCB2
:10001000AC1E372CE81C080E041744C60EDF350949
:10002000DCDB17FA1FF2F5CA1B3002CEFFF4BC1856
:10003000E629C74F0405BE5C1EF2D41BD0F7142F6F
:1000400036260A1C23221D1271FDE7E7E6473CF81D
:10005000E5F4B90F1F3315F121083D03F65DFCC728
:10006000F0DDF10F252511FB1F1BF4C8EA2FBC287A
:10007000D0D825EA1BA9FAFDECD9E3C0EDB7FEDA2A
:10008000EF09472845EA28EE3C10E7CF06390CDB9C
:1000900001E7EDFC1ADE2007D738E54E1BEBED0C2F
:1000A000F2FE5BB6014505EACE24F6E70646BBF153
:1000B000E8F0C5F9F1FCD5F8282500F3250110007A
:1000C000E0112617E11614FC0FC61CEA1012FCF111
:1000D000BCC0F604E4F3ADFF2D0DCCDA3B07EB22F8
:1000E000009F4F1AE414D2FB09C70E311E024D1FA8
:1000F00045ED170522F00A12F30C09D7CDFCD9D132
:10010000EF0939E4B9F9EAFAD0291BFEF005FE1F20
:100110003101EF12E9E318EBCFF30B121010DF08F7
:10012000E610E8FCE02D0C311123C5FA243034EE42
:10013000F42119FBE513F8FF02020F0CDFED010DAE
:100140000BFB10F311A3C9F3F808EE1027F4FCE938
:100150001520C52CD010DF3DFA07FFF00AD2FC2C89
:100160002111EB15E10824073B05D118E41522E520
:100170001C18041F06F10AB41A0BF7131915EA111B
:100180000108E6EAB0E70D2707E8E70813F40B12C9
:1001900019EA16CD061D0EE105D0EBE11EE91305A7
:1001A000211BF4460818FE1ED8DCDD0426C2F30C21
:1001B000F2114C17EAE62907DACC35D626BE130A27
:1001C0002317B2DCE020FEEDE442F9122CF91D16F3
:1001D000033AFA17D1FB810BF906422E14F3F921E9
:1001E000051209D1D7FFC00611F208BF191301EBA0
:1001F000581DD1100E39EA4932EE03EE1221E40007
:1002000035231316EFFC0DFE03E7102F19FB27D142
:100210001AE9EAFB11CDF40403E9142A05DD1B56A3
:100220002B36D4120CE004EEE308EDE31E2E280B6F
:10023000CF1B1BE211F905E92F19FBF84D2411F72B
:10024000234B4816F42918EEB1310502FA40D5D1F6
:10025000FA2167A0CE24F813EE1981E1100F23E4F0
:10026000E1FF0F1C0C652DECFBD2FD24442515434A
:10027000B1D0E728E4F422E7231C1316E62DFEF69E
:100280001EBC2ACE3713C2FE394C2CE42FDEC80622
:10029000C4CE0158CD01F02EF643E91C4D01070BE9
:1002A00019090BE015390521FC15E61DF0F0F406DF
:1002B000FF0615F316B937EEEAF61804DF20181B0F
:1002C00001291B063BC5120E9B28160A0BFAD9EC16
:1002D00014F8D4FED8FF49EB09D94843E5B1042707
:1002E00021B7FAD2FF1D1EEEE7D1E2F781D8F8EE72
:1002F000D2A91430D60FBEC808ECE6B9E440E63304
:10030000D9E8E3FF2A2844310CE0EBF9A5261EF9D1
:100310001CB7082AE71ADBCF0CDCDB05D906C303C0
:1003200008DC3EF0BE09E8F0D3E02FE6F03613B962
:1003300008E325ECAFCB332A38FBFD08E0F324FAC1
:10034000DAF5FC0AE5CF01ADB264FCC10EE1B92FCC
:10035000EFC4C6EAEEF6B10DFF22D8E1EAD9BB3808
:10036000F62BF7A9B1C1DB0FF8D3E42632C74FD083
:100370000112DDC7DAD7E506EDD3EE231CFF010D30
:1003800008F9993CC3FAE1DCE7D5FF3509E427F425
:10039000E4FFBDA95308C8C0CBAACBE5EAF106D15A
:1003A00020230753E9F2C5F4C4250502DAC9E9E4BC
:1003B0001ADED7E94BF6E1F2222246DF075DD9EBE0
:1003C000EDBBFFE5E30DFEFB20FAE0D80DF3D0F224
:1003D000E201DEE73EEF53210113FDE91050F2F395
:1003E000FC25091F32B0EFD5108115E504F405FE98
:1003F0000A2BFAF9150F0014F1E9FF19EE0ED902D4
:1004000005010A09341404151813F70237170704F5
:1004100021F9E90453E9FF230C05E915F71A411204
:10042000190EFEFB04EE05E9041FDE010621130F81
:10043000EF160DD6100332D9F5F11B06111213F980
:100440001B21022D0308F8F5C1E7DD16172204F180
:10045000081300D2E3F1F2E1F61DD1DADDFF13D08B
:100460000AFA08F4030808FAFAE41C1F1404111924
:10047000F0FF0515130E060829F0E307F215092B06
:10048000FC081EEDF91DFCE216FE2601F3E8CCF98E
:10049000FEE7ED22E42A01E41135F8FB18081219F1
:1004A00011B8FEC8F52FF40DF7F0FA0907D6F600DB
:1004B000F9181A22E5E4E81A0D0D0B19F1FF1701DE
:1004C000201B03FA0BE355F10C0BF0FFE5DDF7D130
:1004D000E41C44FFDB0202530CFF261C08E0200F43
:1004E00010FC0A0DFF0B1EEFF6041035D91B2AF481
:1004F0000908D6C50C1C1AC9DBF82F4576240DFA5D
:100500000E33F61C771CE0777F08E332190C20309D
:1005100019A5E819D1BBE4634D5ED003AF27F6D926
:1005200001F0D42AD516F79EEB05C901DE5D27231D
:1005300026D0073311CB302E103647DBDEE237B042
:10054000F1F6FC32D11921250FC743DAFDFFDEB7E2
:1005500009D2481B44C9161AB646E199D01BFA12B3
:10056000D4345BBA0CF524CB310CDB208BEDB2C25A
:1005700030E31DE906A218480C030C2E120B77F588
:1005800040E51F0C30E7E7D1CC351F3D68CFF204C2
:100590004C3314F75313D00B5CF3D715BF0709196D
:1005A0001022F2021EBAA5FE1A51F2F0D1D43D502B
:1005B00056E61A04DDE344EF44F13D2EEA115C2FC8
:1005C000EEE7CA5CF5221CECE9371DD71F37D8F8D7
:1005D000503C99FFCAF0D942E50BE62DFB51A94DDD
:1005E000201DF32701051DAC0671C312D3D7EF10F0
:1005F000F2DAF4E20C16FBEDF6DD06EFF917F2D4B1
:100600000209EE2AAFCE1D04E400EC098113F9F2D1
:10061000EFF4FC0097D513192207F0F1F402DCEA9D
:100620001117E9030E1BFEF7F9E11C04F3062E0077
:10063000C0F9F839E808DA0E23DD2EE6E3081C01DC
:10064000DBEBE3C6F8F3E7D3FB56EAF809032FFA2E
:100650001DF31C1BEAECFB211411CB050805E30874
:10066000DFCD03DF29D79F0A045014F7F4032A22B1
:1006700011EBFCD6EB04E7B0E2DA1EE1FEF6039CD8
:100680000501F9FCEFF3F8F510FDD4F312E41CF6C4
:100690003319F9F902D00BEDE9EB0B20F6EBECEC9A
:1006A000FE55F635FDFD13CE20510B1E1A231BFA05
:1006B000DDF7E4D20D1005250F24EAFDEBEBEAE3AC
:1006C0000D0236E2DCEDB140B81BD15514DAC8C9D1
:1006D000F0D3AE0EF0EE0791C3FCF5E7F9E5DBFFD2
:1006E000FC1F0AD2ECC623F9DE02D917AF1333E799
:1006F0001404F9DB1CC6E429121DF6240E0D1F3666
:10070000101AFEDA12E1E71237F8F214FF41C2C202
:100710002BDC0813D5FBDCE5D9010E0FF9D7ECD3A0
:100720001A18F2F6F511DB172A2F2B1919D80CDE3F
:10073000F5F1E034ED002A31172108FD250BDB0C23
:10074000F2FAF5EE03F6D637E409FC1306E9F6E70C
:10075000F9F01F2D3020D9122B0717EC1D1AEB5B77
:1007600011DE0E0321FECEE4E6150204131F05E898
:100770005A150D01EF0405D7D028FCE8FE13FB1431
:100780000CCADD5E0903CC0C1ADB0602EBEF02C1DA
:100790001CDC25F6F41604FF12EC251310FB22E5F1
:1007A0000C00F247F62EF213EC4CFCD027D4F90DD6
:1007B000110319F90A0035046705030CE60DD4028C
:1007C00014E6DAE6F1320516F50FD00C4F04194B9A
:1007D0001DD8E11727FC0DC508DBF7CE267F24D7EF
:1007E0000523E30AF435D0FB05FB0BBCD5FC0BE776
:1007F000012A19D223FE9B99F2EF271D0A1DFD0243
:100800001DFE02CDEF16B7D50DD5E10BE6518BE1FC
:10081000E0E4F7171318ECA6261AF3394DAF24CCF1
:1008200019020BFCC21EF84BAF1AE0251EAD05E9FC
:10083000F84DFE0A5A0FC438DDFF10D2455BECCEEE
:100840001C420F2F1AEA06170A2300C1DA1C33369E
:10085000138E9D0E14E24DD2183F21DC8E293FFDF0
:10086000E0E3E3DA22F81C5207DB2AF9F9FD1D1355
:100870009E1AE1230BD8E105F3DEEFF204065045A2
:1008800069F2FDF833C5E1DD2253D6E22420D2E13E
:100890002D2AC43AC70A0DC213F0DC4CF21C09021F
:1008A000F222D7C10EC9FA58AC1D26E4D81E0BBFE0
:1008B00050C0F2D5CC96D05D5818022AF504D0B6B7
:1008C000F2D31E211F960F077FF6EAD2D36934C7F1
:1008D000D10DF7DCF412D9C7EFFF25BA0D2FD8FBE5
:1008E0001B0CE417D6514E3E34138E06004F17E210
:1008F00001DAF5D2E34325071BFB3AF8FEE20933A0
:10090000CFD0F0F34CF6237F0D92CC4203210AF7AF
:100910004B2742E05CD72E29317102D2D611FC0A56
:10092000DEA00CD11EC2220B5A0412AAF8B0E11AA2
:100930000B024243E7E71D0C45E92E1F0E3E070E52
:100940004DDA3C3102FA040CCEEC322E38F7EBF3E0
:100950002AE0151D34DDB131FA0D02486FD42BEDBC
:100960000F491AC7C43863D10248CECB00EACAE89F
:100970000FCAED360ACF4455EA0EFFA2CD072EF27C
:10098000BED91A2C2541F61F313A13E769F21A43F2
:1009900006DF410B27CBB236FDA0EE14D0DBDC1B0B
:1009A0000BD8236D05E1402755FC131857BAF0ED1D
:1009B0002313E724D61D0E2CE145E313F934C8EDCB
:1009C0004CFEE62F1A26EBEBCC211AD7352D01E091
:1009D00050CAE11BF2BBE70B2BE5219BEAF514E9BA
:1009E0002CE4AAF6143BF8FBDCDBF7FD5A33E5D325
:1009F00033DCFB2C1FED21DD291E1D4343282FFC7A
:100A00003FCE49FC18BE120D5EFEF92CEDF32F62AD
:100A10004F263E4C02D90A130EEBB4F318D909ED58
:100A20000401D81ADE3E15BF0B26DC570A0B532AE9
:100A3000142A00B6F307A8E222E7070ADEDFC0E7C0
:100A400034391C57D30E0FDB36DD422F311A20E12B
:100A50002B5C552E112FDF02A01ED4F3DEF232F1F3
:100A600000DDE81664F6D829570208E5A2D8E2C2EC
:100A7000FD07EC5D0CEBCBF721E0D307DA0F003379
:100A800003422DD12EF9E409050CEBB9E413E71E5E
:100A900013222020F4095CD014F6E2B6DBF1C82D55
:100AA0007F140392F7D0130154FB283415A1DEFF05
:100AB000DF4726CDC4CFFE010DA2B0DE49F52336B7
:100AC0004CBB84082F0FD0DADC4502641C3D742136
:100AD000FC07D241F4218FCC21022C6112E0E70BFC
:100AE00034EC12D91CE500B9421C2A0EEC953D4AA3
:100AF0000802C4C554FB27D504C919F121F8B1FE79
:100B0000F72BF8250805053109133A0D32B12707EF
:100B10001013BEF1C0BE29B3092F2FEE02053639DE
:100B2000B91FE6E20BDC213A49F6D0C01600D20D1F
:100B3000CD242626B23706F6F70F1DF0E3FB296811
:100B4000D308211E39E8F2EBF212A2F439FA322668
:100B50007128BDE2D4E6F2EE261B8146CAFB020CE8
:100B60001C0FFEEA2DF7A9E4F9D40B4F0E0FB01DB0
:100B7000FD0B61FC21F5FDFAF2C944D400102FE809
:100B8000EEFE33AE1C0B2EFF0F13BF365EF424ECCB
:100B9000EF190B0626F2CCF207CA10102ADBD6E8B2
:100BA000D037FE2DD444E5F9CCD7EE884FEAFE21AC
:100BB00026C7F551D3F6E929E2D2D9ED06CB453166
:100BC000C4170DD4DE101007EFD011F0F5CDEA08F0
:100BD000392A5DE7B1B8D20EF93CD101D229DF1430
:100BE000D3EDC0EAE0F04207C9ECF6D55544F1C1B7
:100BF000DA440E0FEF31C63DD81309103CF441081A
:100C00000DED6B101FDA27533EF4391D194AE70723
:100C1000DBCE3F371A52FDE31029DC3E2AF615D110
:100C200029C2FEF8E9080816FF121442EF0CF84C2E
:100C300041B7FC1E65F6973C11E318333E0DA6D173
:100C40003B0E0C0FF32A5469B8E55133121EFEF324
:100C5000DB08281E2AB89322F0F34D044681E1D226
:100C600009FA4EBA53BBCAD6210B150BB4CE0BA74B
:100C7000310CEA25160815ABEB1CDA19E9033351E0
:100C8000483A315115E9025DC5F82210DC1CFDA57A
:100C90000F31181DF7FC2C3042EFFFF6D40ECD417A
:100CA00008D531F32AD126D048EF3EB521C6172604
:100CB000FA3708032D17FA5AB509D0090116004A68
:100CC00017FD0EE6BED19FDE18CCE7711C174C1045
:100CD00050B587C52B0A101AD6CE1CDCF531F41797
:100CE000071FFFF62E5FFB14094409F716001C10BE
:100CF000DAF4FC304AECE832ECCDFBEFCBD6B5129F
:100D000012E128C5B602CF10A21CEDDABB1EF32CEF
:100D1000384DF3FBEBE0F1151F20E328F0EF8110D5
:100D2000DBEDD107E7F325F31C0815E4EDE833F913
:100D3000CDC7E5E8B123E30E1E2D24D81A15F228FD
:100D40003C02EFD9FAEEE6EC1BF11803260B1DE08E
:100D50000B02211FC51FCD6DFBF0F406E61514171D
:100D6000DAFED4E415EACD12191741094825F40C2E
:100D7000E40F3628BF03C3E21EE811D6FCCBC5C979
:100D8000192C1C1B1112F11AFCD61CE2EF12C6FD25
:100D90000E26E4D70DDFE9D0B045B9F82ECC31BC32
:100DA000EB414F1C1C0BCEF8FE050CE1E6FE26DAEB
:100DB000DADDE2EDFEE5E919EED2F7F3E71F0D000B
:100DC000291AE8390209FD1E1A10CB1B3ACF13E885
:100DD000DDFEE81735DEF9BA26E7EF29DA28010C3F
:100DE000C62012E7C1262B1116F100483DF416E08B
:100DF000E01E1BF8ECE5E7DD1E0A1A0FE8EB24E322
:100E0000E9EC3CECEB30E5FE1CC2EFE117DE0D0136
:100E1000B62011C4310E25C5280114D3093117E0BD
:100E2000D8FBECFDE03B261537FA0101EBFCF9138A
:100E30004E26163CE41A1C19E8F619FBD6D7D40343
:100E4000D1E8E90825CADC0D4206D417FBC106F833
:100E5000071EE66213E901E12F200D1E1F03E73C88
:100E60001724DA17E2E301EC38F1CCE403DC0300E9
:100E700009361F010BE8EB16DB141AEE3D340D2981
:100E8000F3EDDDEBFD1B243911D5104600F1140CF8
:100E9000FED42ED6E813E7FD1B81100E2C001F3464
:100EA00033C20A26E8170813F0F10FF84529EF12AC
:100EB00005F0E21508FE021604E021F508E0E51849
:100EC000DBDEC2E1EC2F08CA26F9E933EADC0CF1DB
:100ED0002936D0042E21C407D7F8C8F1FC54F1E418
:100EE000F728CC190737F9F9DB0647DCE020E20FD9
:100EF0001423E743D511E702F807CB19DAE703EC2F
:100F0000502B10F492EC39113111E309D73056F817
:100F10002DC5ED07D5F3F0302FFEC1472026FCF498
:100F2000DCE014DAFFE7E1F8E523131C1761132373
:100F3000E00022A709D82CEE42121D094CE4EB2157
:100F4000DB16DEABD94CF0E8D449ED1F114805DEC5
:100F5000E1FD269A07A3BCDD8A0EC6BAE58104F33B
:100F60002FDB23ECCB0CFC3A22BC13D704EA78FF2E
:100F70003DD0053B0A472D361024EB36042D33189F
:100F80001B0815D03BEACBB3193FDC29DF2EF0EE6E
:100F900000E1E245CD1BF82117742EA8022BE80BC7
:100FA000DD16AB053931C639FCEFF021DB232BF61A
:100FB000FFC9663941E9470DDEC210F82B66250EE0
:100FC00006210F1AF10015F3E9DA27F1D4FD2DD32C
:100FD0002C0C0CFF1A31204804F45E2122B721109A
:100FE0001AE236C040CFF7CDC83853182905170A82
:100FF000E9F01D2B1DE804E831ED1F3CE72AE8E885
:10100000F005E4E410B5D93C21631AD1D3CFEC3616
:101010001917F153BACF15AD18E8C9090DED8513AD
:10102000B0F9F8060DCCFDBE3D7FDECED0234CCE10
:1010300046D4E5FBDEF7071878D70ED7F74EF6242F
:101040000A24EEDB17312C23E2024CFA3A7711FD29
:101050005DD25D0D24089A28FCE019E5192B105B80
:101060001C58E8D5F50EDF2E27D8FD51411B26165A
:101070004AD305FAE9D002CEDA1542E914F1E3F5D4
:101080007C404C3EF9E71D900DF3EA38B120C7D5FE
:10109000273624C71CF815F2B700FE4956C9CE28DA
:1010A000DA3611303809FF03D61301E4BED8FCDE6E
:1010B000FEFE67400930501709FDFBDC512AD23390
:1010C0002217F151E831B61BDD191235020BE0266B
:1010D000123702DA35CDF011045E28F1FB4FF938F2
:1010E000CEDE260433D206DE0BDBE5122C5D38BFE4
:1010F000EDEA591801E2D5E0F2F629FED1AE110B66
:10110000CCD7FBF6D8F3A402F5F6D4C6141CE1A79D
:10111000F4064DF8273A3C02FFE735F81F2CE2C7EA
:10112000D4C813C8E4DCE21B24CA1F1D4DF8E8250F
:10113000E3CDDDF21DAA2CDE81DEFAB90719EAB192
:101140004EE4BE05BEC0F40813D8D5F3D4D417F6C8
:101150001BC42E3212AD0FEE03341E20F61A15A258
:10116000C906E60707D24EC1F2000A0EF2E62435A0
:10117000F005DFE906D04E1BFA9EEFF91AC4D50739
:10118000E4FE36D18BB8422EEAF22AF7C9CEE1FF4F
:1011900011420CF2B91BC8A4DC05E34CF4DFDCEB14
:1011A00013C303E3450116E6EDE3FC03D349C01F77
:1011B000BD1BB6BCE3D4ACE503DCF16EA40823DAB6
:1011C0002CF1ACB4FEC1212B41EBCFEEA8221EB412
:1011D000CD15C1ADF93D083001EF09DC002B43D43A
:1011E000F9D024BB122814E007FA16120D07F012EA
:1011F0000CF9FF0FF5DDF92D0BEEDCEF28F536EBE2
:10120000EC0A25D93CE9FBEE150C01073C07D20698
:10121000C123E31A1F1CEDEC14FF26061CF4041571
:10122000D85F0DF90D1408F50728E709EAEF11E179
:10123000DDDD080D100CE4FD2FF3FB0E2410FC0A7D
:10124000FDFE101005C3373F0A05F310100A25CF25
:10125000E8EA2FF9F8FEFAE3032013FCE4500B81CF
:101260000FFD160E0F361DFB190BF4E4EC12D70917
:1012700010D9190A1FC218F0DBED0B0619FBF5F99E
:101280000C1A3010EEFCEB02E7EA19E2EB10D6067E
:101290001C0D2AE905F605FEDDFEF833EAEFE30B47
:1012A00017C832DBDFC205F1E6D30F0CEA07E2D242
:1012B0000E0A0E13E606DEF31D0CECFEFCF1F22D19
:1012C0001B0AE225EBE741E912FB191905ED41354F
:1012D0000DF42C01EFF9D82C3CF02D150A2CF94017
:1012E000EEDF15EC17FC0ADAE9D842F67F1ABE0ADF
:1012F000110AF82210D5EDEC0E032038F82A190E49
:1013000040EB3CDD3DD1101519452CED13D4FC0903
:10131000BC0832FEF0FA13EAE50C05F1184347C9A0
:10132000370DDD0A0A5B03E8E8FCD415C745FDDA92
:101330001FFFF4013FE4BBFD25E6F72CF52AEC1A6C
:10134000223514080AFD321FE1E520E7BF17062603
:10135000FCF001F407FAE614FAE314DD17F1CE1BF2
:10136000FDFB19E037A51BF34BD70E0DAFE03B0E8D
:1013700009F3F0402017E1CAC406E501D20C033E90
:101380002003161F0DC8F9E0FCEDD3E4E312C20EF2
:1013900022F8F50ED8F332CA0B1B192BC72CCE44FA
:1013A0001FF6050D1D063DD7EDF3EA18DEE422FB1E
:1013B0001B350AEAF8C7CDFEEDCBEAE339F536086E
:1013C000F30CFD27C9ED01F53705080CE21602E123
:1013D000D936EFE0EA02A5FA053DF713140A0BEC43
:1013E00017CE1CED0B14EFFA01C211002AF5BF163F
:1013F000FBD41724B5F00BFD44E2DCDEDA28EE81E5
:101400001242121693CEF8F40C1110E6222201DAE1
:101410000228232D832AE1BE0D08F0EFDE2BCEDA61
:10142000FC3D331E0BE3D03CD519D80DFEC1EE4177
:10143000A6DDAACFE52BBA36EDEBC23BF43609C6E2
:10144000372715C2E92C0CF307301C06066A2D1944
:10145000DB130B0CBCE40EDBFF221E08F5D5080FD6
:1014600007E31626D612E0532AEAC9D2DB0CEA02B9
:1014700027D5D40B3BF1260EE9BD0219533FE9EB0A
:10148000F5FFFAFE0CBB25F2F5D733F709E825F98D
:101490000FC8E31E05BCDE1AC637EFC7F8EFD4202D
:1014A000D5EDB8FAF2FD08E206B0DDFCB93CF7E98B
:1014B0009CC4FCE5E822D3C80ED905010BBE160B6F
:1014C0001824DB32FDC6BBF13001EC2FF11A1C1CD5
:1014D0001C25E30BA111C1D419AD52E5D9F6E012D8
:1014E000E8D817AE141EEAE0EC1F01C110C90A319A
:1014F000C8E7F13012ED09F8DBE4F30AE822090B42
:1015000003FDFA08050CF90CD04620BBB5D4291709
:10151000F0E4E6D5A3E70517FDF414ECE706C3E90C
:1015200004DB0E0F2C1416D90E2117070B2E1B1AD5
:1015300009FDEFEEEEEB10CF0E1410FBD4E910F422
:10154000E9DDFDD608051EE8F009000218E1FCE01F
:10155000DBE31ADAF6EE09271CD8F521EA0CDA08E3
:1015600033FFEDF81003A9FD1C10DDFFE5E81A308C
:1015700033F709F10F141BF12A13682B1B06C4CD96
:10158000D00CEC02DE0B070009EFCAEEEBCE130F16
:10159000FB0620E100E507EB14F4FD02221201072F
:1015A0000969F2230D0B81BF0211C8294934131FA9
:1015B000D3FB2A0B0224DC2EEA3BEF01F00D01FCE9
:1015C000E7F909EDD435CB41A307D2080800CD0BCC
:1015D0001631F1E815EB26ED212BCF33EF0D141961
:1015E000DAF41200F7B4E71E1F192A0EE926D127F4
:1015F000EC0D21E10F051BD612031B0E161007324E
:1016000002390FE2E400CE1429110C0A7FE5EEE561
:10161000E8CE29ECFA2030CDFD05F4FAAA1F1AFC19
:101620001DDCF1E8410D2C19EABF131E2DC32CFA65
:1016300027F518FA2FFA330009F80A1313EDE70615
:1016400008BD09D9EA0215C7CF192711F201F6F32F
:10165000DEF1100C24CCC3DB1C07F43824C4EEF8F4
:101660005A1A07F0C6E514D7E6DADC300DDBF703CB
:10167000112FDFEDE609F4E800F126100BBBE5259C
:10168000E0DFF0D5E60D470A212B1B1B100DE50707
:101690000924FEF2F611200009E21EFE1EF7CA25FB
:1016A0001E110A0226D116FFDBE75D0AFD17E500D1
:1016B000F515C11AF7DB1EFC06FA3AF51D1EC20429
:1016C000FF084AC61DEB13DB04DF4527F40E301676
:1016D000D3FDD324361516DAECF7DBBEE0F20C05A9
:1016E000201BD22845F0D2FEFF21DA09171038E37B
:1016F0000101F0E71120F217F60F2B1022FDC92F80
:1017000026DB0E0DF5DFFAD922D12D18E701E31EF5
:10171000FEE0200222D1F858F7152100D9120F1946
:101720001CE601D1B727DDDD01E2D905E424FEE99D
:101730002E2CFA16EE18E40E44F81EE91424040FB9
:101740002C21123B05DECF0015A6ED2619E215FE71
:10175000421BF80D0AE2153EE81FEBEEFAEC002BF7
:101760001C3617D33AE60BFFE2F5F836FAC5DFEA86
:10177000ED0BF6F2F3C8D6D20114D5D1811A3FE8A9
:10178000E618FCFD2810C0ED0024F7D531EA081357
:10179000E81204FA1F0AEB1828E60537DB04CBF041
:1017A000EF3519FAE2E3250638F3FD220EE3C30E06
:1017B0003A32CEE6139FD808F5F4F0D6DDF6F6F40B
:1017C00046E901B7E6ED0AE712F2142025FF030708
:1017D00032F4EA072FDAD2342D0DBF0B040A1FD8DA
:1017E0003C1BF72CD22424D9E7E0E300F527F207CD
:1017F00021BBF9E5E5E11CD8E4E100FCB60BD4EA35
:101800000D1554D9BFEECFF4C8D3EAD7CD1D18D1EA
:101810000B01D7EDFA0A1814F5253CFFF6E6ED1199
:1018200017EB33EC120A4722F1F917DE320909DE11
:10183000335DFECB0B22220DF406D2F1103FF9EFFF
:101840000B2AF3E3E3E7D0F11BE6F3E7DE2535EE01
:10185000230B0032FD07F408520D0BF8DDD70958B1
:101860001404D4EFF0C2FF17E90007E9C2EBCFE19F
:101870000118E4FCE926E9F430011CD2042CF91A21
:10188000DDDACADBE10C411C18EBE4ECEC1A1918A8
:101890000BFDF70524EC0BF600FD021D1AFE2EF5DC
:1018A0001923032FF823011E1CF0DA7FFCF50FD556
:1018B000E01B23FDEADC3D15D73307E209D015F91B
:1018C00042F70E0B06EB1FF71222FD482ADD5AF8ED
:1018D00008EDFDF3262AC7D3F9CF03F01CC40FECA3
:1018E0000631EB002FECE2333025CEFE0E1659CF39
:1018F00008342DF730C4F800070FD1DDCAE82B16E5
:10190000F636E9C121DEDFF081F3D3EDF4FE0D34CC
:10191000F739164C05EDF431E8EA07072A44E834B4
:10192000C714DB1EF6E4110F2A55BCE8D22452F48A
:10193000C5021E57CBFA11001BF3EE2CEFFAF1C0D3
:1019400019DD01091BF31CF460F4E9193DFDE0FE0B
:101950000BF3DB5E1C29D213EF42FC0DDD3B2DC6E1
:101960004711D40A3C601410603131CD1D4AD22B8E
:10197000041BBFFC3EEC2CDF0BE41B071820E31319
:1019800026093C1CDE10E01804C608C4EFCCFFCAD0
:10199000EEC1F300C83542979B0CA2F1DEC3F0CE36
:1019A00006CE343832C8FDFA141EE43311BE01FCF1
:1019B000C630ED2AAEF71ABE360B060B20D016EE57
:1019C0000E0A8F25A6EF162E19050F0F1325FE18E8
:1019D000A31E0B00F0E9A50505050727DB28F51276
:1019E000E8FCFEF2A300E6F40237B1E9DAE54A10BA
:1019F00031F92EE43E06DE050C083C2F061B1E0BBB
:101A00000AB0DF213322DED7E209E930C425E6F14E
:101A1000ECB0030911BCF430EFD3F61C17DE13F35E
:101A200019A922FCC5F1DAD901A14815B0E32EF9B4
:101A3000FAFB05FAEA0B0E4011CC2BC8201FF73831
:101A400027DDFC49EFDDDAD5179B133B3205F5297D
:101A500016FEF8443D201643F1250013E30B155004
:101A6000283323EB13F5D202DF011E1304C2DFCAB1
:101A700017FA0B15E3D9FEDE4460DC158125380A20
:101A8000112AF407BA36E0BBE8ECBBC61BF2CED392
:101A9000F44014DD132B4E5C1EEFA90CE0E806CADF
:101AA000E605280EFFE301EC51F9CD1E4197D20463
:101AB000213DE3ED249101E444D3F1CFF0F6B909DF
:101AC0002808D7C8C4FA0FF31037D2EE271EF14307
:101AD00020E1E8F444DB3D193D31092C4CD70A19CB
:101AE000FDF41265F3FC29C349EDFB0781C0D21454
:101AF000E6E402A5FC6A042656D526F724CBAF03FC
:101B0000FF3AE646E8D41126F5F10F3328FE5FE0F0
:101B10001CF6C0CDD7DC174FEE150FC1AF060C4138
:101B2000C8EC02E50F28E9082C1AA9FB1DEC0FF6FA
:101B3000FBEE33FFCE025CCB0E0D4E14052C551B75
:101B4000BCBF3A32E0E1EEDCE64CE0FB32040F06CB
:101B50000FF2E7FAD209D8D10019C200F206DE2945
:101B60001D45F6FAC6051C09B0F7D7442201DDE58C
:101B700007D1FAE9EDE32318E1FA3CC5E0D409AA5C
:101B8000E60AED22F7FCE5D6E54613FE280AD5075E
:101B900035E012F648ECEF2227E510E6FCDEFA46C7
:101BA000CD0D55DDEC2B06FFBDFE05BCDE0A06D9CA
:101BB000F8C4FB49E4080FDCEDF323D8F3F312DAA1
:101BC000EC2613D01006111BF12E502FF0C7D1C6F2
:101BD000C71B5BD9F5CD070B0AFB00F3A8D5062A76
:101BE00042C8B82428EACFE7F74625FE16F6FDF6E8
:101BF000F4002F1D3EE9E33E1C1CF3E4E321FDED60
:101C0000081403FAC7C8EAFDC823F8E7D72A17ED76
:101C1000E619191DC90DE7DDDEF60529E80CE3ED2F
:101C20000611102FEEECD52115F9251EF5EA06D880
:101C300029EAC831D2CD0E18FA19F10F1E18E9F4AD
:101C4000F7DBFD9E121C1F0CEA101717F5DE060AC3
:101C5000C4EF07D8DBE3EE5441032A1B34F4DA0B5C
:101C600002DFED03FC01BAE3D01B1ADD5F0D02F5C4
:101C700019EFF5B1F203E5FDC50040E918E6A4B699
:101C800013DFDD4FFCEF17F0F00F1FE1F7F7F5DB87
:101C900002FA2CCF0DD7D2320B0F312217F318DFF7
:101CA000D909F22EEFE8DC0A00080B0519E217F952
:101CB000CD0EEDF31E2A01F8EE16E5FDF72DFEE43C
:101CC000FDF941E001D70F32F4C0F20E15F1082EF4
:101CD00008D3AAED31FE7FC4E2CAEF2613F643FE15
:101CE000E4273B12250CE50D00FD12DEF7F833E585
:101CF000121CABC8E251EDF83DEE27E2150DEC1CCD
:101D000005082D3B0CF20337F2E10F21E401380501
:101D100030F1CFEBFB90281E3D3802FDE615FA347A
:101D2000CDE3F5F1150507111D07B9D6F3081A071C
:101D300011FE1DFDE10D14114AEF3C013355450F15
:101D4000E1150F0AFF01F5EF1A04090EFC5242D00B
:101D5000570E3505ED28B805C825D7CFD7F5457FEF
:101D6000E02615DEFCF3EC07E40805E7E71307B40B
:101D7000FAE80346F5E91600150209E7BE24F1DE8C
:101D80001AE5200F44381BBE133903EA49EF02FF5E
:101D9000FC0BE7113DEF59F534622000F0E1F2F35E
:101DA000F9040EE7041118EB3D0D0C25D2072CE8C1
:101DB000170B033903D3D0350205ED1409E8DCE233
:101DC000051801552BE4E7281F3E0A3809183CD4B2
:101DD00001FD4BEF2AC5CD1228F324DE05E6E6FE11
:101DE0001ADFD00B10352626F4202EAAE325F2FDAB
:101DF0003F15E9470A1BDCEA9C1B315A590B5B383B
:101E0000F904DE230D28DEF547FCED08EBF2061A97
:101E10003CCF2A0A15F11B1606D2B5BA14060903DF
:101E20000AE621384214BDFA0D1A56FB0810D6F600
:101E300024EC10C73504B31F2456F8BE45FBEC0F45
:101E4000E4D7241C30213A1EB30709EECECBFB4366
:101E5000BEEEF6F324C3F046EFBEF1201ABAB20F7D
:101E6000BD441CA1EDE007F0F9CD17FF14E77F1783
:101E700006F4DF1CEF36F525D256D135FBF9332AAF
:101E8000E017ED1530F9F52A0118000DDE0EF9F016
:101E9000C80737FAF0EB104F07A22A060A1DDC1319
:101EA000CDD7F201413604EC2F2522C001011ED10D
:101EB000202104EC3145E73FF90416110E6912DDCB
:101EC00002DC67CE2F4A2009001BF0CFEAF1CF3C9D
:101ED00074D2D10C49FD57EFB41BFE15E6D22EE7A4
:101EE000D5B7051E3237041FF1F3E60A093BFCCFD4
:101EF0000E09F8F011F707E6F9012DF7EBEE2903CB
:101F0000E5D909EE12080902E0F4DE170010EC2111
:101F1000E3191011200913DCFE130E030D04EFEA80
:101F2000EF0426F6F81ED73012F0EDF613EEF304A8
:101F3000343A2C1932F11AF302F81117F1EBEEDBF7
:101F4000F810F0F209E00F2E21D8D83326DCD62E77
:101F5000E0F6E7CF2FF03B201708FAFE160CF9B693
:101F60000F1305EE09F57FD41A18CF14FF0235249C
:101F7000BF0CBF0123D20B24FFF5052B28250FFB37
:101F800016F5FDD0D6FFEA39F9013FD0EE221E1A30
:101F9000F32938FB061DF0D7E8E2191E0D1CD0040A
:101FA0000002EC17F501392A06DA35E71C08F002C1
:101FB000181E2DDE1C06C3DDEC01FE20F2FEF2EE43
:101FC00024FE42E6110A0DFBEE0301CBF2390C0EA2
:101FD000F2090115EAF6FF010620070E0DF30AF8D3
:101FE00033E6EFDC2127EF24FD3C91F6F6D8E8F547
:101FF000F2D0091A15080F1A01ED171200EE141B82
:102000002EE4E70DD0FC1AE3EA1103F781060EE88F
:10201000E7F42215FBFFF21A02071402ED2DE9F98D
:1020200014040EFED2F2F5FAE8CE40ECF8F1060AFE
:1020300020E12424D02DF50102DC40FAE32811FE32
:102040001AF2E7D3DB09060402EAEC000F11203490
:102050000C174524FFE1F232FB0609E40FEDF5F120
:10206000F1C60C0E08D1E6F0E41B25283CE10E0376
:102070000CC306BAE335D5F3D9C322E8BECACADA1F
:10208000A5DDEB0BEF350304D71AE1E80ECE12ED18
:10209000131FE9F31DDBEF3012E5FA2BE302D4D571
:1020A000BD14340BE11CDFC56C2DAF070E2DFCFEFB
:1020B000AE06B6E32124BDD6F62BECE7FD32F909D6
:1020C00006EA15B2BFF9E11EFCDBFC2201EED6D414
:1020D000FFDEACE8250A5AAD17CEB0FD06B1FEFA18
:1020E00007FF301E0EFE02B71AD224DFE8061620C4
:1020F00035290BEBD7D3FAEE25E6C4BB1229F8FC41
:10210000F4EB7FC12EEE0833234940F53FBE2C0689
:10211000E83F21031AB602FC1DEA0B0C3C510605F0
:10212000EC31E72633F44AF0F402940BE5E0F108D1
:10213000D82D2F0B3622DEDA1BCEE622F729E51149
:102140000B520FFBFB28F51DC523161BF0CC130902
:10215000FDFBBCDCF476310218F4F827C0DE37F062
:1021600012F2394CF8DC25F4352EC810C938FB13AF
:102170000B1A105A25E8F5013D150EEEC8F0D3B044
:1021800015EC40B316082C38100149FBD521FB0A89
:1021900018FC1BF1D4143B00FF24ED0E1914FC3085
:1021A00044FBCAEDEF106EFC15012C231A210EFA28
:1021B0002119EE178AD8D61703093A024EA6FD2236
:1021C0004842083019F6E83005292604D2FB5701A9
:1021D000DAE62B01E213960D11D922C822EE024A4B
:1021E000F2DCF025DB1518FC27F8E10A8133F7F95A
:1021F000242904B8ED2AFA19F51207F037BE0603B0
:10220000F435AC11E327E50B13D0F93D2EE7EADBFB
:1022100047C0EF16FC3111E70D14E3F3CAC3232BBB
:10222000250B050432E80832BA11E60121CDFF156D
:102230001AF6371C0E2A4239BE0B2B1801CD1C038F
:1022400006ED390AEE0D44D7DB1B18D6EB38FAF24F
:1022500011FC02F01AE9A8EE260E0FFB33C518FD9B
:10226000042DFD12B7F51DFF02EF082D0E22DD0330
:10227000E712FCC1E30833F1EBF6F4E3F6C9F4EB43
:10228000E8E9A71C3D1CE6020E3D212E1415F82C92
:102290000BF1E7060D2B1D333EF027E721F1E01C83
:1022A000CE01F5DE1CCE1546E7273AE5FD25CFF138
:1022B00025050C0EFDF950300FED33E40B11E6EA65
:1022C000EE1840CE3A0307F4040A49E73C19EB162E
:1022D0000CD3E027E02106E3EEFEEDD7F6D8D3D508
:1022E000FFF0E41417FDD71B0055060411EFF307A8
:1022F0000B1E2705D5FF171F0212D0F7F0D7F9E6FE
:1023000007132EEFF506E0F5FA12161DE9EF191185
:10231000E304F91932F51414F6EE3838FB0E27FEF3
:10232000EE1EF21D03D83E061C181ADBEC00EF214E
:1023300023340022093D090D16FBF615101CE7EDAC
:102340002148232F090F1EDC350B0AF7EE1513F178
:102350003106E014FD274BD722F2FCD711F4332DC0
:102360000FF4DB3BE6070D1D512343F10318DBE9B6
:102370001C0429EA0C1CE818F70EE202133AE806DE
:10238000050716D8DA2436F6290EFBDFED180524EA
:102390001F08F0131B0820E2E235DC060818F331B1
:1023A0003B19FEC0ED391BF3102BB37FCC63DF1854
:1023B0000406F0F4ACC924F0ED3827DE26F0E3F390
:1023C0000E3DE94110E9182B0F0F2F0ACF1509FC1C
:1023D0000BF53133E506BCEF0E162AFB3CB7F919B5
:1023E00007D2DFF0DA1CF1FAE30FEDBF3107D3E6D5
:1023F000E801FD2D03FCFCF93DE8FE25024717F23C
:102400002FF737FD1AC80A09F4F823F8E9FA2A0E5B
:10241000F906EDEFE2FB090E1B27C4E1F0E7FCF043
:102420000EF01CFBDAEFFD27FBC246FE04110BE1A8
:102430002AADD00002DB98E713FE29D90713020D5D
:102440000408141B0719ECF5E7093901F521E12906
:10245000DD0E0BFD06FFD60DE8F3250507E0DF4393
:10246000D1FD19D1E8A6CC140AED1613D1E1E9F299
:10247000FCFCDD10F928ED03FB0B10E3E2E4042E75
:10248000F0D324F8F00DF4F0F4FED6EBE72312FEBF
:10249000301A051237F3260AE601170BEE2EF5F275
:1024A00007071ADCEEE701123908FCE0E4ECF50658
:1024B000D32D11D909E2F5E2EFFDDD04161708EE80
:1024C000F3F0F8D726F6DF14F003E67FFCF9F80FF7
:1024D000020AE7F7E905F9EA08E3EA07D6E20FFBA3
:1024E0001D23190726F60FF3EDB7140FDD34EEFBAD
:1024F000FAFD2013D6DA2C0FE928E6FC25F5460E66
:1025000010D7F3F53EE4010233EC0CDC45162D1830
:102510006FE6131A5E1A07142410F51E30F910FD29
:102520001916DA09D6D111050D1FEA160D2023055B
:10253000EAD5D6AD0519FCE108F3E7F4FD01DCEFBF
:102540002211E223EA2F10E1C5040202260BDF0864
:10255000061679F3EC09ABEEA6F202C9E6DEE3DF7C
:10256000E023E6D5ED151D11EFC415121B1203086B
:10257000F1EC0F3E17F517EB19FAD919EFEDEA0256
:1025800016FA32DC140903D9FED206C7DE0AE4CB00
:10259000E73509F8F224D4CFF8EBFEE8D9EFF6DD01
:1025A00002C1F5A3FFEFF50FEBF70DFBCEAC070370
:1025B000C50FF5040810E61DF9EF1201FC08352CD3
:1025C000500ADEEE0EF70B052822E111B5CF1C11E3
:1025D000E5FF41D6C6F22E7F16EB081DBF04EBE8DF
:1025E000F70E2809FDE62103E426D4FEE81B1FD0E0
:1025F000FE190FEA2037D71902EB03020A2B060C4B
:10260000D5DAE100CD5FF8EF2DE4FE0C150BE42ADE
:10261000F70F122447ED21AE0D34D93E472A331E61
:102620001AC11FFE01D11515193C510D18042DD2E8
:10263000153C1CFB1EDC56E5C72ADDC4334606B339
:1026400011022112DD32252D0AC500E8EFC2F8443F
:1026500016C9FDE526EB56152E07EF99EBB51B9B2A
:10266000CBFCF5F030E14F21DDF620072CE45C5087
:102670008CBEA0FE02F7427530B1F2EFDA25FEEA19
:10268000F44C17E4F1080D0CE90429FB1D16F315B1
:10269000C9F6FDF2BE4BE5BF26EC070B2853DFDB86
:1026A000C321D50510090C3BD96BA40B080C22DA09
:1026B00021F825E532D6CFF9F87F391E0E4A03F30B
:1026C00013E920FA32BDF93DB71807C8D2FCD2038E
:1026D00001FBD3E219FE67E9F2E31BD128E208C04F
:1026E0000E0EF0E3130708D1231E11D2E2B8F72330
:1026F0002209F3000E14473D39170510131216F284
:102700000A340D0737411E307A020F000CF924CD30
:10271000F4F8342DE9F4F4F9342FF80DCB1E12251A
:10272000FFFAF62E35F8F7D7D8F8263DE2FE3052FC
:102730001EF909161C0040000FFE08350E3505FE77
:10274000F1141B13053A142311133515F31725EE55
:10275000F8340DE139FB14E60CF4F61E1DDC1CE325
:102760000B0D151AF5FFC4EC0418232E17F9DF1D05
:102770007F1039FB32F61206C4F930F2F1270D0A48
:10278000F3E6F7375BFCF7CC18210130141813CEB1
:102790002039224EE2F2EF2024242A151B00FF0EDE
:1027A00024BCFDF2EB0F06BE0436E7270250D41915
:1027B000F5E1040422EA03F810041809342410ECAB
:1027C000DD120739190F53E91BDD2F35D60D142102
:1027D00037F4BDF006183405350BCCBC270519E2DB
:1027E00007B317F127CC37C9FCF1F6F3ACF3F31EAE
:1027F000EFE4F2F7F94A160F0AF631FE06E1EA2A8B
:102800000C02F80FE0141DF2E4EADC1D04261C03A0
:1028100027E5F8031EDF204FF433EAFEBBEBE01799
:10282000F8ED00F6F813FBF60F1DFEFFEA1C09F5A4
:10283000F8031908EF2B7FDEFD040822F2081B02C3
:10284000D4B82EFFEEEFE0DC220EFBF3E00B28F213
:10285000050DED0BFAEDDAEA1205F3F5DF102303AF
:102860001828CEE5EBF00BDCD5090CE334E1ECF3F2
:10287000EFF90FF7F10F0BF5FADD021BECE3C0C324
:10288000E916CE09F627EEE3062F06184E0701FDDE
:10289000F4F101F0302D04270DF6E9F3EBFC002AEA
:1028A000F8112814E712FF1203FC130000030FFEB7
:1028B000E9FBFF32E3F52013E6FA11EEF713EB190B
:1028C000E820F717F50E3CFDDF2233F712F0FCF29B
:1028D000EE040A1311024908E809EEE9F7E40DF8DD
:1028E0002800CB131CE2F8DFF300F31BBBC1DB08AD
:1028F000D2F71806F11537232CDBDFD6DF50EAF0CC
:102900000ADC15D6F9D60611F9400802DE00DC0310
:10291000422ED707E9CAF6D40E1DE112E7CCD5E95D
:102920002612E54104EB15F70324172905ED2618B7
:10293000F52912F5CEF7C71917F6EDE8D13AEDF102
:10294000CA0AFAE1E42FD5EADB70F4EEDD180403DD
:102950002FE1FC37D04313FB39CDFEEF04193A4881
:10296000E112EF571DFFF65E26E5F60218FF09C5D6
:10297000470FE132FB13D5FE1A5836F40D5CE4E044
:102980000BEAE8F5ED100A0BDEF9C2D4EF0F2AFBD3
:10299000DBD508F4220B1F12F30D0CFA0C112100E9
:1029A00030FFE210DFDF090037ED10560812FCDCC3
:1029B00040FC22BA03D3EC04361DE9EBFAD3092C10
:1029C000E0E9027FC8F5CC0A1F220A4EF2F5313049
:1029D0003EFAFA242B0ADB0504EBE5CCEB3A0D2496
:1029E000F40BF0C103C015D90BF4E8FD05EAE7FECE
:1029F00018D9E432EC2240E908101504E8E4C2E2F8
:102A0000FDCC28EF04D92BF9FC322413F7F635EF6F
:102A1000241731E5E6DC0C10162A0718E452E6F319
:102A2000FDFAD2180DF2CD11CBA31003C90912F68D
:102A3000ECCA0925EFE6BC300FF43215E3222A2D4B
:102A400019ECF3FD16FFDCE7CE512AFBF23222EF40
:102A5000E847BE22F8C8AD23F4F907F7DAFCDD64D5
:102A6000F21914F919F3D7FDFFF6204BCC121C0B09
:102A700057011519061009B9142E2EE2EFEC092B97
:102A8000D4E8EB27000DC9F4F912DCF803D4FD00FB
:102A90000BED0F17E1E30B13033DF310D704C22135
:102AA0000701496BFE3E1DB23FDFD6E212F7DBC6DF
:102AB000DB31D2F80BD32A2EF00610EB17F622F4F6
:102AC000000ACA20F6D9F2083210E77F23DD1ADBAC
:102AD00036E7FF0D1E061304E3D7EE0524E4B9EB39
:102AE0002AF528D3EB1A11E80F70E206DAE9050798
:102AF000E517E51C170D1513180DE8E00228F20A7A
:102B0000190C11FEC5F9FE09BEF4080BBC26E2093A
:102B1000FA1BE114B3F113ED2819DB05FA2BDF11D1
:102B200007DCD31F1AB411F60DF21004E4DC1C15F7
:102B3000F6D41B1B0006F2F203D825F4EF060B0FA8
:102B4000F309F9CEF11F08EF023C3CFAFB30160204
:102B50003A1431F80425EE0F0AFD0D05FAFA1C2D82
:102B60000E1AFC210D04D310102A1D0B16F90EE5C8
:102B7000FBEDD6F9132213F6261E07F8190FEBB753
:102B80000B1719FC0F2917CBDBDDE0E20DFC0AFE69
:102B900029200B0B23F30F2D114707D1FF15020A34
:102BA000136B1901F70606D15806F511F5FDFDF571
:102BB000DF21E905F603E31B020BEBF8F70BA90392
:102BC000EEF70353D3D5CD7FC917F7480A310B0D64
:102BD00029F6D505EEF9F2C0F5E50FE80910012256
:102BE00028F9F9FFCFC61AE2FD321AE9EB06F9051A
:102BF00002FED819FF061FE7FE0AEE160924F2129C
:102C000016000708DCFE0317F8FE05E9C2F91311E8
:102C10002CE1EDFA99EFF4172218D6EBF314EBFA46
:102C20001AF2161021D60F13DC01040FFFEF02F089
:102C3000EAE2F4F6DC01CF0117EF200102190A16CF
:102C4000EA13FFC80723CFF3E629FFFFF530121977
:102C50001A03E301000ED94512D815F9F8E2FD2D4B
:102C60000E060EDDF1E2C8170104271FD817F2FE89
:102C70001E07E205050FDE162A261CEAEB2005DCFE
:102C8000F5230AEF14ECF1ECE0EFEC0FF50504F797
:102C900002090FF91E020207F618F81B1004EAEDEC
:102CA0000F7F021F2414D0F9FFF5000F141029FF25
:102CB000FDFEEFF811F810011805F3F91BDD02E530
:102CC0000EF22114E7E9E74FEB02E23E18FAF62094
:102CD00002FDBDE805F6DACB030CF003DE06FAEDE3
:102CE000F60105F90BE6ED1E20D706EC2FFED807FE
:102CF000FC31FE06F1FD00060F08DCC6F51C22E7DC
:102D00002208020411FB2AD3F2182707FB0445FF0F
:102D10001E35EEFF50FDDF0202D3F0120E185015E3
:102D200007341D1BF00014F61813F91D091F112B91
:102D3000F30B10D2EA0712E50AF9ED17EBF811D6FA
:102D40000318E22BE62016EBD0E4EDE90D0A0403AC
:102D5000F21C47AFBFF8E7D8C3E1C7F417D9068123
:102D600009DAC10A0D291DD714EF46F2152AF74BCF
:102D7000F311F60E1C1219FC19DAF4281DEDE4DB30
:102D800009F713EA0412F3D3FF0518DEFCEF02F98A
:102D9000F01FE40A10230EEF104713DCF203DB07E9
:102DA000FBAE1D8F1AD9FB03E80800FACD0706D841
:102DB000B6E92A1E0B09CC080712FB00181E4108B1
:102DC0000325DFE609EAEDD946DD02E2BC070FE89C
:102DD000EA1442F7BD2427340604F62CDED5F01998
:102DE00007ED341C2BE705E21719F2EFC3D1F823E6
:102DF000E0DC08EABD1941045908C8DA182233CAD0
:102E00002D51BB22C61752F0FE04F7FE2D35FD12E0
:102E1000E9C1B536D603FD0204FFDFF5EA0A53AF78
:102E2000D571DEFC02D0F50000031C1214F74EFD34
:102E3000A79B03FFE1D81AD43528241503E9F90F1D
:102E4000CE130CDABE4CB7F5E148CCDDF414D3F761
:102E500015C91BF30212D5DCEE07F1CFF02B24ECE1
:102E6000FAFF1823D732EA401600319D1A33E03BAF
:102E7000E1AF23FD05F818213D02F6F7222502E314
:102E800017DF13DCFF09FFD9EE0ABA25211108E686
:102E9000B641D0EC1EF9CCD4F747F5E015272CDB72
:102EA0002FE3E4D6D2B9C60AAFFA320AC004CD097C
:102EB000EAE0F7050829D3E27F1EEE0200ED1201D9
:102EC000F018E019D6D224D5610A1328DA02C82EE8
:102ED000FD0FC206E1D940CE4E02DDFEA50BCB149C
:102EE000060A2C06FAD029ECEA6F0BFAECB7201987
:102EF000CCAC0A0D30EDDFE90FDE3C0BEEE4BCEBB1
:102F0000BDCEE90F14B3F40903431DFCD8E004B9A6
:102F1000901E2FE3E507E1D2F5042719CE28FBFC2C
:102F2000DADF1AD7EAD625FC280724F5E7022404BD
:102F3000F7C82660ECCFCD0AEBE023F61040FEE5A3
:102F400000F20BFD0E20DEE9012419DFDCFE32F079
:102F50000CC8A33ADF1A17250FF6E4CA2EDCFC587A
:102F6000CDE9120CF8EFEBD3C93D331B51F5150F2A
:102F7000FAD6E28101C4E0AFE9DEF2ED03C5FFFE5F
:102F8000CE0F0A24BFCA1A3BDBF3060C03F6FCA8DB
:102F900027FEFBC82705B411F9B5E95C4C20DA011E
:102FA000EDDEDC38C901DFD9BF2BFDEEBA26E6C65F
:102FB000FF15BB2505E7E100E0FDFDEA03DBCDE3FE
:102FC000C72622DBD2F5E030121DDF2D0BB3E1F175
:102FD000D90C120FDD000F2300C7BCD1F037E6B9C2
:102FE0002D2D1DDAB33C18BFEB1EFB7B38281BD5FB
:102FF0001F2DB20A0F47F0F43DB9352BF80DB90C6F
:10300000121940D4B504E27F0FDD09351C4B4198FD
:10301000FFFB31E7342F05FA1D3F3321CDCC0AE306
:103020000AF51ED7024A0C0EE6D3E0B2F6CAE6084D
:1030300022B720F218FF0223FCE811F20F2F0CE751
:1030400054210109240715320BED2CF6F6012EF957
:103050003D1716190512A3CDF64AEBFA22A341003B
:10306000FB281F13CE2061F6F30EA80FD0CFBDE1D1
:10307000CB16002006F41F3AC9EF09BAFBFC11E099
:10308000E5F6F72433EA0E672A130CF167EC0ED449
:103090001D56142A0AF40B20FDB4292822F9F92020
:1030A000EA342A302FED5304F319F7F21734F317EB
:1030B000DA05FFF7A4FC52021B29ED3305FDC6FB20
:1030C00012D40E0B6FDF1E1EBBD9362E35274A14C5
:1030D000F9BBD1F7E612C5EC07C539C802B9DBDF89
:1030E0003DEAF2A32B4823ED1017EF3FDCDBE4F5BC
:1030F0000030FB22DCF51709F8E2FFF319CB3B198E
:1031000008CA4ED3E709B7B4C933EFF2D90EC633B4
:10311000F01344C02501CDCF8BB1552B18F4F30724
:10312000FA35F41FF62C1AE10F33A506EF132F2CF6
:10313000F5050AD252E6DD37F0F0D00BDDCCFA6EA1
:1031400033E4DFEEF9B71CECEBCE0B30EC0701CB30
:10315000C506F6F9E0DD7215F9072417C85723CE26
:1031600002FDF92F2D3E65F457D5B22219184CE215
:1031700099F2F803289FF2CE0F450147D7E7070BD6
:10318000FA41DCE1EB07CF2DE314F7DEFF81AB2141
:1031900023EA2DC1CE0BF308FFE2FB1D10EB273D08
:1031A000FBC344321B1F132A00F3AF331ED1E912B5
:1031B0003E1E6721AAE81A97F2BFF2121E06E82CFB
:1031C000121ACD02182EF606D40919D1103B2CED97
:1031D000FE2EFB40E6029F36E92960286FA1F732F8
:1031E00000F4D6E8B907D7A80707ECD9BDF7E0F592
:1031F0003ADDD5FED9ECF50CF412DFFAF00BD81D50
:10320000FCF8FA0CCB0124EDCFEFD0FDEF40ECE35E
:103210007FECFE18F6ECF5F9E008061C2DFC19D53C
:1032200006FF021ED727370F002EC30BEA3521FBFE
:1032300095D6E6D8EBFF19C339EDE109F0DF20069A
:10324000F906F8D1C42B3902943F12FB0F4EFFEE62
:10325000FF0AF0D2FCE89400C12AEFAEFDCAF1A04B
:10326000F810FC090415F311FFCF0EFC021B11121C
:10327000F7F1FC2DDAB5D0B507ECE912E9D203126B
:103280003AE8001007E0BBB70CD50DFA0EF3F8CF03
:103290002703A903E3E9EBCA0C35F6EED4DDE8CC4D
:1032A00018F321E4FADDF917DB0AE2DFDF9710EF0C
:1032B0001CBD0407E71512EEFCDCE4DDF63425EA5C
:1032C00035E5844E24EBBCEB0CECEED929EAEDFE9F
:1032D000C72A14EEDA09FA0CF4E247210712D15199
:1032E000DCFD1FB5E0E5ED11FEE0DEF2EF33EE1A96
:1032F0001CFB0A230211E41922DA001DEB084530F9
:103300001F9D09D92F4BEDDBE4191BEF43D7101696
:103310001E0A01FA2FDCEA1100DF17FC003819F34E
:103320006FC13CE4240F0E2BDBEA200FEAFDFD0504
:10333000680311AC2C1512CDE07FE8F526FE17FFCF
:1033400011B5EF3FD10415FDB4DF080BDBF4D1203C
:10335000B0F8F282E9EB2912FBD0C9FE0DA6D9EC38
:1033600038F2DABF18CF39E3DEF5B6C1E8F15E35E1
:10337000DE3CD0301E28F93815F8E306DA16E70FE0
:10338000FA42F2BBF33A0505320413DCC804D11249
:10339000D627F70DD03311DE1B0A1C0A120FEF03DC
:1033A000F0DDF1F312B4251E0BFE1ACD1EEB432BFC
:1033B000AF0B2AF401EACC0B2AFBF807FF29C3F470
:1033C00031D7D3EF45F8C222B01AFE9ECAFFD3E32D
:1033D000E61A7A1A56052245054CE333FA042BC344
:1033E000F2CA0F320BEA24F8370F26CF1CBCE8C50F
:1033F0001D31FBAF3A3EE13A2122092B57C4EE4181
:10340000E8352D5102D7D50132081747FAE161326C
:1034100016F517E4F0BE5E44104805DEAD0F49D83E
:1034200018F909E32F07ECDF3802A6204E10F10F40
:10343000D6112BE53BE9E0E7FE5506EF18103610F4
:10344000FF194124C000C8D323E114F5FA03090D84
:10345000252A18EE44BCE749031AB5E3F2D6EA0E72
:103460001BF529CA3F07FC4DC1B31751F40EE10902
:1034700006ABD21AF83000412312F1A5EBF4222F4B
:10348000F83ED9E92C12BDDDDA2BF42DE63CBF0F56
:1034900003E108381107D33145C1247F0E28FB39D9
:1034A000F20357771339E633C6F6FA34BF0CF6C089
:1034B000C0274CE1E0EE2196F8FA47E63030F3AA57
:1034C000D13630E723114F1132FB4C16B033ED2CBF
:1034D000CF1B1904CFFFFADEE616E2D014BD16C7E3
:1034E0004FFBC6D2150BFED0344E05295889F64F36
:1034F00020DD12F20BBC23D801FAC00A0E1607DA3F
:103500000815FCCA102C33F0C02D2813E1D2372641
:103510001C2041E02C1F03EF141B5D0EE1FDE44174
:103520001227F875FD2A51DA4A2DE1D1F314FB5D1B
:10353000CD55DBCE114CB3FCD6DEF31BD3FCE7201C
:1035400028E7EAEB43D028FD122899250F0079D00F
:10355000100DBFF6D421150E4DDE2C1F46CDE72FE2
:1035600005E8DD2DE02CE5CD2AF516BDE8DE16FBDD
:10357000C5B45307F1F31B0BCDFD4C4E3DCC2021C0
:10358000CF28E02C021F7FFAE8DEE8E402CA6400DC
:103590006252FFCA3ECB2CEFAFF1ECE5F9253D06B8
:1035A00028DEC1EDE803DDE2E410CAF72DFCD71EEA
:1035B000E0F716FB271FDFE5D13508EE1029E00103
:1035C000E3F82EFAF203D9050517F609000FEF0B01
:1035D000C52C1C03C3D1E9F8EE15F40F3991023C58
:1035E00035CEDCADD2DF11DFF63BF409F9C0E1C81E
:1035F000FDDC28F2C139267F14E2C107F7F2E1DFD2
:10360000EFFDCE2F01C505CD87252E14F924D5E871
:10361000C7D7DB1F2712EB0EBE063D46D6CBFC16E6
:10362000151EFB11DA08E2B50BF41D28A00D3FFCB6
:10363000A7010052E5D3A416201B1D16FA2E20FA6E
:10364000F9EAF118F03208F71F24E10EDD250BFC32
:10365000110C221CEC0DC3D4C51103F34D040E0153
:10366000E3C20031EA08882CD8FD18E33836E607B3
:1036700010EC2AB6F8E0E9F6E7D01FEAD7D9C3E1A3
:10368000D1DCBF21E1D512C8CF00E8C611EF241666
:103690000014042E370DE72AE650E124FCEAE00A84
:1036A000073629F0CECDF39B3606D112FC31C6D6B3
:1036B000DDE7E0FD2513CD1CE908CFE5F038F1F595
:1036C000AAF1D8DBF7DFE724EEF9005B04E9C80BC9
:1036D0001AEDFBFF191741EF35BFCEF114D6E5CD3A
:1036E00001F3FA91D3BF13F5F2DC12A296F3F20FB5
:1036F000F8F791EB2D1FF902F8023BF644280F650D
:10370000F6F2BB592152510F160CD21EC223491298
:1037100055069D10E7C158412706E003F51E1EEE31
:1037200010F82501FFC4FDF22F4DD017EB1532C460
:10373000DFC91D4610507FFA3C0FFFC72115344BDF
:10374000AA31E436CB14B3E423F265194322E0CB6B
:1037500038D4EF250D29C401E703F90F1B0C0D41E7
:103760002B1DFFE1D612BC05A5E5463C1005D00B8C
:103770001CE51AD903EA0140DE3C111A113B100D79
:103780003112FF352F08DDCAC4EB062B1C6DB7E3E1
:10379000C4F3150211F01C314E6EE5EDFBE310167B
:1037A000070728EA4804DE36F4324DD9E6F434F24D
:1037B000F5DD1142C8DD301F1020E6EBE12017DCFB
:1037C00029FBDA342109F63BFE190C22F5E0F30C53
:1037D00038DC24E4E9CB60123B0119E5CD555505F1
:1037E000360010DD19191B3BD32914C3DDD1FC129F
:1037F000E0E926E4FFFF37123BEE0E130FFA000953
:10380000CF2FBC2D37D548D4BD1A1CE70FEEE72AC1
:10381000ED06A5F9C5C0021A0747F30FE4CB002156
:1038200010E31639FCE000EEFEFC0206F7DF1F1481
:10383000F6DAFA23E809CDE53D070BECFEFC01D2F0
:103840000833EF05D326F905FA6920402027E62F33
:1038500047D34ED0FAFAEBC1FDF8EEF23DEC22CFA1
:103860000AD3E0F0F628DF39F0051CAF3A0ED33169
:10387000EBEFFA1AFCF82B1529FF20F125DAD1EB32
:1038800018F21AF5FFFDD8A1FF03E5D32E18E3F5D2
:10389000E725FE04F90CEFFEFC2924D1FFF001E539
:1038A000F127FBE9BBDED5CEFFEA3D22D2FC0B05BA
:1038B000F80C48F80417DF291D4BFAE6ECE2F8098A
:1038C000CB092217F8FA1D1C0B2C020AD5ECC2F307
:1038D000DEF40D12F0CB251129F5F7DED50905240C
:1038E000170E2CEF2681211908F0ADEBB90B09F06A
:1038F00030412525DE29CA2FFD1003DAC11C572CC3
:10390000F5DFF602A90B0DF8CCECF4F11D04E0197B
:103910002B0BFCFD67EBD926DF40EC331A34F62184
:103920000F0F1BEAE1EF1E32004E15E90B2F42F399
:1039300011F739D10504DE0EC343D7FE37E7F11185
:10394000E925011FC5193EDDA10006FE0F3FAE0CA3
:10395000E4FF6009B701D831B9DCA1170AD844B433
:103960002313D034010A53BB0FE3EEF76D33303924
:103970000E0FB832EA0E074E023A0519BF49FBE9AD
:103980003108D5D8F253A6F7250421C21BECC70E87
:10399000CBE3D532E24DD424E85E24B726F40615F5
:1039A000E10600EB2C093438EA441DE71AE71FE171
:1039B000C7B02C12F7ACC53F3B12F1EE2D2AF4DC58
:1039C00033DEF31622E7453CC514401831261212A7
:1039D000E412103212201ADC14E57F2224C9452398
:1039E000E7D3101709195FF6E5AD0AF905FC21F6D2
:1039F000CD0E181D01DDD11DE9D7271727F7373266
:103A000027D8253102DE3C2BCFD21015CC39CAC8BD
:103A1000290915ED36E72CE93B3FF708141C25E38F
:103A20001DD735CBE8C1ED0FE00A21FFF9D2FFF930
:103A3000EAA217102CCC070ED5FC00B0100206D05D
:103A4000431BFED7D22E14D8070D1D19FCE7FBC26D
:103A500000D560F61306EECCCD0B2B8134E512F9C0
:103A6000AC1FD1DF22F14503D73711F7B51A10FC8F
:103A70008DD3F54EFA220A2D04BDC2A8E5D524C681
:103A8000F4F073080CEA0AFCF212F6D2F3D71F190D
:103A9000ED32D7F10C04DAFE3E39F722EB0E95FE3B
:103AA000D1D933B01DE63132191F29E3DB0915B135
:103AB000FD0CBBD402FBE52AEE38C1F11E1E1CF33F
:103AC000EBECF5200ACFC13B1BE5DC05D3FF1AB0B8
:103AD000F1D1CAE2120EEBC9C4A31ECE1AB200E99C
:103AE00016ED07EEFBDDE2C4212F1BF8D3A1EDF7A5
:103AF0002F0EEEF75028D6D2ED3E11260CE1CCF871
:103B0000080A0C2F0A1EB3E1D711F6010DCA5EFA9E
:103B1000FFBDF20901F3072DDE18EDEF81172F30FD
:103B2000E0B84C033E4FEBD8E801CF1C160AFCF579
:103B3000F6EDE6EF25F9E51F104CBD3A0818000533
:103B40003BF90837FB40AF91D03EA8F4FC0EEA10D9
:103B5000F21028D949ECBC031901F11534F5C6F768
:103B600046E1EBA90CC3015CC3DADD2E3DE717E7A4
:103B70003C03F1E3FCEDD8FF2E2747A7CB26D54821
:103B8000C218C9EE1004AFD60564E74DDC06F14358
:103B9000F8F9DE0C4DF9CB2834B248235552EC5CD1
:103BA000E3DE4955F21A1819FF1EB3F4FD070BF0B6
:103BB000033762E3260334A505F311E85547B2EC59
:103BC000A63260FCE17164B9FEC96B22E637E1DD23
:103BD000D925E14CFA1CE9F52A0BCA1F48BF29C9AF
:103BE000E4C92ECE440AC1B2FFD903300DFD26DA56
:103BF000011DD00425E21FF3D1FAA327DB162CE226
:103C0000E43E0E0C1FF5D83820410CE01ECD520AC0
:103C100012BD2214D4F3BCBDD5B833E9AC0CD1F13C
:103C20002EF454112801E8FF380D342029170DDE39
:103C30001D18D9E708D92F30E613FC4F18D90CFC12
:103C40001081F6E95A1E2F0D23F700080328D9200A
:103C5000D01F4ACF4A3F1D2829F914F757DEE8DC68
:103C6000090609D9E30DD319E21DAF07D8131D00CA
:103C70002F46E1CBFCE6EFE9FB244C091355E307A3
:103C800002DAC327D1DC1CE9F6D0E4ECE80416F72D
:103C9000FE1E10E12812E924E3F44D0B524C1332BE
:103CA000CFE113013A04D816D42AECDA06F7111A38
:103CB000DEEF142A1F1361D942091CEBF20D1C0020
:103CC000E726FA1D084119BCF9EDC7C504DF063D1A
:103CD0001E00FB01F703132F34EDC720270513FB4C
:103CE000CBCAFC025F0EBA05F7F117F410E70D50CE
:103CF00010D50102FCD10301E0D30BFEA63EF3F187
:103D000020090ADDF6EF2A0D1A301802C6CE5148F6
:103D1000FCF222C211BEDE04F4EFD717D310D2C7D3
:103D2000F3E45BF6B854EFFAF7FEE4FC004FF3E778
:103D3000020424CDACF452E7231F3900E1DD38350D
:103D4000D1A4DF2740DEE211F50781E2D0E2E312E1
:103D5000CC271009D7F90D1127F7F53CD5FFCB4437
:103D600018F6BED343BACFB71BD9B8D5F408490E5D
:103D70003E023BE9EB131BECE8F41E00345C082B1D
:103D8000D300EE0A0CEDCAFEFA0FE21417DD240987
:103D9000D8DDF7E829E90DFFE6D7EDB32139081E94
:103DA000F701E239FC7CB90CFB109AC869F92B04C5
:103DB0001EDB43304BFB1FD8DD24E0C405FF20157C
:103DC000F1EC02D41D3DEAD8E0EBD5C70807D60BCD
:103DD000085A69E4C2EAF6380416D6330D15130002
:103DE0001B1CF2AF12D7F0E225DACAE4F0141EF47D
:103DF000491EFB0EF87F1B3FEBC601F5EF07C5D14F
:103E0000DAF20321D1E70B200C2D085BCE04390632
:103E1000F2C6F2D673C7D7561262F32EF40AF662D0
:103E2000F4140DE6F1E5080E1F1519BF0FF23E2C34
:103E3000F9DA25C418FD0FBA1D282D0926140D2EF8
:103E400021EB3B26DCFE15E9A0D50C32031D030A4D
:103E5000012630260DFFC01CA1FDDAEFE40F20FE85
:103E60001FF60F1E4000D8C500482228FE2ED71D81
:103E700013AEC134E11B2CE21FFE3CDE971E2AC7A5
:103E8000ED1E3B15F451FEEFDF443C960ABA0D0AD5
:103E90001C10DB5B1A202C2B29281D153FD9081478
:103EA000E6F52FD9FBFEF7126A64D32015B133D79C
:103EB000E5E5050ECFC7F1E2F5FE11F42522CEFEB1
:103EC000C931D4EF4BD229279A2C371840FCF5F48E
:103ED000FFF6E21111D31D33241B1D32FA95F10BAD
:103EE00002CEC6E906F42FE625C0BBF02D16E8E9A0
:103EF0002CF3191C8D0225DB1A0A390C05F5131356
:103F0000F8EF251FFBF214032FE60A0B1F23E3290A
:103F1000BADF19F83C47F7FCBA1635EE00D6E74A87
:103F200001F910050828E4F6FAEED20AD70DA70C1D
:103F30004E0F392F27EB2425A709F303CDBD25CA42
:103F4000FAF7F242F98D16103BBFC42E2AC0F2E3F5
:103F5000CC27B2080BFF32C531F8ECE1EC0FE5A439
:103F6000FFD2F114E8EC7FE545F9C4D8AFFAFFFBC6
:103F7000EBF5E5D523F6032009FC1C2815FFF50E0B
:103F8000C4FE0DB4181AD739153136DF36D5144CA6
:103F900017201EE50707EFFD2AAEFE2FD61BC9111D
:103FA0002F0534E9D30D5CF73DC5251A0C1B8AF7A4
:103FB0000635B9EF1CF5E4C8B91616D8DD17FDFEB5
:103FC0001FE54D1A03BC0AD6D90A0DF2C0222CF601
:103FD000FDE5300EEF15F3E5FDCCE6E604BCD312AB
:103FE0002F0711EDF9FE171AEF5921F8F7EA04022D
:103FF000EF211A324B04D3F01E02DD4EF51CF2EF16
:104000000D2421E2265DA6F60C41F4FF39AA38FB07
:10401000DFD503CF01290BE8E12010AFD627BA087E
:1040200025C10AF32CFA593D3F64F5033DEEF3CD6B
:104030002431E9F3EBFE1B140450FB3BDA0AF8E2EF
:10404000C681D4C53938112317FA02F7E2E21DFB05
:10405000B0C6E1DFD14F4C133ADA0B641FCBF0ADA1
:104060002FDD18DCC1F9CDD7EDFED30421220E518E
:10407000440DC4E7133B0800DF4225AB39E5D9DE28
:10408000F92ECDE4E7DD1336E8F701180DD7F42E4D
:104090001E061F1B1DDC044F0C52491E3E0E0C1F3A
:1040A000F32A341044F808EDEA47F217240A3327BC
:1040B0000BE1084039480AE9D00A25E55C30CDFD1E
:1040C000BAF5182D1E665EF9E729F6A401E5FD0D87
:1040D000E8F42C4F265306253748F95209F801E336
:1040E000D41C0C2E4FF0E847F3526B30EABF9F24EC
:1040F000F90AE434F70DD810FAD8D224CDEDC7DD93
:104100002B612ACFFAEAFF54CA0333F33EAE44E2EE
:10411000FA101D19961C1FB80D0EBDBEC41C161A30
:104120001704A85A30E26101E76EABBDD5FC133627
:10413000D01A13031CFED0C242D6E5509633E5FDDB
:10414000D121E2F813E94DE7AF7F3BF6F53E48BBDE
:1041500054D4DCC2D71415C941DBF5741AACB4FAD7
:104160002A14C946C30F0D0035F2E91E38CA0AD811
:1041700035023215E0162CC421D116DD12B8D30950
:10418000E1E1DDB8C7091AFADEEAD65DDD09293CAE
:104190002F35250F39FEE2D2CA1CE8A10709025EBD
:1041A000FCD9AF2D97FC0CECA81CFDFC04132724B4
:1041B00015121C01CA034AE00E075FF02B171DFF02
:1041C000EF1C51E92225F708F5230FF11B0AD4D87B
:1041D000E0510629FCF0F105F52A5B354316F5722E
:1041E0000E26FBF810FF0A02F8D03DEDDF13EBFDC1
:1041F0001DFC00EA070AE7FE152B0E081313FE1636
:1042000007F8E7FF2AF714D54AFD241B59F7FD0EDE
:104210000FF60FFF2624F900020718FC00E423E73D
:104220000B41000C1610D315052701251E0AF2FDBF
:10423000F1222CF625ED0605F3FCF80F1BE6F0093C
:1042400007200636FA0223E80405E3100A00D6F236
:10425000F70815F3050DDDD2B9FEF90F29FDEEEAD9
:10426000FBFF01E92ED629F604F0F205DB08E21681
:10427000091E16EF0CEF16E7F817E4EEE6FD1A2B11
:10428000FDEFFFFF31EEF0032124F4FC0EFFFB01F4
:10429000F506F92E1430E4061F0507F7ED17081888
:1042A000FE81C7ED02FA2230011F20D0E602E5DDD3
:1042B000EF070623FFEA0B0BFF0FF407FFFB371096
:1042C0000D000F2706F834D215EB0BEBED0A141393
:1042D0001EF30FFAF003F31DF819FCD602ECE20E00
:1042E00007E607F4F51327F501C7F7A42146F1D92E
:1042F000B53AC62EF235FD3D5B1F6DDC5D0575EDF3
:10430000E4DEAD16271B18F20FDCF155F5051B2A6C
:10431000EEAA082F10E41519E3528F2F1BC8F2E7FD
:104320001D041BEEF2C8B6DBFDE33A5BE910F5EEC7
:10433000D68327FC068104DD3D5F3AB8FCBCCEDEA7
:10434000B2A01D03B2011C1617F206EDEB0BC50A55
:10435000EDF34CC020B6FBCDAC14FCC4BF57D29FCC
:10436000C63BEEE30804F4DD0609291DDF1205FF54
:10437000E8DADFE20E282D0015081A1414F21D22C7
:104380004F10F12BEFFAB2D60D01F5C5022F060042
:10439000EB0003F3F755E7F34635F607DDBFD8D951
:1043A000E8025F0439A08821F62A28049AEAFEF977
:1043B0002A0BDF351608F0B42213FA1DD135041785
:1043C000FEEDD855DA05E669B516E1B9E117F63A1A
:1043D0004400DABBF3E755C0FFEAF128E0359FE778
:1043E000D71A5FDD40C918C84668DA392D2D27CCA9
:1043F0002F15070C5A02D7FDF3E4DFE9C9EADC29DF
:1044000081FA0F1427DDCC01AF020E32EFD5BB0DC0
:10441000F1072C144519F0FADF27FD130CE01614F0
:10442000DDC83FF81E171E041617C6D9FAD0FC2B9C
:10443000F3394744F7CC0B162AE114D9E2F33CF2E6
:104440001E090C0C2E06F80D15FEEF0B0A25430273
:10445000FC1A070B41F0C251FB01FEE1160409E012
:10446000181FF32C1E2539D42A1EBF302D3FF721EB
:10447000F0258E0FFD982403F9E4FBA1F2E6011468
:104480000B61D615E617DB402A043F223AEF0D43B5
:10449000E2A4F6DAF220ECEE2800171655F5D62E37
:1044A000C8DF1C7528120E19D2CEE514638FCCDD3F
:1044B00029FF2F12CC05E813EC16050DEA0BBDE819
:1044C000E2FAFD301DE90FFDEFF613183D0B0ADE91
:1044D000112A0BDE09E1D54F211F38C103FC0DCC99
:1044E00033A803F91A3CE513050DDBDBC30C29EAFD
:1044F000E431B8F60914F0FFF51C5919470A3D2FAD
:10450000FB20C80E29032C2D3D09FEFC0D11FEF6E3
:1045100003CA00271E0D19CBE92ADA1F26F6070F5A
:10452000202A1AF708E7BEE1EEE626F9F8E52CF1B5
:10453000E6B920491D9A520EFF2202EB14D2F4E391
:10454000B9D31B0CAF4506070709FA0918D981FD35
:1045500013BC14214DB0F801B4E904CE195C15D791
:10456000C83623F6001102EBE2231425F71E1424AB
:104570001DD3FFFC172F251F1EEDDF173129FA0F62
:1045800022383B03ED109CF7CA2E1AF3FB0D1002E4
:10459000FAD1FFEDC82EDEF84106DEE0D4EEBEEF24
:1045A000141D1E261FFD0B1D181B3FDFBEFB040440
:1045B0002206D1041A25FA144407D22DDB10091A59
:1045C00003CCC22817280C39E20CEFED0923E221B5
:1045D0003010C708CAEEF51C15EA0209CE54F3F6EE
:1045E0001724FED8E40802F6F410FC1CC963DAAA0A
:1045F000FF21F00DF4100DDD26110D1F39202004D0
:10460000ED06DCFA062FE0223ED001124751C6FC2F
:10461000EBEE061B7F271E0CF6E709250EF2FB04C6
:10462000EFF034E20AEF0539170B1F2A448D07E338
:10463000F60F06173EE24BEDCADDDED1031BE5D5D2
:10464000090FE556F5250520FAE3F40F08F1DD44DE
:1046500017D1350A574619BA1520F9E6FFF504AF08
:10466000E2F4080BEE13594BAF251B042927B9F1CF
:10467000EC2C1BE61F07F91EFD04B2ED0AE9DE2E45
:1046800026FF2D2705D43F182DFA46F6ED1EE90129
:104690003528E63ED8E7F4FFF2EED132F5C4EDD787
:1046A00024CDFE980DC546F911EA5EF8C62DE8271F
:1046B000FAEED5E2FAF3E70E280A1015091FF6E420
:1046C000FAF023F31CED31111AF7FDD2000A31265E
:1046D0002FC52309071C14FD2CA528C8001611D4CA
:1046E000D6EE16FC0E231302F326DBE8E0240522A7
:1046F0000FD412E5D4260EA20428E102FFE5E6025B
:10470000F3EC1BF0E4DED5E1A5EB1232CACEE81ED5
:10471000183BE3F4DC0ED8E1E5180CF504E6FC02E6
:10472000F50E0ECEB812E0EF14F9D4E1052A0B0B0A
:10473000CC4909170D0FF6F514CFEF2302C220F470
:10474000CD36403716B9ADFDDEFBBB04EC24FAF8DC
:10475000FAC89BCBF6232A18DFF3811CD8FA0EDDAA
:104760000F2FE61AF000F9EB0A2998D9E9FDE5F2D6
:10477000DA13ED1600D1F507E628E7012E2B3502F6
:10478000DAEF0EA5111CE5DD34243C0B0601DA0539
:10479000BDE30B11DDC6DAF32AC5F3D703F73210F8
:1047A000341CCBF7F2394126A413F4DF33E204B909
:1047B00032C70818FFC1CFDD27ED02E8F90724EA68
:1047C000312121E9F516169EF7003CA7F2223701A8
:1047D0001F033015C3BEB9FCCE0D1D132FC5B01A73
:1047E00014FE0BF4D4DBD902F8200209072A010ECB
:1047F000EFD7FA101C11EFDCE3FC2A0BF0F9F525DA
:104800000014E307EE1B1213E5F91DF006D4001B9C
:1048100044ECD2F5062E17F402D2CFDDE5D30CFA24
:104820001DC93DF2C45CDC3D01FD01070811EEFD30
:1048300006F4D617CE0CFBCBF117F4DDF2E7EE0A47
:10484000E8B8F71E4AD7FA02FA0FF8EAE60DE22DA9
:104850008F1BF2E30DD2EE210DDBC149F8C6DABAA7
:10486000F91AD5CEF3FB04DCE100A211EDEF2634FA
:104870000930CBEEFCF2EFFBF50BD8DD0AC2F610E7
:10488000CBFFBADC05BFE30814CC0526F303360BD7
:10489000D5EA040A0DE8F31B21B501B72603F5B3E9
:1048A000E816FA16D71EEF17D01D2EAA07E303103D
:1048B00016F8F6F5502CF044E10800E8ECF6121A70
:1048C0001CE65B81EF3AF6B9F6DEDCACF50BDD2BCE
:1048D000083525EB1119351FBE13E5ECD506DED3DF
:1048E000FB2B2D013FC91143CAB41B053034B4F86A
:1048F000073B041EF4D60E33BDD4F026F7E8470775
:1049000039CC4ED4C6E9A001241CE7C2FEF04CE02D
:1049100077152003EEEB020EDFC7F8DA0CDEEB159D
:10492000F7E2E8E40D26CBF2F9FB48124A1307023E
:1049300063ACEAA02AE115CEEF0EEEFBFDD59BECB1
:1049400031C0A8F5F91C05D3B8CF5426E817C92102
:104950009D366DDF29DEAE0290DD2717C8B9F0F66F
:10496000D8D115E7E0E22810F30DC1D4BD0C28B072
:10497000E62C0F6BD12DF8140233FB18F004F3EF83
:10498000E7EFFFED0622F113FDF2020ABD34BDE8A8
:1049900016F5E3D1AEE026E9D31DE6E9021518EAE3
:1049A000FA161DD33FB20C271EE1341C19BD4BDE95
:1049B000DAF827E1E8B63FF921EC1BF11DF5210AF1
:1049C00037E08E1330351B0CE423E61C1C1F53FC10
:1049D000310DEE1C2A0E81DEEF06E65305DD2EEBCF
:1049E000C1EA36EC13E8120F00D4CBD9ED20F3E680
:1049F000CA0C5410DC39DA130AF306293A36451684
:104A000017982E20130909C7E9F137F32107DFD6DC
:104A100002DE359C6BDB203FF6141D0DFC40F500DB
:104A2000E9A932CAF520F60BA8997D51FCC5070605
:104A300065011944F5EFF404042905E810C85ED3B4
:104A400002D92737F6FFCC00EFAA1E3BFFBEC0629B
:104A5000E821FDEE27BBFD0FBD18F1FEEFE7CE0309
:104A60002305FDB43EA81524D93FD816F9EA18F954
:104A700016DFFD10DBEED03911CA0702B7F0F7439D
:104A8000B0091205B252EF07FA39D0A01C1A01C5BD
:104A90002E1A19FA401BD9F41998036CF311F5D8A2
:104AA000F4240D29C5DFDCDA351BFF380917D5E9F9
:104AB0000F2181ABDAC9CDC81D36EA14CDA7BB06DC
:104AC00010D7C4A223F7DD1DE5D31DFF082401E0A4
:104AD000E6DEDBD94FF3FD2AF604A91015EAE5C797
:104AE000D910F15DE3FCFFED0DE748A2C3EF050827
:104AF0002A6006C630F1E60FFA1109FBEBF4071144
:104B0000051FC0E9E11B153646EEECFAE5E7FC5857
:104B100011E3081127DAFF0FDFEEE90C17EF153A62
:104B20000DE000FBC1E3BB0823373F1A0B3B43EB0F
:104B3000F3FC020109E26809E5F6213019D00EC93B
:104B4000D5F2F843E42F29C5E0EFD940280999367A
:104B500027304DD5F36229E1871EF6D3FF14078174
:104B6000FFE5F5E73438ECFBF0E2F93E584A253E24
:104B7000BF0A30191214FC0D2417D60ECAF10A26EA
:104B80000D293CE7460BC301E11721C106ECC1E149
:104B90000E11FE0417490FFFD809E332FB1107E09D
:104BA000DBCB449605E2EB261F1B371602BF1E1D0A
:104BB0000F170EFC1CD3E7ED110B26F6183444F248
:104BC000313F0D25F71724E9CB0526E0E9B017465C
:104BD000FC0F1B12080558EF432FE625FB490E0B6F
:104BE000F7F4F8F7EDBF28E80CC31114462710F5C9
:104BF000FF031AE5FBBDDDCFFC32D1FA14BC18DA95
:104C00000B14F5EBCDF5EA1A21E6CBF60DE2FB0B22
:104C1000D8FC2DE4F22007180AE43CD82701F2D38F
:104C2000D90F30CFF627D2F7E2FE1CE435E6EDDCF3
:104C30003D1BFD1718F20E211731EAF2ECCFD9E730
:104C4000DA18D6F711B9E2FD2CB6EF100AE0DC1E37
:104C5000FBE0E20916E10BE9252BFA310303EF191A
:104C600005303EE8E6D6151A36D2AAA5DEF7F035AD
:104C70002234E81421E91400D701EA043C086A3917
:104C80000DEDE9DEEBEB10133CF50C1EED2629D300
:104C9000F2C8F31A0817FAD2DDBFCDF507E61CC239
:104CA0001BF1D10703FFCD09150716F54711FB2EA0
:104CB0007FD320FAD923E10314FA18210FDF12E978
:104CC000F3E5B7EB1A2E36D5F3E4DFB410F93EE185
:104CD000094403F64525A61905FFEC26FE69E1E91E
:104CE000F30FEE1F3F21D81A03E625E5035C3412CB
:104CF000010E452D2BCF06FF15172F2BF3012D2C61
:104D0000040535216900187F1D25D5C81405371500
:104D100026F7F4ED0E394834352D16F5261FD8FB4D
:104D2000F3B31AE20E0DD3471DDC1B132FD2B5FCD3
:104D300016DD1AF9F9F9140FDCE53BFA02B3D821B4
:104D4000E3E1F5F3DA32E5D505FB20170C2F1F0759
:104D50003611FD04DB08DEFBF9F70A2D30DFC05CFD
:104D6000EE3045C60D0307F72002E126CE4D44067E
:104D7000E438FA50FF4FD331DB281BDB0261FCFD26
:104D8000D6271F051BF339C214F80120F930261667
:104D9000051546CE07F8192C1017293CFD030DD137
:104DA000409FDF47221212E4230E61282D190C3791
:104DB0004711E6D5D6D8135DE500FE48FCEF06E5C1
:104DC0000AE5E4120431E42509E8EA010BFD28278D
:104DD00037F42BD543139C28E90340CAE134FCDCAB
:104DE000201ED90505010E0500BE250B121E1FD978
:104DF000340818D710100AEE303E1B1711F02C5C47
:104E000003E147F80A0B13E62FF71303312807399C
:104E10000E100E026EF526182C313B1C19222F03A2
:104E200010F62AD9E737F0F52505FF15ED23071908
:104E30003F383813231F3613ECD709FCF01FE81650
:104E40002136231F1808F03613C7F1370CFAF70282
:104E5000F93BE71D02270612D105EBD1FA0A41E220
:104E6000FD0916F9300940DE12080133D62CE202A2
:104E7000E33A201414EE1D27170BD9EDD002094197
:104E8000CA0818B9301F0B262F1A10CF13F51C0BA8
:104E90000BFF2627E4020211F7EE0545F11B2A1746
:104EA00013810B0A2107342B53F4E9490C0506F64C
:104EB000F215EFFD05BEE619F6F0F3FAEE2FFE0847
:104EC00041F9BE0035FAE9CFFD190A500728050F50
:104ED0000A214BFB25F409750200E00E34FF1EF891
:104EE00028E5FE13E628000D1A2B0C173C01FD41A6
:104EF000EB13F926B917F9D2E6C61BDFD1DEED0BAD
:104F0000D0E809028106250EB7F2CF17CD18DFE9E8
:104F1000C713233405D02DBFE31A0809BAFEF937A9
:104F2000B0D548F5D5EC20E631CDE2EAF4409CED71
:104F3000FC33313AE7EF22E925D8E51113B50FF23A
:104F4000DDEE3819C7C2B11B22D390C9CBB95CA919
:104F5000DFC7B1EC1FE015492627DB0EFB403027E9
:104F6000B3361D27E91048FEF249B7A0E30EE5115C
:104F7000CD0E186A1CE14161D1C8F8012A25041E32
:104F8000C4E3EF0734334C020C34040964C81A1824
:104F90008EA019F8E102ED450AF6160535EC2E1A39
:104FA000F312FB340C1E7B34D8D915196C2BE20F8D
:104FB0002AEFD80DF5ADCAE5EB4507D910E8060193
:104FC000EE1C2301E5E9C2A0EFD23ECD352511FD4F
:104FD000F3DFEA14DF05FCC806D60011F4A9C9B551
:104FE0000A82D0D2BE21F1D2C5FE070CE216C6E37A
:104FF000FFEACF0FF4FF1119E5EEEFB0140CC6FD78
:105000001A18E9EE06E80805BD1A05D74430FFE78F
:10501000490FD234C32502DA15F2CF1DE1EFD0D209
:10502000D6582217FA1C0D1ABF43D60DDEED200A02
:10503000CB33DBB6023E02E51EBAD1EBFEF8C3105D
:10504000FD08F7E01BDCD5F9D4FF28F7DB1FE4D51A
:105050000D112C1DDAE8ABEE063115F9F8F115E566
:1050600005FC25FFBB24F2290FF026CA20F6D53116
:105070000B1BE2E6F5C9DFF9041FFD2126F6DDFA78
:1050800030D4FEE91BDC3DECD3D3EC1BE6FE21D48F
:10509000FCE154DBF8FCF9330510DCAAF5C90FFE7E
:1050A00039E0F42CAE811DE9B5AC350218ADC12C48
:1050B00038F03D37FF51254E08CDEDFA21FCFE4773
:1050C000010EF6E4E027F80F35E1D61617FFEF538F
:1050D000001CF01605FEF9DFFCCE4727CD44F21484
:1050E000EF2704E6E907D743EF0A021DA6002BE2EB
:1050F0004A481BBE5CE7122BF20BBC1E47090E038D
:105100002722F1F43AF0E7CCF2F807232411EF312B
:10511000181BF206DB0EE4DAD81600FAD80611FFE7
:1051200021EEEEF13033DB2208EF3ECA31D40AF132
:105130001923F2124CFEE502001A06160CE1D212F7
:10514000F2C8F2DA26ECF2E611DD232A09F5E912BB
:10515000DC1E070619E1DD2D1D0F2016E902CF0622
:1051600022ECFFF5D309BB15E316EF1917FAF8EF98
:105170001C3029ACDFFEDF04F80CF6CFE7EBF32997
:105180001B0FD8160417D3150E1BE306F6120215D3
:10519000E9E32D06D3FE13234805E7F0F91AF702D9
:1051A000F708043CE6C308E712ED32F4F40019F105
:1051B000F111FCC9EF10EFFD3BD20DDC29EABEE492
:1051C000BE222DD2140961E40E0E39DE3510E9D964
:1051D0000CCED4291FEEECFBE335030A210F1C0192
:1051E00006360E7FDDFDFB03EAEDCAC4A8EE3021D2
:1051F00026543F364A1DD238A0474737083A483D23
:1052000017F0DE00D66911E74CA6033E08F515DE5F
:10521000DFAF00B5360FE535413F06F6F01868C838
:105220003FF81AEF3F45A12ECC0C5B32023358F108
:10523000532735DF7F1CCB7BE15F43066610F728E1
:1052400046EF4C5F17280FFFFEADDAFB1BE1211381
:105250009B0A41000915C067D629CAED3CAA2072F5
:105260000F0FD4B34FA9EBEDEEFFE73C67EA5F0306
:1052700026EA25C2E041B81C0155D84AEF0A0D15AF
:10528000F22FF04B011DD4480E2A07FA38D3DC8CDC
:105290005B36062EFA270A26119B552E184EF4C6A9
:1052A000B8F9E02714DAF554D851CFD014DC11D96D
:1052B0000C0DC3C251D44108BCFF0BEAFE21D3E957
:1052C000E8D92FEB5EE213D73D1CFCF24D440C15E0
:1052D000FFD3C1EF1D2957F2F7F7D311EDCF21C44A
:1052E0001F0D0B06403D4AE8D83F3A06E9FBCEFECB
:1052F0003034E1F4DEC3320653FEFA3ED1E3E0E897
:105300001020E81684B71BF1C32ADD32BEFBFDDF97
:10531000310EF906D3E1ECEE0945081116F2EAE682
:105320001FDDC9FA1FC213E3F1033BD8F9D61AF700
:10533000EA520535021FBF1733F5FE3AF2F8DBECEF
:10534000D2352AC3C3FFB9CD045BF024D05E373415
:1053500048E08E04320D05190C004401E51E38703A
:1053600019011D2DF4F9FC4017F60DE1CDE6FFD72C
:10537000DA070B0CE12C12F605225ACBF1251A287C
:105380000630D11F040701BC100BD40DFE3B272FA4
:1053900017C7DFFB0CF7552DE042332FE415323EE3
:1053A0004B54EB3C00F6EF177112F05F011CEAEB77
:1053B0004AF70407D7A836F6054321F736139415A4
:1053C000FBF8027FF30CC75DFCD021621740163555
:1053D000B3C5D227F6FCF3A945F10BF4FFFED4E9DF
:1053E000131DADBFF60DF9D5FF2D2FF3ED0CC51A2A
:1053F000E7D4010D08FB031C1B180B24CB2FD4FC96
:10540000F71DD719C5F10B0FF3141318B8DA1803E9
:10541000FFFA0EEEA4D519F636D703ECE4FDD60F4D
:105420002304CEE6D826FEEAE31BEC0BED1F1F0497
:1054300005DFCC0DC0D5D0F94EE81BF7DDDC26EC3E
:10544000E9EC0ED40108D1DCFA1B20E2E66817FE75
:105450000903F6600BE1950CE609FF0B11EFD24B47
:105460001E200CE1F4F8B30305FD0A30F004F8CC7B
:1054700014E5F50EE310E5D4D7F6040AF1FD09F5BD
:10548000183CDB2C0ED20DD8D2EFAAD4F13021FC7F
:105490006717F4F722E31007F22B1035F615F7140F
:1054A000D37F1C34E61DF5DC26EFEBC8DB97C9E2A1
:1054B000F01AC00411FBEDEAD5F7BAF8EDFCEF3AAB
:1054C000171DC631B316CF08DDEF025F12DA12ECFA
:1054D000E04CFEE709F0DAFDCB0BEF09060FED1902
:1054E000FE4C081412D0E3E7F32A16BDDE10CEFB03
:1054F0000ED3030DE9E6FE395AEB27F0E503D0FBA6
:105500000CDE210A1CDB1B08F73C15021AEEF02CFE
:10551000222FD7FFECC63FDE1703D913FAD9D1EFFC
:1055200016FEFB461ED134F1D9E11B2ECBBF18F974
:10553000E2ADF2EF0A04B7BF430432FA03EE26F7F6
:1055400005ECE0A9CA0F080BDB7F0FE50DEC14ECAE
:1055500009F426CFDF15AD18DAFB0624EC11D81FAD
:1055600038C1EBE8590B9BF125273EEEC70705DB59
:10557000F9090A07F131C5A703111B00D0E9C3AF30
:105580000E0DF9202A4BE5DB130FF2B7F5E7DB1B15
:105590002BD6CBD4F9E63406DD4BF3250524E32DD9
:1055A0002452310CF5D1E6ABECF41E0CDAFEDED55C
:1055B000EDE203D3F3CABD30F402E7FFE108031BB9
:1055C00004D8DF52E9CCC061EAE4E844C8DED7CEB3
:1055D000CAB91309E7DFF81510F9D5E6DDE104F3E0
:1055E00023E418D8F8B91C2208F0FEE31BE2CBFC38
:1055F000CF1C0F1ECB01144814D1D91FEC36231B2E
:10560000E1D0F1212C2748F5F221EFEDF902FFE47A
:10561000F9FACFE512E80CEF2C0BDBF21E1611EFB6
:105620003A09DF3941E1F508DADD0519CA48E10632
:10563000D8D738E5300FD1E9EE12E6DE38E30E15A3
:1056400014C3D001D522210DEB330E21DEF3E4DFAC
:10565000E7F27FADF9B1FFE2F5E0261221A7F5AB45
:10566000F822E7D81B0110BEC514DB1F0AC50D4088
:10567000CED9FE3516281A070E28DB49F4D0D1EF13
:10568000CF0DF518E8F3FC1CE11516D5ED13092B29
:10569000EF38E24DF80005082F260D05E00BF5F078
:1056A000223C18D122FF06E55DD607FFDF21E12964
:1056B000EC0857F21D3B060DF8050B1D0A1EEC0405
:1056C000F8F332DF0FE5DC1EA4E1F308B012BE31BF
:1056D000E6F5B2DCDBF55E0405E703E5ECD72CFF6D
:1056E000F8ED27E10AED0F150B2910CD0221EEF898
:1056F0002A1432F227E9E1D5FC5A082A400C28285E
:10570000D60DCF213E2502D703ECEF1430DEB0E2F8
:105710002215C6091F58031909E919FD0EFD40108D
:105720004DDD10024208271623FB0C1C13E1BE16A8
:10573000DF1133046018F60AD4EEFCF204F1D32C26
:10574000030D114DFE1A25C91DDA18F41904F723AB
:105750002CEA04EA15F30417FCEDCB21FDF80EF05A
:10576000FC0D44FEE2DC30242018F9DF29030F4A47
:10577000F525BC1721182225F308E401E033362A69
:105780001433111720E234C65B1DF719D04A14F701
:10579000BEE4FF33CA0D0B30DF091CF5EE08FE0135
:1057A0000D1081ECFA0D1928EDF028B73B34E70411
:1057B0001F0432E9CD1DFE3347250E3DE319E7FAFC
:1057C000E4F33683140C040D1CFD04D018200315DB
:1057D0002A250510ECFFF823FF09FCB4F40015FAA4
:1057E000EBCEF9170422F12CFEEFF12C2314201E2E
:1057F000D224CE273DB6F03100D7E2C5CFFCD6F893
:10580000C8CE73BA2AD69D43F43714144BED06095B
:10581000F837E7F9F02DF6C20606CF05E430FB3184
:10582000FBFF2C1542DF1F1558431D9F19CE09148D
:10583000ED0E0D1CD615DB010A10C5FBFA17171D5E
:10584000BBDBF7B705F1263BCB040DF448E115456A
:105850004DC1F60FD738E85FE6DFD8F2E8FAECB1D1
:10586000511E1FCA21D603D3F71BD416F45C1A1499
:10587000EA45F5F218D7041F0EEB5481E616DEB8A0
:10588000F2C3EADA0A28D464CDE9F4F7D4FC09FEBD
:1058900020F010A9FF09C8F4E2E7D50A232D320051
:1058A000EBC31F1931EC3405A11ED10E5FEB35059A
:1058B0001DE03DF7D14C0503EB01D1072CE409FDB8
:1058C000ED18C44ADBF3C7CB1C23CE0943D4F1390E
:1058D0003A1D4423E2F09D22193905C80E190A3AEF
:1058E000AE34224CC130C91B080B38FE01EE1ACA77
:1058F000DB152A13450AF3FDC6F4072A14051A0C12
:10590000E1EA47F46222F2182B1949EC7FD5E51F32
:105910000DD10AF044F8F21B051DD5010F552C29B5
:1059200015ECECF920D75835010FFE0B06102712A5
:1059300024EB1090280603A9B357FBDD11D0F2EB3E
:10594000F1180565BFDE02E297D91801F2C7CF59F9
:10595000DCD304DEF5DA18F0D8D7FDEBEE8EC4E127
:10596000184215D81AE94C47F8F8B235EECA53FE7A
:10597000D101B84AF229165035FCB9DAE7200262A3
:10598000C83013B7CD08EA09BE06F622D245FA1090
:105990000E13F21DE43420D3D71402EC14010519C0
:1059A0001A33C5C1D0DAE41ACA9B38E8EDCEFF1A23
:1059B000EE0326171FF10F16C612FC18FB1FE7D8BF
:1059C000F90104C010F925350140E6D1BABCF6E86A
:1059D000DB4F110FF1EE3565030EEAE50BDC0BEC46
:1059E000D924F73704EB3030DBC9EA00193FDFC2B6
:1059F000DB1C0447DF09F726EB1B0C1026E15718C8
:105A000014C50FF40B1C17E221CDEBC8353CC2E2E4
:105A1000B822251F1DFFD2FF1712E51D2C0606090F
:105A2000EF1833DAF5EED4CDE4DC0D44F7160200BE
:105A3000FCBEF8384B16F3F6F7AECA991030C4FB2B
:105A4000082EE203C73E20482EA6431317D8EA04C7
:105A5000EE05342C33E4C6ECA9EF19C5D0F115F2EC
:105A6000960EF0E116EC27D2E70D52CEE304E006E5
:105A70001E04D1180E18023237EDA114D901F3EE2D
:105A8000FE1C50E4100A0521D8E72DFF0609FADEB6
:105A9000F51A281DD430FF04101FDB38C5CCCBD439
:105AA0000DF44AC42E9FF9DA38E15304E604C8F82D
:105AB000ED09B6A3F33FDDFE0313E820DE0523F76F
:105AC00014B8AD23DEB6EC090AEAF4F9CD1002F8F9
:105AD0002EC1CBE00A280ED81381FAF2F5ECF0ECD7
:105AE00005E526131535F8191546C113F721FEF102
:105AF000F0F1100F0E1D1AEEF9E7EC0A07EBFC0BA4
:105B000001F90901D3081D04BFDA1B11030B0ECCE8
:105B10001BE81AFE1E14E9291D031BF804DECA1B2C
:105B2000FBAB3D040312ED2CDFE209F420D5EF0EB0
:105B300019C81C03DE08CDF1DE0AF4EFE7FE172ECC
:105B4000400EFDF6F40306E0140813120DF426FFD0
:105B5000260719F803E2C835F00DDDFEE4DF0C1E60
:105B600014F6F9E4F3C83E04F634E2D7D9D5E722B7
:105B7000E413A60BDD0E14061D0502D4161915CD6F
:105B8000DA29ED2B03FAFB342D04EA0809F83D115C
:105B9000110EFC13FB05141CE3D3E1F302D292C7F0
:105BA000C07FE01F0010471348CEFD0C291001CE26
:105BB000ED00D90008090F0BE4160228C9E2DEF84F
:105BC000FDF02EE022ECC561E60B15DB2629F3F88B
:105BD00004E71ACD1B12FC030CD500CC04C6041C30
:105BE000161201F31B04FC2018CA052BF21D40F00D
:105BF0002114DCAF3D06D0F03F061B061AE720312A
:105C000035F8349509D20B030CE010E2F8FF481484
:105C10001D09511DF5FC111C1B0A1CF8F31AF11586
:105C2000E2EDD4E6162CDBE4CF22DD2513F04209A9
:105C3000DC30D1E2FC181D1360F30022D509E1EF3E
:105C4000ED3F215FF0D0FDCE3FC02FEF1B23BD1CE9
:105C5000027C13F0340FED57B239AA13B4283EFB7F
:105C6000FE0427E713010D23443DEB108E16C2EC12
:105C70002622D7F534F9DEDEFB05EAEFC0323A1C06
:105C8000EF25D3C012F3EFDB7FE701CCF6FD18BDA3
:105C900014CDF85C070B1EAB06FCE5EC0FF20FF71A
:105CA0003A0C4004FB09F5E712480E1FF9DA3711E8
:105CB000320B250DEBAC02D05FCD3C0B10C0EA06D9
:105CC0001EE9960D35F34A01E7160408E625400C57
:105CD000D6003E29111499E4CC15FC1C2358DCF3A2
:105CE000E4F4FE3BF021FBDD0FF80CD18111FCEE5A
:105CF000CB17E913E439E3CD9CE13AD51DDDFCE493
:105D00000D22BF12D350181E22E427032713352B70
:105D10000DDBD4DF300AF9331F25EFE3EEF2FC2C64
:105D200029D015E3E84ED50E150E1B0808EB14BA62
:105D3000E1B122FC32055F14E83508FBFB2A05F4CB
:105D4000DBCAE7FCDADF0412E8FFB9071DCEE40680
:105D5000E3BCE3B303FC02C22AFEE3F011D1F2E09C
:105D6000200DC6C8049F17E5AFF8D5391AD64305EC
:105D7000E8DE03DEE8E5EF1AD525F74BF4FAF2F199
:105D80002708C21ECB1CDF25D5151EF91809F220E5
:105D90000A1313C71B1BDF0842991FD6E41514F61C
:105DA000D8EE0B0300240207F11EF5D4F9E8C7145E
:105DB00020D8312626143008DC2E1A19E5EFD8DB5E
:105DC000DF165AE33020DBD709FC3FCEF91513DF8D
:105DD000EC1C04E418F118EDDF27E1DD0ED3FD0F14
:105DE00023F7DA022CF8220F138B53F2EB01E7FCB6
:105DF00016E644E1D6CD0C494706B6099AE839C201
:105E0000D5260BE20DF1FFFD062706DD65EBF9292E
:105E1000E7DDD5062021FDCD0CF0161F003B21F754
:105E2000CE48AF2322EC154A08FEE4EC00091D0E13
:105E3000CAD703CEEE140CEBE9F52E34F8E6FCF7E6
:105E4000130C33E1F20335F8D862D70B1A2EDDFFBD
:105E50002B196BF9F420C681C11000E609F924ADB5
:105E6000FFDCFEE7E71AF2EFECCA38243CFD2441E0
:105E700003FEF413FD002EDC08B2EF283C07F3DA32
:105E800000B60DB9D91F19D5C6E4F7D7F005E8F566
:105E9000E722FBF9B81EEF028B5400D2CED0FDEB07
:105EA0000CCDF7010FFFE80120B8E92DEBAFF6119B
:105EB000E02B2A280F122614E70331D3F1F75114EF
:105EC0003F2B8B28E6DDFBD10D3F04EFF0E507000B
:105ED000D0E00630B604283912DE020F04CED9F61F
:105EE000F83C12FC08C219DAFFE2B09FF9F9EE2C77
:105EF000B2041022084702C0F6E4595ABD5030459A
:105F0000F5B2E3555D5827314319B2DD02E5C00A09
:105F100009D90F8141B429062E1BDAF01D2416DAA7
:105F2000F3B0FB0A34BDFC3507A9314ECFFB0FFEA1
:105F300058F8573109E52412ED0403BDF1EE0822AB
:105F4000E8D8F3D5C71CFBEA29E7E7350CE92DF1C2
:105F50000BCA2D17EC0DF56002BDFCD831F2001F05
:105F6000D1FDF6DC1EAE0203AD154D44EEF14BE063
:105F70008FE649E7F3021F23FC360204D97124D9C6
:105F8000C8422F090D29D922264CF22417D5D50E47
:105F9000E61EF21AEE1C1214200F415FD421CC072A
:105FA000FBF9F3540CE7040659080042ED071030E2
:105FB0001956D4E0F1E6DF05CD19054DFEDB0CF0F6
:105FC0000D99FF321FDEC212D5FA29E50BE528F73D
:105FD00035E30FEA52F841F135EAE3AC0BFA32C38C
:105FE00034E0170FFE0A5DF2E2D63A06EAEEA8F7B1
:105FF0001DB6FD11E9DE21F4DED2F0AEA650F0B6FA
:10600000FA0646EA94E0DE31F6E205BD26FC10D33E
:10601000DBEFF400D1F4D89C02EBE7F1DE26E4E9F3
:10602000F15C32E0CCFEDE61FF3BDF0D33E50E03B9
:10603000F405D6F8F2E19FF8DFF6DBDF18F5E7F2BA
:10604000EACDC9DF103E182E90FAB2CCDC3A380403
:10605000DDE423B6EDEA0CB23ECAE9DCE8AD3399E3
:10606000B8A5E927FEDCDE1707CAE7A4F6EC5BDA81
:1060700013E23111FAF4EABF13B1223B7C60AD08A0
:106080004A8110F2D7E5CC27AEE52A1AF5F4E1EB08
:1060900049C3D8B415B48AE300332AFF4716A2D8FF
:1060A000A4CA0132043353EEACDE1E09AC48E5C489
:1060B000E88937A3F139340CC7D3B12DFEAD3A00CE
:1060C00021DD1D5007EF831735ACEFD803251ADD0E
:1060D000ECEFD7CFF11597D8CAA745F9E816FC2DF4
:1060E00011023D861ACFE33CE0F0172FD92FCA06E4
:1060F0006BF91620B8E0D30BC1FCE81605FEF0ECF6
:1061000011FCF120C710F9CF1BFD18E30EF946D69C
:106110007EE114221B0C09FBADADF4E5F5BD0BC10E
:106120001B353A1D20460421C119FA202A0D2806E4
:10613000E943D2AF1D14A1FEFE21C40F37CEF01BE0
:10614000FC2B111AEFF1DDE4A747CA06D40A2C0391
:10615000F43409CACEE89117E9F72D00E4AC0B5CE2
:10616000CAFCE9DAF1E8FB3D3EBCF6DEF0E5570F8C
:1061700045F7E73DEE02B6C9E64CC85316672E0553
:106180000DC1810A0AB7F015E2DEEEE6EFF614E77C
:106190000EF02E19EAFDFFFD36D25CB2ED3343EE70
:1061A0001EF8BA6EFB412603DFDC21EE39D3EDEC9D
:1061B000DEFB590236DE41DF01D0FAD2F401FAF6F5
:1061C000150217D52B2338B116C6E74035372D22D7
:1061D0002F1BD7EAF92A4306EECE1778248F1ECE5E
:1061E000FAF8DEB444FCB9F71C2EEF15E8F51211ED
:1061F0000E0DD001D8EE1CFF001EFBFE090FD516B8
:10620000FBEEBF03D3FB21FE10EB01F981E0020698
:10621000F515F100B61210203201F6032FF4D6E87E
:10622000133EDA17FAD5EAF028FFC701EF3A0B055B
:10623000BAE813FCE0FDD33A17CDECFE14FEECE512
:10624000E01101D3D22A0BFA0E16F829F704FF0148
:1062500044FEE80E182ACFF8BFF81FE51CFEF82F01
:10626000EC0515F516E805092811080BFF061AECD0
:1062700022EBEE0D0B0BEECB3D23E5E5E90CFAE34B
:10628000FEE30DEE1911E4CECA0607F2E2F4E7FBD5
:1062900009E0F30BD0F215FB0254E20D12EE3EE8DA
:1062A0001503F62B1AFB0BFE2B08050101DEE72870
:1062B00013F0EAFF132317030100EEF005FA041AA6
:1062C000FD03DB59E0EDC53501FCE94800211D0067
:1062D00020C1A71AFA04DC862AFCFEDDF7FDD51ED4
:1062E000FE00ECD3D80B24E219AB18FB18E7E80347
:1062F0003C30E4FD2DB1F53B1DE7251C17FB4202A8
:1063000024BF01F02C01171C174A08F10ABB2D1FEE
:106310000B2BED21E5D608D35407C5F4310814F44E
:10632000513E034C01F4EDDF1214D615DE42132D5D
:10633000DCF0FFB84BF91CE4F72AEB061908F0294A
:10634000050A0EF3DF3042E0F7EF00EB21F7F0CB68
:10635000431C7FE3F8DAE9E2D721F0B50CF3D683EA
:1063600008074CED280A1EE31614461E36E0394392
:1063700025D0134501E2DE130AC60609F8EF41BD38
:10638000251A4AC63B0DEBE0EFE625DAEECDDD0C33
:10639000D703ED4AE03900C7097C0B0DFF291BE04C
:1063A00032DFEDC12E2B04F51739FE1BBACE4A1D84
:1063B00032284312EDEAE8011AEF2A3D350C534723
:1063C0002F1A3164F3DDE811E4E8C709EAFAEBE4D7
:1063D000C423FDE7CDC2F302DF452121101CFD15CA
:1063E0001FE3DFC4F1E8F9F82730E629E0F13430A3
:1063F000D91B2C0369F300F15937F5E616411CEC63
:10640000A7DDAAD148EDF624FF4004F520EBCE39F4
:10641000071826C91C36090A0EF2102F56500E19FD
:1064200033E7015363032E037047FFFCE4B6D00447
:1064300019402F0DF20813F6F6FAF339E4A8ED40EF
:10644000D6FD09320A321EEA1B04E70C0FC92F677A
:10645000A001A792C80740273C0EAF4F322028E08A
:106460002546EE0BECF74A06B531D4180C50427FA6
:10647000FC26E4127138F052100149ED0A3021E790
:10648000B603F5FACA4C40C3010DFE1FF7DD241711
:106490001913462123080F161243111402382EF641
:1064A0002B3EA7F4D70B12DFDD6E220829313D33D6
:1064B000D5E3F9EAF52CE505303E5519534308C4F8
:1064C000B40AF607E9080E02A32C13A0EAFAB603F1
:1064D000E2FA024013ED207A2B4CDD045C612606C3
:1064E000D1A50C49CE17590110313F43FB04000DD3
:1064F00029FEFCE42CD8E31E2F2DD82022F828D02A
:10650000E2E271F278E1CBE7EC1134EC7FCF552D6C
:10651000E408F5353232220E08F70ACA0525142D93
:1065200041F9CF680116279C0826CC45D216E5070D
:106530000244E92AFC32F80BFAF506E2B12908D048
:10654000C546277F43F7F6172E064FF7CE040B25D7
:10655000E966E4500A4A094327F829D69EF4E4295B
:106560001DC8F12F2E1DFBD62F0B1D60C9ECD5CCFD
:10657000053BEE29FB1AF5DC180CAEEAC9E4FE4235
:10658000D533FFDCF4E825D041D705CECC3DC90397
:106590001C10DF34203B0F0524E1EC2CF5F1043610
:1065A0006A45D4A330C04DFBF4FE1438EDF8F9E889
:1065B000166CC827DDFC1F27F6C3F9B4F20BDEFD0D
:1065C00056E4340BE6BD45250F5D15B0F7202609CE
:1065D000E2255C0AF13BC63ED90EDDF9E726F0EA7A
:1065E000040C0B4E0AF91504220327F722413C2024
:1065F0006447D1EF2BFE43080B220A35210D011110
:106600002F042F1B1A811BD70C0D2D1CEADCD71D64
:10661000FB3F0D28F5030441F813FDF13D12EA0795
:1066200029DCE9FCF8F4CAF80709DE2A253CE9EA86
:106630003E1CC6F3050FAED3E3CA0F2416CF040CDD
:10664000203637303EF61738FDE52541191DB724B1
:10665000D3631E301E370416FEC613E42FF2255DE9
:10666000E5D6EB1824D319F51AFF0E0BE21FEFF84D
:10667000253C00290FFC1FD531F40CF9E8EF23E885
:1066800003094AD64E1CE5FAFCF322C9F21AD038A7
:10669000F92D47FDF20D2C030D0E3FEA2EE9271EC2
:1066A000050D06EFD8163B143B1046EE00B736F04A
:1066B0000F1300FC35D6DF10FBC8EAFE40FA294371
:1066C0005F1F09C6F0D618F8163FE04111F3162CEB
:1066D000F4BC0E13E1DBE2040911FAF0D2D90DFA91
:1066E000295B165BE9F12F2810F61CE702D1EF19A0
:1066F000FD0BE7F325F7E3CDD326FBF316F617E6FC
:1067000016F2F1DBE10713FA3B25F2FDFCD54EF45E
:10671000F3DBE0FCF3EEF9FE0BFAD2ECE9F34FF910
:106720002BCD19E0311327FA0EE0151418F948D7CC
:106730000F3108FDF101F70927FCF9F616FD120EDD
:10674000ECD6030714F90BDA163EC6E7F913022C50
:10675000F0DF81D203EA520B200FFFFFE5DFEE01ED
:10676000DDE9EAE4F1B4141AD9F7E5F6D40202FB44
:10677000EDF2F503F52108FB121904F9DA291024CA
:10678000E6F4CDC6001219EF1A36D523FCC606284A
:106790004017071309012BFAF7F41BF6203A232BB5
:1067A00033FD0D040D1CFEE9C427E409EC2C0002A6
:1067B00022F41420FED51FF7E8E12ACE34DFE9D118
:1067C000E93641FE1CE92FDFEBC315D80802EED3F2
:1067D00002F83FFCE9EA04EDE319D9F803EB040EF3
:1067E000FCDFCF180B0108CCE8E22DCDC3CCDB0DCC
:1067F000E3D60947C8FAF80DBE01F9432939FD2649
:10680000FB1BAD0F2A1D3FEC051131E9121410ECF2
:10681000D1D49BE41CD71E242D199EFAF000180336
:1068200062F410214508FB05DEDA271DE6F30703B5
:10683000D4CA19B3E7F5F200FA26ED1120E00E16DE
:10684000DBC715F61CF2FF19E026D00CE0E6F21CBF
:10685000E6B0EDB015F12AE32BD0DAF0FBB8DEADEF
:10686000FD10FAAF28C41909F4DD2C1719C573F00F
:10687000D3EADE473F1FF2111D04F841EAF914FF85
:106880003C0FD21307DFC6EAF707D9C530120A0951
:10689000051FE12FE42224DAFCC749C0C83C3D1F94
:1068A000FB4ABFED18DC1DF6E3F4F2D0EA0AE4C4BB
:1068B000E6000A166721EC1D9E2C27F7F41405DB71
:1068C00015057FF717EDD017DCFB07B7E804D603F3
:1068D000F4F807E9F1DB7438E60901EAEFE80AF0B9
:1068E0001717EBC62FB909C9F1CC09FCCCEFEFFEA5
:1068F000F1FAE6C40E0DFBEFF5FEDB0AE8BCEB0A8D
:106900001E0CCEEC3D34CFFD18F413112F0AF1F913
:1069100008DCE7CA100C0E12FDF20BC6F30C360BA6
:10692000041ED9EA1A0E04DCEB0BFBF310E1FEF8AF
:10693000CB041D121BE60E2D051807071F010EF8CC
:10694000FDED203508D1F7B8EBF3F9D2E80A0C01D8
:10695000F6FFF2F6EEF2F1E4EB27DD14DAEDF50CDA
:10696000F7461DE0E0050507FAD2F2311FFEE31EEF
:106970001A0B2709F3F30512F6F5D3DBEAE02F5FD4
:10698000F8E7CDFB1BD6C9EE16F0BC3804F2F0FEDA
:1069900009E4E70107F0FFFF07EF0DF1F2F327F736
:1069A0000A98EFF0E121E1FCEC04E2E01DF2FEFCCC
:1069B0005ADF0D0AFCFB25F626F61FF6FFE807C690
:1069C000DCF1E8F612094F8153FD0BB5091D01E416
:1069D000E7F82204E5F8CE28DE03F60E0F38F80AB1
:1069E000E5DEC613F117F7E1F70E15F117D2ED1634
:1069F0000CC22222D5EF251541E2EDDACFDBDF1301
:106A00000545F4F5CCFAFFEADD3CE7B8D4090F47B9
:106A1000F53CED31DFDD1B0A03FB1400FDE1A501B0
:106A2000D62015003EFB2FD3F622FCE5D4F6F8E085
:106A3000E2F9EEFE9A0BDF0E3111CD08C2F4D8EA6E
:106A40000B03DAD715F50419E6EF10E6E126E54267
:106A5000000EC813F2443ABF29FD0405FA3517D9D0
:106A6000F6F0F832F221F7F8040520CFFBDD03172A
:106A7000E709E31110FD24F61705372C7F07E3170C
:106A80001803DBECDFEE32CCFDBB26EED71FF91D81
:106A900007F5E318F8EFE9E0C628EECEDDF610FAC8
:106AA0002843E8E6ECDCE10EC7E8EA2514261CDA08
:106AB000F7D25902DF00EFE7E634C710F3FE050E08
:106AC0000EDF0C2904DDE615F90FE0ECEBF110DF29
:106AD000F224F4FECB18C5241D16140CEC3C04293A
:106AE000E6E3EBD503ABFDFB2ADB0FEEC231285703
:106AF0001A14970C46FEE3000CD82C101544DC3514
:106B000017120B26271E071323F703FF9B52250896
:106B10004FE3E3D2C59D234C022AD9D6D3F0D92A1C
:106B2000E5C0E909D6F4EE2F17030D0E2D2002D48F
:106B3000F52E1AE8035A22CC11FBFFB1442D0C129A
:106B4000DB1C16DCB035C6FAC5BE481A073AEC1A8B
:106B50004D1E481E41F7A94C13F0D204D3DEE03C91
:106B6000D20817C1F9001030F8E6214DEE23DF0BF3
:106B70003A26E4470306EFE3264036FDDA0D2AFF06
:106B8000290112F72CF917EF050BFF23FD0F9E0EBD
:106B9000DBFA33060C00D8113219F152DFC50DEDC6
:106BA000E5211E1F2517EC1DEF2A0A17F1AE052659
:106BB000E602E6DDE9142058ED011022F60A3EED6A
:106BC0001EE20741DF160351F639FD1A36E02B7F2E
:106BD0001BE92BCD24E2F5CEEAF4F700D60D6902CD
:106BE000051ED1EFFBEE0C0C12E4C9312A21160070
:106BF000ED060BFB0B05ECE5D8F50FFF20E0F0F8F8
:106C0000E0143BFC240F18F8EACEE3F802E5C9FBD8
:106C1000CC0E06DE2B1FE1E3D62517F00A0A172556
:106C20000CFB1FF1D40502141FD80FE6F8D8B3F3FC
:106C30001221150F34F3EC16D2ED12E20EF506F424
:106C4000F3F2F5062AF300190EE5030826A902FC63
:106C5000E4FFC5E834F8412315F41B16E6FDF526DC
:106C6000FA1EED0A2CDA45D5F5F9D308F5040DE442
:106C7000DA08DE0706E51A2817F10D0FF205230CD6
:106C8000FCF616E7E33EE87FDC1711EE061D00294F
:106C9000FAD827EBDB16F9113DD525EAE428EB2AD3
:106CA000FFDB0C08183A3B3825CC26FF41EDD00B12
:106CB0001013E7DC0E14D9F9F9002903FFE1B51927
:106CC000F8FE18CB0EDFE8DBDD131DDA0FF0FCF267
:106CD000F8F402F8040CF408E71CEF0912E52CEBB9
:106CE00027D8D017F534FB1AF18103170728F7FAD4
:106CF00011140FFADBED18FFD4EAC11107024B0D96
:106D0000F3FB4AF2082918DFFEFBF7CAF3F0012E65
:106D1000E6050107F215E6E700E6F8031F040EFB9F
:106D2000FA11FC0505D4E51BFFE5100310F8BFF1CF
:106D300042D1F9BD22FACB25E708DCEF0BDBC92EE7
:106D40000D3DF6E7EFE838F5E0F12832FDEEEAE632
:106D5000D5F30C07101AD307ECE23ADEEEF519CDA5
:106D6000110703121AF1FC091FFEE0EAD51214FC08
:106D7000FB1CF82601FEF8FC10FEFB2B1BF6EAF0CC
:106D8000F3F415F92917FFFD03E8091DDA09D609FF
:106D9000ECF62DF6BCE5F0D8FD27ECCFF2E12FDACA
:106DA00001E802E708D014F8000DF4251CDE0419F0
:106DB000E0FE0AF4D5FA20E2110DE123FFD44E22C1
:106DC00048F2C51522F8D8DD0E22FF0300F7311175
:106DD00024C9D2FA2102D0FD08F52928070FF8248A
:106DE0001305120BF51DF8F1EAD506F2E219DFEDF5
:106DF000F0F2F715F70601E5200D361FCC321BE83F
:106E00001E1D26F40BF8E532192F23DDF7EC35D0E3
:106E10002BD5CF02E105211D2C1ACAD4E338E82670
:106E200001DF10F8210D0F08C0C92C0A0F0DEEF676
:106E3000FAC1E7DBEB13D4CE1AFC2DCBFFF6F50B32
:106E4000F1FE0CD5FD06FCE6B53D4BE31854EF40D2
:106E5000FAF4410F09DBAF0205DE230E0CA2DA398A
:106E6000041A1BC7BBD9D318FBF6E538D6F90109BC
:106E7000142B0B0DE97FF4E7135221DB0813EB0F02
:106E800000C6F5D913E5EECD07F9E215DD1315219E
:106E9000143D0A4101E206F5F5E5FC27FD25DD116B
:106EA000C11524E9F1E5DFEE2AEA29DCE3FB0D0355
:106EB000E533ED1126040534FAFB1DE7F806DE0183
:106EC000060D290E0DFE2838010AEF42F417FD03C6
:106ED0002F0600F01033FEF5E5050EFDD3FF24F27A
:106EE000F006221541E1162334F2F13E17F9F6FEC1
:106EF000161430C9E559EF2928CD490BBAB8B73F68
:106F000008FE1C2BE6F6DB25F4B5D306B85755D59D
:106F1000E4CF23B726EA280EB858060B880FF9E508
:106F2000BD133ED1003BED434A23EC1305FC2B4738
:106F30003C2B3B28CF5B18442ABD3D19D35B490647
:106F40003CC3464D3CABD3707B22DCF82AEF03E216
:106F5000B000D73BFC280105FF11E9D24C43E9A55D
:106F60001A3F1C193E0332A8C2E72C0A40F0D20394
:106F7000CFF733F920C53E1DD5BCFF0A35FBD7E25C
:106F8000E412DECCB2393842F33D061F39B02A296B
:106F9000F11DF9002B03A036E3F2F7112FE2E058C0
:106FA000ED4D1B1BF0F1003F242EF61550E6E40ECC
:106FB000F43F0102F4191E0BFECF1201E40244E774
:106FC0005C100BFD63811B8B364414CA09FE04F070
:106FD000E7F31B2221E46C1CEAFAE30EFCC00FDB92
:106FE00057FABBD80F0A4727DDBCD7CA09092AAF11
:106FF000F0DE4BFDF30823EAFF1DC4FCF13503135B
:10700000270D15094CCE3AB3FBF209092F4B31F28B
:107010000BED0D1C65EDCD3EF8D60F331FE234E1CC
:1070200031230CEDF0F6FBFADAE31319FB280ADB47
:107030000E08FBF5BF15F32EACDBF61D021B29E194
:1070400023FE184FEC31EC14CB1407D8FBFED33BD6
:10705000BF21ECF3CDFC0DD3F4110AFFFE2610EF97
:10706000CFA2F2EE42B83B4BAEDA20C509F11D17B4
:107070000AECFEDBEC33D9FF12D7CE13C0430B7FF3
:10708000ECB3D116B404E0FD45F90582E807FCD75E
:10709000DAF6ED2003010BEB092C231FA9F92CD6FE
:1070A00012EEE91AE842DD0142D1B53C02D914E3FF
:1070B000BED6040121C5FBC7050FC9BDEF262B00B5
:1070C00038D8DDD94BC74C061EDDDEDCE1DFF7E545
:1070D00004045FFD332D2E5DE8D70FE014B8CE1702
:1070E000062607E718031926F7E83FF1D216FCE455
:1070F000074007D84F01D2DACB41F54713FE20F6FF
:1071000013FEE6203F21F0F64B2D262461010EEB05
:10711000AFB5280967D1E023F506F022AB1429EBBF
:1071200040D0B5111103F7EB05E4343FFFF2111025
:107130004A1721DD2AC3F20EE112E603FC270ADB1F
:10714000622BF12D1DF4D70B0D1EC806B4B8E71540
:107150001E1B310725F9E319DCEECEFD06F6F41B04
:1071600000EC36F814D700F0BC042157D8F91719F1
:10717000C13002FFE32DEA150A08A5028506231B8C
:10718000EA45E0DE1444DD0C0F1B0FBD0547E80D9A
:107190001EE9CE7FF31C3EF4E91C1B741B1D341B3F
:1071A0002632E6F3332101482921F436F3CA09F2E5
:1071B000EC4DF9FED3BBEFE326EE3D211DF811BDEA
:1071C000E5320A1F13D669E503FA1EE0D4F1ED118A
:1071D000B7FAD1D0CC05513DD62D9CC9550DE3BC95
:1071E000EDF0D6E5DA2235B719561A06F71EF1E6A4
:1071F000F60610F7D3E3CBCE161B0CF2EB1150F2D0
:1072000005E5CAC2EFFFFC0234EEFC172A3BD9F3B6
:10721000B9EBF4264820F7FA10EB39FD09EF40E10D
:107220000CFD340BF91402151239010225DC042778
:107230000325EA2518F041EBE5FBCA041EEAE8BA8B
:10724000FFF012F4FD19330920D8F71C1B11CF00F1
:107250000DBB09DD312D11BD07021DEC2203149E6B
:10726000071AD113FA144AE912F2EFE807FADBFD24
:10727000C5E508E406D114FAEFDCFDF01EE515FDC6
:1072800030F9213CF8152209283030E5DF110EDAFB
:107290000516D9DCF524D1CAEBFD0422CE2EE4FC80
:1072A00015DBFE8217E40D2DD030D2E89A24D005EC
:1072B00011CDE800E0FCDBD1E7542F220E2106E9D6
:1072C0000DE6F333230D0AF617D60481AA0201D97D
:1072D000F3F1DC0CFC21FCF01B021EAB14E624F5E0
:1072E0000FE3DB030107EB005C17F50702FA00E789
:1072F000DA1BE6075A34C8365CEC43F208E6D44899
:10730000FBE1F256CA26194B3A030325B5054401A1
:10731000D4B9FEC4D6A1467F2041F614FA6B463399
:10732000D8CFD2CCE2351E1117EEFA10ECBAE62017
:10733000FE1067DEC50114FA2A091024B2FB5E10A4
:10734000D60126E3C60B9E8DE64EF8F01C2B38E5E1
:107350000AF61AEBC2ECF3072301D5FEE6E847E78D
:10736000FBFEE10EFC4BE327EA0CE52202BF2A0BF1
:107370000C22CE4CF83B0C55E41025DB2A29DE0B01
:10738000E82EF20E1144C103DE38EDFE79FD210036
:107390001CF00ECBF112F228FE16F822D5C9E40437
:1073A00022005851F630D920EFD6E556C3C9D73E52
:1073B000FA3ED94EDDD3CA03C62F0A320AFDD0FCED
:1073C000C12CC25022110D02E0C37745F130C7CF66
:1073D000932B3525D133FAE645131045D2CE160549
:1073E00031BAE3DC50EE34870FECD0F539ED423999
:1073F0004216E93B29214E05EAD7D2F2FAE1070409
:10740000AF183AF2FE2D0705FA291EF619F1582891
:1074100019EC02CF1714180BD6EC26E29443D15A7C
:10742000BAF1DEDA14E733112DDE01DD1643140361
:10743000FB1A360C25CB07E4150DFE2ED2E90F1DE5
:10744000EFDD3ADB29C9F9D7DCD88110C4E60C019D
:10745000EE31D5B8FA0F0347FED1C52328E00EA4BC
:10746000340910DAD33837B2C3D7EFF934D4162140
:107470004FF9000E10E51824F53BF6FBD103D9D4E3
:107480008636E8D2003A35130A10F02B46F3344B17
:10749000CBFD06FD3DEFBE42ECF101A95D13F14FBE
:1074A000AE64EB5138670911D9E0CEDA432FE60616
:1074B00012196F5F203656F0BBE7F7B415DEEF0AFE
:1074C00023ED7B923E19FDCFB40D17B704FFCD1A03
:1074D000403EE01DDFFB161511E2134935AA0BE310
:1074E000F9073534FFD4EA4D03ED17EAEA0DE51646
:1074F0003EEFF5E4FC0525DED31BF42D4B312300D4
:10750000FFFEB01B620A1712F700072C100001F8EB
:10751000E8BDFE18D8181C010DD2D80B041430F1A8
:10752000280B2E1E2EF1F0D216EAEB19DB26E8FD11
:10753000E31F19003BD102F3FF171024F7EC2FE8EB
:10754000EB16070AF205F4FC0313EEC7E3D5DD0BD7
:10755000E6CDA9CE0E03F3E410E5E203D5D1DCF7C6
:10756000E032D6AC08C6F6E8F1C305F3D7FA5FC43B
:1075700005E6C90EFA1BF934E30FBF14CA154647D6
:10758000E501C4F30DFABF1FDE24E6E32005031274
:10759000FAE5D8F83029202440AC24F9C549111F58
:1075A0001A08AF19152DF6F2090DE8CFDC002DD120
:1075B0002B2320F12F06181C040716F52A0626DDBA
:1075C000EBF27FD600D0EE190FDB3720DC20E2C7CC
:1075D0000600E20CE9EEEDFFECE8E7EFDDD926026C
:1075E00022EEFBCE392DEEF019F5EE2E00F8FC035D
:1075F00005F7F60ED9B91A620DE6DEE4D1FAEDF41C
:1076000015EFFDE3EAFD2628C01021EAD421D113AD
:107610005607FC0E060B0DCEE7FAEC2F08DDCC1753
:10762000F833E530F0F31A0BD7FBF1ECDFF125343A
:10763000A805DDF0DEC118F233E71805F6FC2812C4
:10764000EB1407B2DCEF0EDEEF350E13D62F0899E0
:10765000FB2E422010EF9CEBE51A16A30EF02FDF55
:10766000FDE7E52F0523C30C2030040003FD1EFABF
:107670001ACC062838FC03D015FEC3381B26CB0FC6
:1076800051E5FC24F100F9D5F9EE28F902DDEF010E
:107690001DC2D9CB1D01CC181734F4E1F4F506E571
:1076A0002810F4E1EFF3EFEC04F2E020F8D5FE1936
:1076B0002603E63B160751EC06F0090D02041F18DD
:1076C000FA11B07FFC142010FEBDE225142A04112B
:1076D000F0EEE701C51200DD13B26C2140E1EA2DA6
:1076E00028D0FFC2EEFBE5F8FE08C7E0FCEE1BFF6A
:1076F0000DEB1542D6F723B6CA09FFDEF0F3D5022B
:10770000D7F8DA0CFA190EF6F2D9F1FDC7D81E0433
:107710000CFBEEF1091AFDF5CFF80D0509DFF702B4
:1077200004CA08F50403FEE0DC122EF3F838F00A70
:10773000DF3313FEBFBDFC122310F901E2BC2A0C9B
:10774000E4DC101E1727E9D90011BAFBE2E3112887
:10775000C21C81FBFCDBF7F1E6CFDB2534F106F53B
:10776000EC1AE600F1DA0EF7F607D1E9F8FE65202B
:1077700017EAF8FB0ACAEB1E0706EA140942132CA3
:10778000CACDE00F1714BB07F8EA05FF01EE300F72
:10779000D90BDEF805D8DBE8FF85FEEAE636FC0308
:1077A000E018C8450B7007DEF818C2C123F9F0DCF9
:1077B0001BD513D13EED03FEC22017ECF51E0E13B0
:1077C00004DE13CBE0EDDBC7F7CE02BDE813D8181B
:1077D0002D1F2E0CF7F32D47F9F9F3F52BC1F0FE11
:1077E00004052EDE2CE607FAEEDDE4BCEDC736EC30
:1077F000AC29E6DA4C30D43701CEE5BA0A01981547
:107800000606DFF9F2C6492AD80FF4FEE41D291E48
:107810001104EEC1F6AFE444DF2B0ED910FE2D109B
:10782000CABA05B0C020E5EB24EDD9B906D8E7C93E
:10783000B99C04DEF4DCFF080D06FB193950222C3C
:107840000092F8E9E9EE02D9DFAF2BFE3A13D0E35C
:107850004DEC2AED0CB7CB03DF31EFF72803FEF632
:10786000593225DA09CA1D0FC3DD247F5125F92EAF
:1078700005ED2AFBE5F0FD0CF33B40E4AADAFBBD85
:10788000FDD80D2EE702C82EB2DB1E4928F8F4D829
:1078900002E603F24021C62EF9E0F5323416FF1B52
:1078A0008A1A6D55EF50CE19D5D0A6EA18AAE84E1F
:1078B0001DFC2616EDFFE8D9D101F4DAE9B70BE09B
:1078C000D32602E908F10EFFCBDF1AFB13CCFEE84A
:1078D000F4212BD5E9C7FC420A620D4803CC4808C5
:1078E00011140A0BEEDC2217DE4FCDE7CBC2CAE340
:1078F0003AD640DBE1062526350E0412011F1C1086
:10790000EB21AB22D43C2AD7E4D61C0176FB0EDC5B
:10791000C1D02A222F2230F34F0A5014910211F2C3
:10792000FFE5F2A96923F70EBC31093AFE38F41ECF
:107930000BD0010DFF2B011ADC52DB2428CBDFD743
:1079400008DA234ECBF6F20CE6471BE1173918B6DE
:10795000D71E63FB1481C2ED8BDA341046ADF1B74C
:107960000C1AC4C2BEE83E47F424A4E0D0ECF7F4FD
:107970005EEC128B32EB33B6EEFAD82106E4DF353B
:10798000E9D3D03503EBC7C40840EB0C022733BD65
:107990005605FF440BCFD90FC6C01A2B0AFA8D0D1E
:1079A000E2F94AF10B0129FB4A041AC5E02107D18B
:1079B0009FDA04350C370BF9E4203EE8FF540CD66F
:1079C000EC110A141A2353E502054121E154F6FA99
:1079D000EE12CE17E955DBDC4816FFB532CE222574
:1079E00025DFFCC3312FC4D501E002C6E10C54E908
:1079F0001B0837113CC7F7CFD02FBAD8EB2111D5D0
:107A000044F2D7ACE10DB7DBFDC109F0DA2ABEEFD5
:107A1000DBF83B3C09E1B32817BB58D9303012EFF3
:107A200015DCE7C8223CA406020B1D1725E2F3E48F
:107A3000D92910EDEE25CFFC072CDB0FF3FEE8EC87
:107A40000500F90EEF3228EFEE8F2FC704FFE9197A
:107A50000023E02FDBFDE13CCD4816FC8835FA38E9
:107A6000FF05F51D2BDEEB37082B18D1A713C8FB3C
:107A70000C1AD7E5F54E0E14F512D20E1FF4082F8E
:107A800031F4FD351DFBDEFA2207D122B0050EB719
:107A9000D79AB0EAE1EA2EB715E9D23229E0D4B795
:107AA000F9FCFDED1CF9DE3AF816C5F0FED900CA66
:107AB00017E91396A3C7FEF8EECCD01CC8CF0EBEB4
:107AC000E8DBEF3F14EE121A31A000D5D1274AB7F8
:107AD000C3150B181F2381BCD10B0C2C2F022DD9E1
:107AE000BAC5FA20E8021BFC0079F7100D220C1D24
:107AF0002BD00E102BF8F1E22C0DFAE3DE24E0007F
:107B00001D2422201DD4121DE10A38FFD9DED7160C
:107B1000190B05E081DB05EE18E23CC329F5D9120B
:107B2000DEBF24E9EF28290A121DEBFE06CFC8E9C3
:107B30001A23F4DCCA161DF42A20FE2CF9E70E2FB6
:107B4000E1FF321C3BB9D3E0E32A3D112B150501BF
:107B50001806A8E0D619F34CE92CE9200311E31923
:107B6000442EF1D3F5D3DAEC1916BF03CCF1F6EAC3
:107B70002D30D003FCF7FCB9ED18F5070319E80127
:107B8000041419F1EDEBFD002206D21B15EE0AFEDE
:107B900029FF1CE926E125063A14141F21DBCCF944
:107BA000DA4E4120FD490ED2E3C3EFC308CA20F1EB
:107BB000F6D1D920F1D407E1D9D8F0F90807A8F80F
:107BC00023111604DA07C90A013619012A083216E8
:107BD00010176EE647D58E61EF1223F7F8540A2C82
:107BE00009DA2347D6DCF50C10EFEA9A0C1502AC43
:107BF000E1C1FF46CE111022320CC921EDEF1F2743
:107C00000DCBC83150E940BAD70D351D39012106D9
:107C1000E9E5C40627F205293417D3290E300D01F2
:107C2000592AA328EABB3505D1E1E144CF0C0CFE6B
:107C3000DA8E34FD03FBFCBE39D634CD2B1527017B
:107C400033DCDAC8C618F602D9252828DB1AE5D2B3
:107C50002F377FF1A8BAA9BDA0C037F002ABE8AAC0
:107C6000E4D8CAA13C10EBEBD91E0C2436DF2BF96B
:107C70005ABDBB300F5010F03EB7D94D04DEDBF1DA
:107C80001E4A2711FAFDD8B102FDC291F211CFDBD5
:107C9000E424D20AB4042DE82044EEE8FAEFB12639
:107CA000131628ABEAD69AD65FF207C3A9B7CFE975
:107CB000A851EBFE1420BE17E5D5D5D60E0C0F50FB
:107CC00006C309E8F0F9D23DFE5BD16BEDE0E6D1E9
:107CD00007CEE6E3B8031912F4D810EE0887D5E909
:107CE000260F44C6F6D601D5EFEC17C8D1FF09EA36
:107CF000F9EE13ED2B0BED33F902F20C1DD1152C1F
:107D000037F7D20043EB41DC360D2F3043D7FE4A24
:107D1000CA0DE16447D0FB1A1CE7D9181F0630FDD5
:107D20002F36F0FAFBECDDE41C17E520DB252716E7
:107D300001D7E409EBE0501D10460313FF3411B5E1
:107D400019EB0C72D42B0E0107DEF1F70FF2CBD832
:107D5000F3FE3DC8001BF9E1CBDBCBCA4906EB8E35
:107D6000C8F6EDC54AF7EBD4060419E45A1A1131E6
:107D7000D0FF491C0E041F4601E9C24FFAF606D394
:107D800011434DE005D1CDF2FC0216AD23160FFED6
:107D90001E44EC160A1CF9DC21E50308D516320C4A
:107DA0001EA0DE84D3CDD727F71ECEBAF808F8E997
:107DB000DAE631021B0ABBE10D430205DB3445F66E
:107DC000FB2A4529FCE733C81226F4F381DF1101B1
:107DD000E41439E4F6EF323A09CDEAC9ECD31F1CBA
:107DE0000E22FF1BEA222CF1CA7FF6E23D0306FFBA
:107DF000E8F400F137F61D0429352DFD081A080AAC
:107E0000320B17E9B6C01A23EE0FE8E0F102F40BCB
:107E1000EA440603D4EF0F19F43222F920F4C2E940
:107E20000AFC24CFE822EC0C3450000D15CE20E8DB
:107E30002E19EEEFF32002FD2C300B160F36C8EF93
:107E400053FA07E3281CF44E04000BE0113A200A11
:107E5000DEE710EA2423E43FFF281CF0020FF40CB5
:107E60001BDBE426F91304122A453EF60014BB0975
:107E7000E50C05C5FBF2CFE8D40D65C65ECCC8C1E4
:107E8000370B2019FEED1A12F8D2EFC5E336F909C7
:107E90002318040A22C0FDE1EE56072D2E11B41C52
:107EA000ED6E32ECF1F2023AFE250DEDD4E950D33D
:107EB000A6B72FD3F5F5ECBC1B29E517F80A13F08C
:107EC00015EFD9443616D12EED0DF242FA2E2CEADA
:107ED000CBD6BD27E4E9ECC40F1AEBD034F2120C78
:107EE0001B27561020EB01FB1D26EB1CCEF201BE1A
:107EF000D60F09E104ECF6D30307F3F715EC1C3AAF
:107F0000FECFE9E3233BF11321B3F8E7CB16E621DB
:107F1000C6F1FBFF033306EC08D518E2E522F210A8
:107F20001A010E11D2FC07F01233CE1AE62B0B0207
:107F3000E63E311100F630ECD9E8DBE2DF0411D582
:107F4000E0F90638E1C83E060EB0DF1C0ABEE1DDEE
:107F50001BFCD2FC05D52ED2280E11F02EDB099782
:107F60000038F9F8E9FB4EC2051AF3FCD8C734F91A
:107F7000E3DD2AE304CD10FFEACEE9412CF91F0628
:107F80000417B4EAEEF02DF5EB2035241BEFF228B0
:107F9000262401F92009E8C841A202FBDFF6E50129
:107FA000230DD6D3E0FA41DD08D005DBF00A813D90
:107FB0002AECC8DB250DE9DAEBEF3118F9DBFAF72B
:107FC0001EF639C50317E5C9DFE217C0BA1D02D096
:107FD000FCECE5E21C0BD2C109FDE0CE06F0ED1889
:107FE000341CDCDD01CA090ADDC73DE90212DEE905
:107FF0000D1012DF2418E4E1FC130C2609091619F0
:108000000A14BC06532E19F434FC05216219DD1D37
:108010001AFD06234A2EF4211708DF0B0702281E3B
:108020000117E403141C19EF1110BA1A18321106C3
:108030002B2B1AE8340422F21EEFDC0A100CF8FB9A
:108040002E2FF937D23D2814FEE4CD08D3FEC5F219
:1080500040F81A0714282EF61807EDE80ED72AFD67
:10806000D62D0BF30302420309C0EDF9E0EB230325
:10807000E1F2061103011736150AA51BF6402C5133
:10808000132CE5EF11D605092B131E23152BFFF03A
:10809000FA32FCF3F61E02E3FB001EF90B082A0E6F
:1080A000398881CFEA0E0A3BDBE323F1DB0FDEEBFD
:1080B000ED000AE903E12F1C0021133F0121391EC5
:1080C00015F51AEE1E1350E2420A1ED4C42DF0F428
:1080D000F21C4E16E10CFD4D02FDF0ED21E60CFF09
:1080E0000420D9FFF532110DE5E82C08623426FC96
:1080F00022FB335F139AEF080236D232FA0D75D89D
:10810000FFE959DE60B9F00C53FEF9EB18E4EA1D03
:10811000EF574C454D0F02EE3AF02A25325411D458
:10812000F3E5154634E7EE23271EDF121405EFE6CC
:108130000F0BDA1C1D01DEF4B7F7D6F71C13B1F8EC
:108140004023E7F91D5D053BFFD6464103F0DA46C3
:10815000070AD9F5F1381D46FCFC2AF63000024F1B
:10816000CCD7D31141FB13FAF31E2822FA53FA3865
:10817000EE5CC2F5110AC810ECEFDB01E10EC0297C
:108180002DEB634425C0302D14D20DC0B83A39C24E
:10819000F0171D27C4F62ACD062D1852F7F9051F32
:1081A0000BE8D1244BD438D2F0DD280B120449F56A
:1081B00092EC1BB53404FE0EAC36C13D31FD32C825
:1081C000FA1C0F56F4120E692308C20D191310334E
:1081D0000994B3E82E19DD392DEDEBB84AC8FE2617
:1081E000FF467FF8E62E0914EF3E0001B2C7EE14F9
:1081F000E4E90FE4D1F839FFBEE90119EA0FB6B29C
:108200000701A944F9132CFB0C0A230FDC03D6EC5D
:10821000B9DCDFD50F11B9B419F8E952DE07110C3A
:108220000D0D1808E805F007090F3105F6101C1EA2
:10823000BFF4DEEFFAD62007DB04E9E40CF4FF011B
:108240002ACC0D1F2A492007DF4AF4F4D5D72C1673
:10825000C9E616BCE1DBDFDB08DAF1D54DBDF40879
:10826000C3D0A41A24C2C5BF9CE85CFC6C1E380CA9
:1082700032CA4081D5E1EBA905D1ED1411EFAD165D
:1082800002CAA4360DB4E527DEF7BED6F3F223E921
:108290001A27CE181AE9F5131D07220CFF0BFAF95D
:1082A000E308E920E467F9A604E0F8E69CF82AF27E
:1082B0008D14CD0A710F1520CB32F7E1F03149F161
:1082C000C90A61B202C703162606F908ECD9E8E329
:1082D000F4B3D4FCEC1A663FD8E6ABF112F2FB1E05
:1082E0000F142ED719D6EC11FCEACB0D1EFA36FD71
:1082F0000607FA0DDBF6F01709F122D004C41107C6
:10830000EC13F9E8ECF6DA23DAC704F6CC0A0FCB63
:10831000F023F9073C21EFE4E21F0FF6CADAFB0B6A
:10832000CED329E6EF05FCFAFDD128D8E1F0E92605
:1083300008FD0750F5D9201FDD05BD06E0DFE8EA9E
:10834000F6FF2A1BF2F0F02229E3C708E7F92A0119
:10835000EA0ED90700EB4FFB2118F7E1183006F3BE
:10836000EF18F7250A0F3C062C2DF2B901F5D9E9D3
:10837000C4F51AFE0BF70719F704F3F1F4200F0800
:10838000E2E4F230E40C1D1D110630EE1BDF56FA5C
:10839000ED07E7C41DF8EFE803811B000800FB139D
:1083A000F4FAF611F7D22405FF2AF70D021603F1AD
:1083B000F61B0C02001AF2E70E3A1AF2EE0FD9E998
:1083C000BCF4330814ECE3FAE6EC13F91325EAF7EE
:1083D000FEE7FA05F911F2FEF8EAF40B21E9E9DB10
:1083E00001CCE3D809EAC8E405F60EFE81FBEE34C1
:1083F000C01A080A0437F83CFB033EF50F19202A7F
:10840000E714BD34014C10F1032908FD132D080BAE
:1084100041E1C101EB0D2B3B1EF208FC1C053A1299
:1084200010210E032A1D0945E321E11A1CF824122C
:10843000F8CD2BD139FD4BF50751280E31251E1EE5
:10844000CAC9FAF6BB1709E9E6E400D822ED03EF42
:10845000FFE8120BF7E0F7FFFE18F729F2CBEADD91
:108460001D0EF3E8DCF61A07A2EEFB3147D9FBFE3E
:1084700012FB11F9E70F1823F61D03231D19000342
:10848000033AFB46DBFADF25DC090E1A26FAFCD795
:1084900003FDF1DF3638F33624F829D2F1272C1A00
:1084A000AC00102CE61AEB27EE04E4E5F418C71A2A
:1084B00002042B2FFA26021FE61EF6250911F5EC01
:1084C000F4FB17BD17172211F9F822B5FA12E808C4
:1084D000EC47F6EB10136E07FB14F3FEC3F7350AF7
:1084E000160ED50346101E33CEEDD82226E4119D7C
:1084F000E819E21BFF22C352CEFAF01311F37F32C8
:1085000010FD0FFE0E1BE602F6E9F103EEEC2CE186
:1085100014163F2125F6E52002F1070C07EE33F88B
:108520004B060210EE3DD401D6191D0907032A059A
:108530004512F5F727E53152184B18CFF5FDBD0769
:1085400028010B39F45D191F2990ECFCCCEC1114B7
:10855000BD365C0F08F50B36EA3123B807EFD6308D
:108560001BE6EBF401000F1C083002E40E1BE1AB2C
:10857000210A0202F148B814FF12D1050629E5EBE1
:10858000EBFB02450A1DCF013FE5F2B5F3E309DB42
:10859000F2F21B2D281DF1060C0A5313030EE81FDF
:1085A000C8FC56BE3DD7FB3119422819082D0018CA
:1085B000F122D4D42E0325FCFBD9FB03221ADBEDD8
:1085C0000FE5C4E021F0F3DD0CEEE3961D1B221253
:1085D00015E5E324F73D28E905EBFA3324BC070A47
:1085E000F2B84732621E0B1EF9480BE7D2E9181A9F
:1085F000EFF9E8F42D0B140817FCECFB1E17FCF543
:10860000070FDD0BF2F215E7F40B17ECD1FB00F7C7
:108610000703D6039DE7000B11FBE10A11E9CE0326
:10862000F0E9001100E8F9F606FFFF03F1E915ECA7
:10863000FAFCE903E107EA081C11F9EF0C0504F65E
:10864000DBEEE4CAF115E9EE0131000005F201F7B5
:108650001DFEFBFE1513EA4A00E30312010CF2367D
:1086600001F1FF02F505C21CF9FE1811F8F8F7FF39
:1086700027FBF2E4EB0810F7050DF7F60802EBE430
:10868000150C1718ED010CEAF7E2EB19EFEE060FE7
:108690000F140D0A12DAF91B130810211FFDF7EE53
:1086A000E77FED1700FACFEDFD14F8FFEF10FA05A4
:1086B000F6F7EBE6F1FDF717FC2201FAF9FEEC0103
:1086C00000F8F104ECF9D739CA06CE1714EAEC0D1C
:1086D0000414CB0016FEE7DE0302E1E9E50A14F814
:1086E000F5FBFF13F8E90912D724EAEA4714D00E84
:1086F00006E5C426FDFF22F2D9E0EFE4C42F0030E6
:10870000E5F653BBB5CA1213C710FBF8D9150F1FF6
:10871000E73FF3F2DFFC04F7E12F15F1EE08B313A6
:10872000E1C81FF30102201DE53C2FCB40F232E0EF
:1087300021FBDF3CCCFE0AE00FDF23E6E135DF1F43
:108740000A0CA29D0ADB0836FAF7220BFF035C36FF
:108750002DFD28F037170B1911E13B10F807011315
:1087600001C8C83BF00EFDEBFD631A14F50BB1090F
:10877000AB2BF20FBBEDE5C3F621659302138785A2
:10878000FCDF09FF212C48F5FCC4F8EAD5E7F340EB
:10879000F24BF2DF1CCF1618F24F054E42FC81035C
:1087A000C13533ED08032CE4040EF02E0E3829EB0E
:1087B000C621FCCAC409CC3EBD46F1FA290006F91F
:1087C000E200CE50DDFDC24EFDD8DC202FDD0F19BA
:1087D000F5D724EE240DE4ED3B032BE00BE835EA5E
:1087E000ECE33F46060AC30605FA0D151224D70C22
:1087F000D4ECDF00F32CF908F6FA0AFEDD35E706C3
:108800001DEA30160A3A1AD92EE8D20148CC48BEE1
:10881000E20125E6331CEBCEED2BE0BC87F9161107
:10882000CFCEEED210290F1E9DAB393A21FFF9C1F0
:1088300040CADEFBF028C1D3174C0CF21EE4F5F45D
:1088400031AFFCF938FAE632C50F27C6C5EF1E1264
:10885000B5FB5CE109E7BFA2E7CD42490481E0FA3C
:10886000E707FA0118CD07DFE1F0C205C6C2122AF8
:108870000D2CFBC1101BF6EA0C3316DD2FB7AF0829
:10888000BEF4ECF3E825E8280028171BEA26180DAB
:108890000E5706230FF62A14FAC2051A19EEF90527
:1088A000F1F8210D1BD601D516F336EAE5181D1493
:1088B000EA0E05D809FC1B22E104F503371C11035D
:1088C000EDE90AAC2847B4EAC2EC0E00E2D6D42F98
:1088D0000B1007191D18622AC80ED5F20BB323C955
:1088E000E42A32E550C40D1B1B0E16938502E1FCF1
:1088F000C9FA29050421E8B7FF0D01322C4230EEF8
:108900000AF6E5FBDD5425F5203EF4310B0DCD01D3
:1089100016A6A512F8F4522C14C5AE3CD5CE26D41A
:1089200067DB12312D2E203A05BE3C281AF113F7D1
:10893000D3E445AD02134FBC1020140B380631F3BD
:10894000FAAB1B13CB08F0BB273AC9F6F5B2FB18FC
:10895000CC91B89F18CE22C21EC7F0EEE0B20FDB5A
:10896000EB2EBACFF8A907F1DCDAD04709117CEC7D
:10897000EED100E0FE3316030220F155DBE12BF4CB
:10898000EC0ABFFE07DFC30FD54BD907230B10023C
:108990004402EE243D2B4103FBE10567B42513DDC2
:1089A0000DDDE1D72BC4E706141D24DCC7DCEDE3A5
:1089B0002E101A0DFE1EFE21C4123C0DF90709CC23
:1089C000570548C8343FFA1DBB2435E99940224970
:1089D000FC0AF30AF9E57FF1E50CEADBEECC27CAE5
:1089E00024F9CEB133DF23170C2C09C404F6D709C0
:1089F000DFCF13DDD2CA17F82FD214E1FB1724C43E
:108A0000100485491FF05DB3B767CBC43BECA70AE0
:108A1000EAE4CE2E1F9F342F5F0D0BFB5E0EF00A93
:108A20001A25DC400DD121FA08273B35E927143EF1
:108A3000F7BC0001FB18A4F406EF22190B23141451
:108A4000022ECC159052DDE142513AE00631400948
:108A500032E413DDF83BB9D7FDD300FAEB9EFD13EA
:108A600043B1FBF9030CBA5708FB49F4331732261C
:108A700015CDECEFED430DE401C5621DE1FEC2CC66
:108A8000DF0D17F4FCE91D02CFDF16A8D63A171444
:108A9000D043C4160EDC3C00E6194DDDD835141564
:108AA000BC5FACC7F3D3BDE952F312E5FD102BEB6D
:108AB0009C031B0E0944AE380824FD19FDF7E9415B
:108AC000F80E3922DA81982E3B4B9E64BDE6B1F454
:108AD000E73724BEFBEB0630014C24BEB413FA2862
:108AE000032C4CF1168E001B01E7F001420C19CA51
:108AF000DD290F0FF40DCE23C5FF2A193EFA3A1DCA
:108B00000DFD161717F3EF06220602F6E115361CC7
:108B1000E50F0B0608EF05EC15FD10D2FDF010D2A5
:108B2000D9121BF7DD1AC700C50C0304E609DAE702
:108B3000D5BE26F30EF10402F309D9AF2B1903F2C7
:108B40001EDB11F8EB10261406813A0EEAD806FD5A
:108B5000E1FF542723E8F412FAFDF3BF2210E5CA1F
:108B6000BCFC20DE3FE50AF8E20EEBFDE600091E44
:108B7000F7D6093F07DCE4F204EDD608C9E8FDFFAB
:108B8000F7093439DFFEDA2A19251607E1F7F8D09C
:108B9000C6122702E415CEDF1E07CF02F9E0D3B4D8
:108BA000C9DC0FDD37D3E7E5C40F14E6FD1B16DD86
:108BB000E200F2D2033BE9001CF4E3100DE73705B5
:108BC00022CCEBF613081710EBF5FEEDEE070E11B5
:108BD0000C03E0E00A1106EE1CD9D612EA1FEA07E0
:108BE000F80811021007F80E27E3D436E1F49917BC
:108BF000DF95121AE423F0F1FEF21BC0F5CCA3BA04
:108C00001D0D0D19C9170530D8EEF51BE8331AC82C
:108C100022EBE1D3F2E0FDF11DF11FF2E8E0170BCA
:108C2000B57F37E5D2362B39133A02D40CD402255E
:108C3000B154C2BACB4DC9CAF8D3E30205690FB922
:108C4000FCF023BDEAFEE018BD271BE7EE224AF444
:108C50001509E42ACB1A071B2BE6ECF521C23F08C5
:108C6000D411EC13EEF8262811F425F1D70BE40308
:108C7000D8CD2F1BDDE502ECDFE7E8E03422F58DEF
:108C80003BC7CCD7DCF86327EC0EF21213CE20B929
:108C90005D0AF8022FFDCC07CAD8B0F7F5F8E1DA83
:108CA000C506E40F05FB11051038D136D7E52CD0E9
:108CB000F4003EDB1FF1E3D8DD1221C5FC98FEE194
:108CC0001FD6260E0BCECFCEEED61E2C2E1C351365
:108CD000E0D2EF28C12CE897F4C31DCA32D8D55092
:108CE0001F00B9A5FF03CF15DDE609D4E31B1D392D
:108CF000F5002C2FA0F437EFD4D421F30D510F1B26
:108D0000E1D013334C2AFB21393EECE7250B06E476
:108D10000D07D6F6F1EF06DCF631E8FC0613ECEDB4
:108D2000E1033BDFF3210E2EE1FA400E3FEDFCE9BB
:108D300055F440E71FFAFFD4E96100E855BEF1E0C1
:108D40000CC2F106C5F21E08F905BD0C00C1DC22FB
:108D500093D2CFDEF99732F0D9BEF23A05D3E0DBF9
:108D6000E149D4E102B022BBD9E8C7E20B2D3DF1C5
:108D7000FCE2F317FB09FCF2D91C2A2DF807FB0EC5
:108D8000F5E10012F7F7C66AF10859FC0C1C11F264
:108D900006124D082739C9F949DF49B9D7EEE02154
:108DA000BD10C9E0E5222C06171B10E5E5101217CF
:108DB0003A072EFF0128E30F8113DFFC1608EAFBB8
:108DC00037F811043342D1DDE9DC26CB04271A0041
:108DD0002815B5F63C002B4B062ED1DF121FFD0ED9
:108DE00023E2D4C8330CF9FD0AE6F510FC1A0FF69D
:108DF000F2EBFB3E3246F618ED03D1C9F140A3EE8B
:108E000003C40E2C44B4F20008F006F3EEFA032E6D
:108E1000FE5FF6272704D01427E104123416E14040
:108E2000D3F4F5F2EBF614FA3B2FF506282CEACC36
:108E30003DEE05DCB81CE0D1A80ED1EA25012600E4
:108E40002A18F3E41F5BE120D2F848F2E9E2143873
:108E5000140FEB0CA030F80D06E518CA0544C42B1E
:108E6000D41FCB1CE71603CBD410BB235328F10B24
:108E70000A04DAECDFED230321E4DF2F1DF2E3D156
:108E800001E6161807E6E60DEDD8EEFFCD00EC1C66
:108E9000E3EEDAFF10C9FDD10F20C337390FCF172A
:108EA000B914FF1043450F29ECD5ECC3E10A16CEE7
:108EB000A605E1F8F736B419EDDDB2EAD5FA0CD122
:108EC000FF1923C8EFF4AB02020EE23AC3EA05A58C
:108ED000171502F3FFF6DE1C030511AFE0060201D1
:108EE000F70A7F4DD61C394A09F9AB3504F717E666
:108EF000B7F323F6E812E6EFFCF3F4F50BF8FFF412
:108F0000C71214040721F80AF5AA000D1BE7ECD2DA
:108F1000900201D90D07FE07D5FB13C4D2E301155A
:108F20000BC639F3F61CC71009AC1C1901DCD90BB0
:108F30004301033A19ECCC4BE0240BFADBF323EBAF
:108F40000AE8E71235D6D52E1EC4FDFD0EB60DE794
:108F5000D2EBC7EA08E43DF84AFFFA4E0C10DE3ABD
:108F60001EF2F2F5EECC10DDFF2AB7CCF1F4D8E119
:108F7000080113E7FEF80F1F0FED0FDE120E0916A2
:108F8000CFF5F935EEFD164C1D23F62517F02220FE
:108F900004ED1FCE4308D32F3396152BE203EF05C4
:108FA000BB1117FEEAE91DE0EDFAF412402ED0DF06
:108FB000EE06D1C5FC06DB13F81DEE0ECCD0BE01CB
:108FC000B6023481E416F6E1D6D91BED0A02F9F1B6
:108FD0003320FCF83A2FE037EB11DCD0F904F5CC64
:108FE000FE03E7220EF709E0FAF2EC12D2E333DDDA
:108FF00019ECD8DD00E812DEF306000405F1D41602
:10900000D3030AE21612DFF823F407FCD519ED07A3
:10901000EAEF0CFA110AEDF6B4250F1A08231DF138
:1090200006F0F3D5F2EBFCEEF2D80ED4D51230EE0A
:10903000E009271010D5F3262DE70305E415270BCB
:109040000C13FD0AE6EDD11405E6F6DAFB110D0668
:1090500002E5BA4323DBF50A0D1E0BE0F122F53AD7
:1090600007263AE60CF30BF802010409F4F70CD3D7
:1090700009D9F4F002E604FCF21304F3EF227F5066
:10908000FA0BAC1E020BE0CDF025052D1EDFFC0413
:109090000FD308EF03E9D90E1DAFDC02AF0D0018A6
:1090A0000DE9F2521D07E6E41D23F50A09D6EDF895
:1090B0007302DBE1E1BE02E1FF001E0CECF4BA0535
:1090C000F10DC719D22AEEECE8D604040D020BED1F
:1090D00007EF31F307E12311EBFEEAD53036E80E56
:1090E000F5D8D7C4FE13F1C9F1392A1E2DD60235A1
:1090F000B2E13FE41CDEF4091E04D61CB3F7E1D74D
:10910000F50CBAED1003E1FDE4FFFBED21F5BD2206
:10911000C20E17E2EB34F3E30EFE1D0AD707E20C92
:10912000D5DD171AFEFA49EA310A0DE1D807E5360E
:10913000F604E54EDDA5030C081300E5F7F2E9C8D7
:1091400003A5EDDC121F291C1D5ABF11EDF628F4F2
:10915000A3CAF8E737D1F7D46B331B3B36F2CBFB0E
:10916000D613E2EBC3FEC1D6DC1513D3560D25187A
:10917000E3E313C505E9042CDDD51DDC5105D8F367
:109180001804E233E7F52C01E8E40DFDEB1230267C
:109190000F1E21C82BD1E40BDEF0F2FE1913260EB0
:1091A0002129E23DF8CEDE07C5FE01DDF92A0204E1
:1091B00000FE0B17532806EDC9510A1F013A17E8A4
:1091C00081D43E250D2C2507E5F6F9E7F8EDC3F629
:1091D0001BD6E005E8E94C24FF0CF90816090E2B14
:1091E000EBE4E8C0EAC0DC1AEEFD0BDDE82934B59B
:1091F0003701FDF81324055B002FB821F9F7B5D727
:10920000F502ECECEFC2EAAFEF42FEF1BD46FF42E1
:10921000EB2B0675471ED1D4C5EBF4357C1431F029
:109220003649EB30DADAE20B2C0C0009EB0F092996
:10923000D212CECEF3E0F8382AE40714F3F90DF891
:10924000F01836F1104CFD0FCBE506461E0C11321E
:109250000B28BC62D90BEDEF2142FDC92DF71E0F83
:10926000C9E3231116FF113F01D83C1B72241CF7E0
:10927000DF121CFC182CDC0FEAF6D25530DECEECE7
:1092800035103A0B14E5FCDDF5CF23AEC12BE38D91
:109290002AF6F816A62609810217DD0ADFF318E47C
:1092A0004BCCCFF8284EB1280019E0BCC925DA2FE5
:1092B00004FD001025EBF8F917DDC63D25EC48EE5E
:1092C0003BE41EFC36CF11FC38CDF2341105191DDC
:1092D000C3DCE8E0BDE9FCBBE8F347E5F9D2FB26D7
:1092E0002572E1FA98FC1EDD07321111A1F620E487
:1092F0002C272ECF251D0DE41A0E0E1F0726EC136A
:10930000F909A926132F05181F1DEB1ED0043008DC
:10931000E9E3D33723DF051FFD32F81EFA0BE91608
:10932000301CFEE3D60410092539140CFF1E4B082F
:10933000062437F12DD57F0CFA13211AE30F01EE25
:109340000F2124FBEA0F09030B14DD3126F0FDF693
:1093500061FD3524ED1AF5F2D92FDAE302D15A0E68
:10936000101004FDD60A0907A8140D1E1AE22116D2
:10937000F8FC19E0D50D1E3741EAEEEAF01D0DF7B5
:10938000FC47D0D94BFDCD090D3821D912E3D4C209
:10939000F41B18FA3249EB12412E030FE80B19E3C4
:1093A000020CDA2DF82CF63D1242E52219DB15DE0F
:1093B00014F6FF2F06DF2E32E3052FEAE62205E83A
:1093C000F6F2FF1AF4014ED7351930ED131C0200E6
:1093D000F1F9C91EFAED3B1C090FE7DA0219FFF497
:1093E0002912E10C37351C0F2BE31ED2C7E3E5FA37
:1093F0002D090CC3F44C095B23E15B14D615F93538
:10940000CFF9016AF94E3600F60A125FD215E3D59C
:10941000F0CFDED1ECADF37BF40A1631C7272F096C
:10942000E73500F1250BF1512DEDD038E0D8D74FBD
:10943000C1BF7A9F05FD41D91A4015F823216D045B
:109440001813F620C41F13C3CB022F31192939EB8F
:10945000DB074EE3F9E3FEC1D8EB0116E11E1ABDAE
:10946000223705F81125D30D1609EB110FCBFCFCA3
:109470001FC5F33E15F3354A31142F2CE7260CFF98
:10948000C5320DDEF71BE701112FF9B7312D11247D
:1094900007FAFEE02414D70209272D50E3CAE33669
:1094A000F235401DBF59BAD825D4DE61FD21CFBEAB
:1094B000AD173BF5E9B7EBE311240925190209D8EB
:1094C00014E0BA0012F925FEDCEE4B33D73100F27E
:1094D000A945CA0FE3CF60CF7F070803DF12282317
:1094E00052ACD89B30FF2CEC14DE16FF0511EBF7C5
:1094F000E8EA130FE902F303F520F0FAFB0721CBAA
:109500002EF5051FFFE6F80F0420FFF2F71208D52D
:10951000DDB8FA14DA0FF3DD1321E6FFF904ED04E8
:109520001927D90ADD0007E20CE0E2F9FB122FF758
:1095300000BE06BE21CB13D0D3F31FDFE3FD0DC960
:1095400037F40422E7DCF337C7DC0801FD16BE0F51
:109550000D077FF50BA7FCD8F62228D927EAEBD612
:10956000ECFE2EDD28CBF1E0D0C315173108FB024D
:10957000EEE10AE7FEE8052612ACE35D0EE915C64A
:10958000191206C0DBE101E6D5E923DF09EFB8E7F0
:109590003266FF2FEE12CDF2DF211BF7EC1302EF44
:1095A0000F11E29A0E30F007EC0206F99B07CD1579
:1095B0000A0C1F081523F6D107EB0FE7EB0A40F45E
:1095C00030F0F4B126EE48F81F14D4E9F0F52ADBA8
:1095D000EF00D5F6070459E10CFAF7E9EFDA03F7E3
:1095E0000237E3DA0A0340F422DC233A039D3A3ED1
:1095F0004CE4F12B00C73421E4DAE425FE28940979
:10960000F2183EE9B708320A1E3C2CF1EB1740AACB
:109610000EF7F1DD0C05C9D6E3DDF1F69D27B9F9AA
:10962000C8F910DCFC09EACA02ED18DFED7F28C793
:10963000E224E7C4E20D2C4CEBFCFDE3DFE1E94161
:10964000F51019FC44E5C40AE615C103D9FA1CC893
:10965000C810BC1EF3FDEB02EDDDE90EECA7E578CA
:10966000CA200337B5E5FEECE5D6DD66090201DC6C
:1096700000E91DEECA2EDFFF0C780DE2F03513175E
:10968000C4DF9EEDDDE30F1BDFF7E2FC19113ADDCD
:1096900015FA010129182F2DD1D3F01C46F307111B
:1096A000E1FC1F5E106C01E0E7CFB43C40F6FCCD5E
:1096B000D814361C26D04A08DB1A2DAA181E230CF3
:1096C000F02B1903F0EB16E7E90ADB2FF8D5173278
:1096D0004C15F6EDDD1C452DF7FB0D310BAD20DBF8
:1096E000D30E2FC315F6C9CDFAADFAECCC18EA2A81
:1096F0001EC6C1FEF63C262400460216EC19241CA8
:10970000F01F064219E37AD60B1D0709B30B1A2680
:10971000DEC690EB22D3F14770608F1F1414EADB92
:10972000252CFD35E4F90108F3F658050635E20766
:1097300021E4D104CDEFE998F7F824E3F501F7BB74
:10974000EE37BD2BEC23EB20D4642310ECE9EB4F78
:10975000282F1702E54794F4E5B212BB1FA2C323DA
:10976000C5B7C4C6FCAB0EFFE1F2171DF1D21B3525
:1097700005F5D52AF60CDA1B33EDEAE3DEE61837F9
:10978000EAC039ED1123C525CFEBDBD21554FD120C
:109790002335F2FC02220DD602B7D5EDD4F215FE28
:1097A00023FECBE3C8ADEF190FF655D5E0D5180F62
:1097B000EF4AF6CA5B01F54CD105A0B5FDEC574167
:1097C00039D1F3FED1D2D423FA17CE36D09DD7FCAF
:1097D00042C7F51006CD58EA37E4F608A222110177
:1097E000E37F48F8458848EA0D4AE5EF2CDA2A136A
:1097F000B6DF13361DF82D0026D8D11BD709441D1E
:1098000013D317CED4321A28E031EFE898AA190BF7
:109810000133F4BEBEF71911BCF62DC8CC33BBF42E
:10982000F8BD1BFAFD271CEF130E14F9F80B00F816
:1098300024E40929CCF01CFBE5330EF0E2D5F0015D
:10984000E99DD5DF26F314D922181A1C16DE15FB64
:10985000C6F519DA1DE4192AFFD3CA621827CBE628
:10986000263515E5E305F4C0E53DB1E808E7F81F46
:10987000171AF3303721FD05044337111AFFE88F1B
:10988000EE42DAD5D12A151102D01237FEDF474257
:1098900010184BFA51E7E3051C0F120625EBF7F5FC
:1098A000E17F1F2E42D9EAC5FF1DE3355915040596
:1098B00014F726080E0CF91FF2361E10072A071D92
:1098C000D3F513D6FB6AAF168600F4D6EC0CF0166F
:1098D000370ECD061FE6FEEE2F39C60AF8182EE524
:1098E000E8EA0FF738DA121C13540305AE0139E425
:1098F000EBEEE8121224C3F9FFCF361608F5DD4669
:1099000010E981DDFCF9EFF6FDFEEF0DD527070F1D
:109910001E020CF4DEF01A30021A0C00F7CBEB0D2D
:10992000FDCBFEECE61DE4E108EDF5FEF628293A54
:10993000DBF7EC35F011560CF2F4EDB9181EF920F6
:10994000E4C4F025E10EEDED0FD304E70429EFEFB9
:1099500030F80F2C0ACEE1240524A4EC1611CE48D1
:109960000B3217EB21DECDE5E004081F31BEFF26E8
:109970000C1520DD17AEC4E113F1E2E9CB2F31E382
:10998000D0F8FD0B100B1EDC360CE3F6F5BF31F5FD
:109990000431E54D2EEAD42CDEFDE71007E517EF84
:1099A0000F26DADF20F9E209F3FDF7C71409E132E7
:1099B0000EFEC81CEEDDFAF123FDFD02DEF825B730
:1099C000FFD229EB05ECF631EE0806E30F09FD01A5
:1099D0000C2128C0D5FC730302EC052206F5FB28F8
:1099E0000FDBCEF2E61D250DF4FF0D02050406E0A7
:1099F000301923E60E0B14D328242D171714FA1E42
:109A00000FF0C60A31E204F6470D281D45FFED00B0
:109A100002FC080434E62112120910F1F7F92D08AE
:109A2000EAFE09F012F9E5D9EC11EC180012200059
:109A30001017EE0A2310380420E81E10112006FF2C
:109A4000FD39184EF6F6D9E905CFE50BF6F9C9153B
:109A500032120D061633F62BBD0ADB110F2A022D2A
:109A60000F0BF5FB1B0722F601F10519E9EADAD71E
:109A7000FCFB4CF5FCF011E2032DC3E5C5073F2EBE
:109A8000E91113050403FCE213130504FA1EFF0B8E
:109A900015310B14F80A1C0FEF1DDE0EF5F405143A
:109AA0003481EBE9E825182608FC0E1402FD03F4C6
:109AB0001A11F8F5EADC22FB050415F81B16FE0264
:109AC0001732E6D31CFE1DDF0929241101DF0E1415
:109AD000FC05302204F4D2392111CFDA1AEAF6F764
:109AE000E808EF21E51411E81DB9D7C713F30E04F8
:109AF000E722FE073043D320E8E12CD4DA08112D09
:109B0000F5CA022A25010D28E9DB1237C5122217F2
:109B1000D9DF23ED0AB0F438EA20C3F6E35DFD088F
:109B2000E5850DE9E4D302F2E0C842ED01FD09EE5E
:109B300001D91614C7E9BB02011103EEF10030FA96
:109B4000FEE51A060D08F905BC0615C71B2B04F324
:109B5000010A34DB16CDD2440226EFEA301CECEFCA
:109B6000F0C700C90D0CEBE3CF20341E290C0FEB1E
:109B70000B0F07F2E2ECFDF8100307CFB7BBD424BC
:109B8000DAFA1F19B719EC13E11A23EE14E1FA0FF0
:109B900010DF16F916041FF103D62544F20FDA1D63
:109BA000E8E5510D1217D3D73C02CD36F3DA220F78
:109BB000CA2B00F431DDF7F4BDE627F0FD028BF887
:109BC000E0F7E0C8FCCF3641CD060C01FFE4DD1222
:109BD000F2C51B0A1E2B6914FB22E03E02F0340D75
:109BE00013F4EF042103F18106E821ED1A2318177D
:109BF000F8CEF236065EEAF60CB6081EB2D3FE4286
:109C000013111EF5261E1615F3F51CFB0241420327
:109C1000FA0CEBC338A63F303CEAF110C2F5FC0D5C
:109C200006B00DFA03020A01E0B224C8E117210BC5
:109C30001FE11E1EBBECFEDA160D5CCD02F21F10FA
:109C40001ECA23501123F5D9C727271420244245C3
:109C50001B0C2EC406FEF10ACD27B9F104C2FF2168
:109C60002D2704CB3CE1CA092056DCE6BED0252FC7
:109C70000E0B300F000A3CD2F824E1EB000F24F960
:109C8000D4F5AFC61BD948DF0618C603F8DD180F98
:109C90001C1EE7F10EF82F14FCF1DD3018F8EADF96
:109CA000DD3A0AF502C8DBE27F0B19071AE7330138
:109CB0001AF3C639EA013D36DF0C1AE4EB0D290A26
:109CC00004D206FD161FF341B740041605361938B5
:109CD0003A101101FE090518F70FDF3C09FA1B17AE
:109CE00000FCF70211BBF632E9A3DC30012AFEE7E3
:109CF0002D0C0F16150919FB25FC0416EEEA30256C
:109D000005F13D063DE9F7FBE3DCEE1A54E32409D7
:109D10002B1609EF72060EF51B00FC01DA27FAEE8E
:109D2000E8ECE0EEFDF53119ECE5EFFA1306201151
:109D30004B0506CAF91C1C06CF43F1ECF8EFD60719
:109D40001A19FF440B111201B413100713F304087E
:109D50002F0E43C9F905D5E5B9F3F0F816EE29E061
:109D60000EE4020AE6FF31092E2CE91BDF23200650
:109D7000F71BF826241E1B0CF407F1F80328EB1838
:109D8000070CF1D0F114FB040AFC11020AD7E70119
:109D9000E1EBFD2BC215FFEDE00DE6F4F9EAD61E6E
:109DA0000005FCF4F3DB4DEF4500E9350EFA1DFF2D
:109DB000F6271CF4D3C800F024D00AFC00050710D5
:109DC00033F1810C29FB2026DB3F1EF2041E31E912
:109DD00011D74C36041CE7FC1BFC2C2205F10AE4CD
:109DE000FCF8D913CF2DEDD71A11F91B12DE1AB9D1
:109DF000FE02121302CC1F4C3121C6E714E225EA01
:109E0000170CFCCBF5E3F2E8130316E82E1C07ED64
:109E1000090532231934C707040035F7190C17F95F
:109E2000CE40EFF21BEEFC03E54BD406F906F92C0D
:109E3000FB24E5EEF61019160331EC22E404E8EBFE
:109E4000211F0A0FFC482B0F02D12911F826E1012E
:109E50000B267F120A1807D900291EFC5C221CEC75
:109E600027F9251CE2484403051924D9311FD52AB6
:109E70001412EA03270FFA1AFBDBE71249D80F087E
:109E8000FC08F013111932F105D800E6CB35EEE3EA
:109E9000E80FE50FEC0320F4C0181F190AECB9ED28
:109EA000030701BE06DB2D37181B1F0BF42C05EA38
:109EB000EFF1FFF90736DADC20251A10281DFF2202
:109EC000F32703222BF71D0C05E84108060B2F0D85
:109ED000C5E4E01CC9131ED60CF21FD71CF5E1FD2A
:109EE000FDEA0BF00007E9FB0EEE2142080702CF66
:109EF000C018DBDB105CCE16DEB416D911FD39FCC0
:109F00002A0218E5002B025B1DD7E905351D0BBEA3
:109F10000CFC2DEA27201EF266FAD5F6BED1142FCE
:109F2000D919E932032B6001E2DA0C14F4133F3241
:109F3000EEE4E0CC32221FF50AFD05CF1331DFE459
:109F400031020F40DBE8513BE1F8110D0AF3D6E492
:109F5000DA0355F226F823AA1120ECC4FED81FAA72
:109F6000135017D00F0635DE1BD71A1833BB1D044C
:109F7000E1CF3716EDE93C1E11D5CB021DCCE4082C
:109F8000EE1102031DCD1031D517FE2B23C71ADBAE
:109F9000137FE32621FF2911FDE222E8EDED31EBED
:109FA0003007D6A2E68C2FE5F9F632F0D400002275
:109FB000E908E9BE1538F51EFD311C33F7242505E7
:109FC000120971D601D8070FD7FFFE0ED722ECCCAD
:109FD0000617E7E2EFF34DF6EB00F014DAEB0E0EA6
:109FE000E7F3FF2804E4291623E2B701A809F2C623
:109FF0005D522801DEF7FDFFFA022B2701E7F40787
:10A00000EA2DFFF8F101090704D900473C20D1F6F9
:10A01000F5ECFBF94441DC18D635110EFFFB193B7A
:10A0200034F22FD7453EEFE70A39D420FCDDF8F1B2
:10A0300045FA49D17708D1288B44ED1342F136EB2C
:10A040002C333B27222834F584DD06FCF5D8CBFAE7
:10A05000EEDD42EF09B6AE1DDAEDFBEA17C40EEEF7
:10A0600012DCDFE9271E7000F00ADB214D245A3193
:10A07000D607C81512331304FB4919FEF3F72D0355
:10A080002AD81A190B428177E622FA0224021DFB14
:10A090001BF81611ED44FB240CF553FB0521D231BE
:10A0A000E8EF16FC3135467207230EC9EEDAF5C02B
:10A0B000F4D848FF02FD240EEB0518FCFF3FEAFE32
:10A0C000050448F418C7FA19F61128D52F1307D834
:10A0D000F7C2B141021C22F9F5090CBC00F114F1E0
:10A0E0002DD2FCF6084337EDFE1458FB3BD6D6F5CF
:10A0F000F8F61ED3D2DFEA083A1BEDC9D3E2A3EB90
:10A100000AFB0C28DB1A32D8CD1D06FCD6C6170474
:10A11000FD22DC1C280328EAFFE4171E4935E80568
:10A12000266A1F2CE42D1A2F162FD7052403E230A0
:10A13000B555D30096F1B6E81EF3CBCAA2E4162BB0
:10A14000D50AE3D20EF6FA2839FED4F3F4F4274701
:10A150000301E127995741C8321A17D8F730BFF7E2
:10A16000DCDCE428FFDFCC3F170A1AFEE937D54FC5
:10A1700001FB113A0522EFE7F808D62D74072C07EA
:10A18000270221B90EAAFBCAFBA729F8D118E82B90
:10A19000F2EDED15E901DDD9C91F1DEDF00FF31248
:10A1A000E42DF9D0D232CC27CCD5C20CEC75DE0927
:10A1B000F0E3EBF92BF4BCF0FCFAC31AD6037F01F1
:10A1C0001FF01600DCE5E40B23DCDBACC9170DCC7B
:10A1D000273042C2830FDAEDD5E309FF2517C833D4
:10A1E000181D1BBCD9E7F2270A82101AF8151CD6D5
:10A1F000F6FD1D0D1A21CF12C308F00516F4F1F873
:10A2000005DC2A0A57E31CD015EBFFF3650E1C0F83
:10A2100008153B19521B04F925FD1229F4D227F623
:10A22000110C3118F029F11D15DA2FEF320F21151D
:10A2300019250CE32702DC0CC3FF280F0A17F8D7F7
:10A2400035FD12773DF20E18EFEFDB06E600E5175D
:10A25000FE0EEAD90E240DD01025E6D028FB15C736
:10A26000D1CBFFE744EB1E0CCF072114260C0E09BF
:10A27000052E10F60B0FDFD8E0E3C927110EF95AAF
:10A2800012EDDED90D05FB0502F915C20FE2070339
:10A29000040CF424E60019D508E41A06FFF3EBF3E6
:10A2A000EA81DEA9DC082E2807290B30F8F809DA44
:10A2B000F0051B083BF61A1BFEF7E401D1FF3C0535
:10A2C00017EC2BE252D13AE8470BE4D9EE0618E836
:10A2D000FAC936E62806285709E1D41430F401EA11
:10A2E00011F82A23FCFF2B0FEA39FF4B44B11FDE84
:10A2F000E2BA04061F0E0E1A06C2E800BD08C2E547
:10A30000FCFF27DDC51FCB1EC06E1B1D9EF828C499
:10A31000E7241ECAEFDCEC1A1EED39010EFAEFF845
:10A32000DE31EE10BB2257080CF1DAF2D120F43CFA
:10A33000F8E305EDCF14B222250A1ADEE11D223220
:10A340004EDA08E72AC5ECF42042DEF6E2017FD6B9
:10A350002813E936EF20CE29D4151FEB3AFC282923
:10A36000EFEFEBDE0C05D2F82B17084221F400E9E1
:10A3700018FA1F2F20F6FA85E8CF0E1D07CCFB0335
:10A38000F13AEB4317DE1A37E50BCC1102DF1DF172
:10A39000774D17CD011D2EEEF4F31F28F4DE27F7BD
:10A3A00003F7F345CB50F1C506F1A0DA14CCF5DD87
:10A3B0001EEFDC2C32241014BBD2FBE6D3DCD21609
:10A3C000190617F2E6F2B9D324F2DD6FFE0608C7CC
:10A3D0000205FBFAFBF5E3460205DB1818DDE20790
:10A3E0000B10EAEAD83502F2EC47F208BCC3361388
:10A3F000F8EA020921120A1CF0FDEE0AF6F0D30277
:10A40000E2FED420C70714EBBB220A05B3EFEBF73B
:10A41000DE00DF0AB2D6EA0516EDE60205F3F71410
:10A420000309E4F700D10BD3FB0A2BE6D2FF1E1C75
:10A43000ABBCEB25E6E51021190EFC06EFE716286C
:10A44000CB15F4B0EEE0DBDB2140FB002EE6140E72
:10A45000241AEF0DD613B84ECF09FEFB1AEC2023B9
:10A460002DEBDAF205E5A603E31F050D1CFA0FE557
:10A4700042E5E7DAF8FE10C70F010AE9EEFCD0CD9D
:10A48000E517E505EFF5E5F1F41DF3CA05FFF8DB87
:10A49000EEE5F4E601100CDBDE100529F2E6FCC364
:10A4A000FE7FF21AE21CE2080221D7DB3AE9DDCC9A
:10A4B000CEDECFEF1BFD090BE50902FDFB06A6E191
:10A4C000EC10C102CAE9D920AF22143C2AE909E301
:10A4D000EAF49A13F80E20A701D40CE8F9D2D8F4C4
:10A4E00008FBF8F7EC0F08F70DA6140518DF0FF9B5
:10A4F00015E8100796DA2FE92808B6F0E7CFFBDC5D
:10A5000012FB0EE10AE92506D65303F4F2C61351F5
:10A51000F028161FF1E5DCF11AFE17CC1028CEEF5B
:10A52000D7FBDDF8F001F104CCFFF1081BFB08219B
:10A53000E4F3BEBBC016E0063824D740F00CF3D4D9
:10A54000DEE3F3FEF1F1FDE8DF1EDBFCF4F6BE0214
:10A550000926EC0FF62DF0C408F8E202E810019F7E
:10A56000E108FB153FE41CE724DEF1DAB5C505245C
:10A5700031082F04FEF807EF16E623062AEA1CE648
:10A5800039F1FAB7F7EBF7F1F1D7E4CDED06F7F8CB
:10A59000040CD71CDAF104869945DDD4F2CE31FDE6
:10A5A0000E19DDD8FBCD1C02F6FAE1F52CC1EA0943
:10A5B0000DE74CFFC9E2DEE019F21B0731CE2006A1
:10A5C0001CF1A952F932ECF7F3281DE4E62327A881
:10A5D000C92841F907F081071DE0131AEC43DA0995
:10A5E000E3EDE9D3FBA8EEC512E4E9EDCA1206FCDF
:10A5F00014E339D20C2E2903193551503503140FA9
:10A60000E5F5F64DCF071FC2E9E42722E212241533
:10A6100004AAE6F8E4DAE8750527E008C70023375E
:10A620000ABA1803E5E721ED2BCFF90216F335E757
:10A63000041D17E12CE017D1163D29181B345C1DB1
:10A640003213300AE622EB0AF7FF0915001C10FF4F
:10A65000FC4307FB12B2F27FCB10D0DBECED264BB4
:10A660002DF3D1C1FAA1041097F40D011918E3C517
:10A6700022C6E1DBF0250E222CE3DFECB60100E977
:10A68000BF24B0FC04FDD2DA102FFFCE05F8DDF2B6
:10A69000E0161F2D24F4F2E6202D31112404FD1CB8
:10A6A0009FFC2921ED3B02227153081AEEC0D60609
:10A6B000F1EEFCE0F49E10ECF0CC17E8EE15CCF4D3
:10A6C0001211FEADFC0745F112FD0ED8000BF5C1CD
:10A6D00020FBF8DB47FE4128290CF7FE11B051C5DD
:10A6E00027F9F32000D74FDEEFBE131C1E34061FE0
:10A6F0001AC8D9D71B1EE9F6340A0AD205BF111DA4
:10A70000380B00C1CFF5E5320EEBC1F416221A1456
:10A7100035132011E3E80FE836F806E514FDF1FAE9
:10A72000D917DBD1F613FAEDDB0ACFEBE70B0D12ED
:10A73000D7F307FDEB33032046110AF2D417F34396
:10A74000F939F527F7C4BBE033FF3DEC11EDF5FB1C
:10A750000B31BA3C1741F61CF047ADDF9848201E7C
:10A76000042927D80900E9254E18C4DE8108F5F927
:10A77000F9EA2A3F05C5F5ECF80CD10CF831332382
:10A780000A1621DB3BF4F6D953001015E82509E33E
:10A79000C7DEE7F9F7E129BFDDCDBD26000215E6EA
:10A7A0002B2BFAF70DF504E7EC12EA132A0732F91E
:10A7B0001EE20C0CBFC3F8F31EE215F20EAC08F358
:10A7C0001AEFC43AEC24060DF11EFD15E7FA21F547
:10A7D000DC2F2DD11803BB0D1210E6092842C02E24
:10A7E0000525ECF4C9FD1C1D1B21CDFA081D2C0FFD
:10A7F000F31012F0283C150835F9F84914154920D2
:10A80000FF2D10022404D923FE0BCAF75706092A8C
:10A81000183B06003CF02252E910081CC7DED21398
:10A82000CBB811FD5B2BF40835EA1913F301FCF2E8
:10A8300045B7F15A23F1275F1672302FEEE2FAB8CE
:10A8400011FF10F3DD2002CF23E6282113F5FBE3EF
:10A85000CCF3F7ECDCDB3325DAECD10CFD44125001
:10A860003F0CDBD40DDD311F0C2FA2D803E4C70E43
:10A87000C937E9C2F17FE14E1B5146E1EB0BC5BA86
:10A88000D200F5C0FE7210E83901B4E705EBF5FB24
:10A89000FB381B1719141122F647232537D8FD0959
:10A8A000E7182B3700D60F02576E3F56380542F88F
:10A8B000C10F16BFDF06110B042B16FA08FFA40800
:10A8C0000502AB53FB00F602AC5F2AD7DAF72B3058
:10A8D000E3F3E343581DF5E636269D1608D613A18B
:10A8E000EDDF0E54CDD600E4011201321908E23F2B
:10A8F00037CFAFD029B61016383E082DF909F2111E
:10A90000195407F816D22A3C101202E9F3BB47107B
:10A9100054E5E003C4031EF8E313EAE80ECF01E8B0
:10A92000263615E4680DC8E5F4471F3515230FDCFE
:10A930002E49CD12DB020C225116E324F0F0E04543
:10A94000B70DFFFA0CE3E8EF07070FF6E4140DFB71
:10A95000E3400E17FB10FC25F8B1DEDA3604DC22EA
:10A960000C3B071DFA00E0DF3C210A33F9100C0D07
:10A970003C1B2B0B12D3F6F4197F3A000B460AC48A
:10A98000F8FFF61F172CD0D60EC0E6F9FC32EA0409
:10A990002B0E0CF6222FE11CF01638CA284418366C
:10A9A0001411DE052AF9EAF417260A2E1AC74C03F9
:10A9B000130817362C101CFB4E03FDE22001020782
:10A9C0000B241C11EA39071D0537DB161E02F83768
:10A9D000FB2401E7E2DB38D11905DD09E31B222C5A
:10A9E000DF3332114D0F070FB9CE3E3A87E9BE3A39
:10A9F000A4FC6A3A3BF33C3AD631F13A5750443A18
:10AA0000C9EC6C3A9E995E3A4414573A20CA103AFF
:10AA10000E7A233AC26C5D3A473F5F3AC5E7383A4F
:10AA20009D0F2E3A4549613A261C913A42C12A3A75
:10AA300076863B3AAF7E113A360B683A58792D3A12
:10AA40008BBCA93AA3CF8E3ADF9A4C3A56D8663AD5
:10AA5000AD8DDF3AD03ED539C340A23AE0C5823A47
:10AA60008D8B813AA9CE2A3AD656BC3AF790383A1D
:10AA7000FD4FEA39BF45163A5796CC3A83291D3A1D
:10AA80004DF8873AB10E5E3A810AEB3A7372283A72
:10AA90001768E1393ECD2E3AC618823AF8B51B3A0E
:10AAA0005859423A9281873AB57E1E3A87D90B3A75
:10AAB00064FD213A137E0C3A3D24533A3EB85A3A8B
:10AAC000E9C1363A63E22B3A3A421B3A8E4C943A49
:10AAD00044B2823A9562283A49489F3AB21A303ACB
:10AAE0004F16923A1A8B403A39C37B3A2E05913A67
:10AAF000510C203AA68B3C3A8FC0743A8C4E973A50
:10AB0000D81D3E3A2DFB3A3A4F99763AEC9EAA3A36
:10AB10004BA8A23A8161E33A29A51B3AB5FA8A3AD1
:10AB2000F278C83A5677103A811F383A10FA633AE9
:10AB3000990F563A8B8A703AA0EB2F3AF6AB633AEC
:10AB4000EDC3FB39E1EE893AE192283A1DD9BA3AD0
:10AB50002C99A339D5EB9B3A23F2723ADFC1A23A82
:10AB6000676B8D3A2AF9233A83F2AF3A648CEB3A59
:10AB700061052A3A66E4223A4B5E173A26D58A3AAC
:10AB800087BF923A3E57923ADBA48F3A2835113A62
:10AB90007156053B5C7F453ADB2F3B3AA8E59A3A74
:10ABA0004E28C63A6CE49B3ADDDDE93A56C7F939DE
:10ABB0006726973A9C5D8F3A5A566E3A84BF903A10
:10ABC000B848453AE6DAC53AEF7D473AE72E653AA6
:10ABD00099A6293A583D9A3A080B703A6A16903A63
:10ABE000C2425C3A3428123A16F6923A6D7C103A18
:10ABF000937A343A832D793A5AD1923A94F42E3A90
:10AC0000A6D3773ACFDC5B3A2D2A6E3AC314353A95
:10AC1000E7DDA83A8FBDA13ABF48333A260B993AEF
:10AC20005723423A9437433A42032F3A7809A83AD5
:10AC3000E5BD543A42F9563ADCCB8A3AA317DB3ADF
:10AC4000AECD9A3AAC34883AEB619D3A7FDB313A2B
:10AC50002CE7AF3AAC5C903A94FB583A97CC5E3A0A
:10AC6000C214233AB394673A796C913A90C3E839A5
:10AC70006D6B213A7DAC8C3A4D69E0392EFA153A6C
:10AC8000AAC36A3AA843413AD1334E3AE486963A87
:10AC9000392E273A850ABC3A5E70413AC7A4713A08
:10ACA0006AA5803A1CF5423AF81F873A7037BE3AD7
:10ACB00012A03A3AD43B7D3AEBD0993AC96B593A53
:10ACC000BD78693AB108753A88395F3A1211313B5B
:10ACD000DB6F853A066FB93AECF4813A22FEAB3A63
:10ACE00025A88D3A6BAB2F3A4AE3633A2874733A3E
:10ACF0003E345E3A2281A83AA2FE993AC05BB73A46
:10AD0000C393A43A13194D3A58225D3ABE76473A96
:10AD1000215BBF3A35913E3A0FE7683A122E383A36
:10AD200073893D3A05034D3A79D2BA3ADEE1443AA5
:10AD300095795F3A57013A3A2D75353AAE313F3A37
:10AD400044D08E3ABD2D3C3A7BA3093BF1A01F3A7B
:10AD500038B1E23AD05DCB3A3DBE4F3A88F33A3A49
:10AD600046FF763AE30ED03AB1418F3AB4730B3ACC
:10AD700004B42A3A3132A03A588E953AC78A213A19
:10AD80003F3A343A2224903A8C167D3A57EC473AAF
:10AD9000E4EF883AAF0B153AECB6503A8FF8D73952
:10ADA0000AE41C3B4EF0B13AE51A583ADF5B583AD8
:10ADB0009BA85C3A34AD6D3AD4FF1B3A49FEA43AE5
:10ADC0000A3E4B3AA818433A99541E3A0252583A4E
:10ADD000036BB63AD0B4443AB483293A483ED03AE9
:10ADE0005996913AFAB26B3A1FFFFFFFC6FFFFFF79
:10ADF000D4FFFFFF62FFFFFF060000009CFFFFFF84
:10AE0000D2FFFFFFFAFFFFFFDCFFFFFF36FFFFFF70
:10AE10005D0000002D000000ABFFFFFF5BFFFFFFA8
:10AE2000FBFFFFFF8DFFFFFFD5FFFFFF31FFFFFFA0
:10AE300065FFFFFF6CFFFFFF5EFFFFFFBBFFFFFF34
:10AE4000FBFFFFFFC4FFFFFFCFFFFFFFC8FFFFFFB8
:10AE5000C7FFFFFFF5FFFFFFE2FFFFFFCFFFFFFF91
:10AE60001000000066FFFFFFE1FFFFFF32FFFFFF62
:10AE700067FFFFFF40FFFFFF31000000E1FFFFFF22
:10AE80003300000034FFFFFF1A000000CBFFFFFF7C
:10AE90002DFFFFFF38000000B6FFFFFFE6FFFFFFBA
:10AEA000B1FFFFFF84FFFFFFB9FFFFFF7DFEFFFF44
:10AEB000FAFFFFFFA6FFFFFF05000000F4FFFFFF02
:10AEC000B5FFFFFF2DFFFFFFB9FFFFFF33000000BD
:10AED000CBFFFFFF0B000000DAFFFFFFA8FFFFFF23
:10AEE000AAFFFFFFB1FFFFFF08000000C5FFFFFF43
:10AEF0000500000003000000EAFFFFFFDDFFFFFF89
:10AF00003900000088FFFFFFA4FFFFFFF3FFFFFFF2
:10AF10009CFFFFFFF3FFFFFF8DFEFFFF2E000000F1
:10AF2000DAFFFFFF5FFFFFFF160000006DFFFFFF6E
:10AF300091FFFFFFB7FFFFFF74FFFFFF0600000058
:10AF400004FFFFFF2500000000000000DAFFFFFF04
:10AF5000EEFDFFFFB9FFFFFFD9FFFFFF220000005A
:10AF600026000000B7FFFFFFDEFFFFFF2A00000002
:10AF7000EBFFFFFF76FFFFFF48FFFFFFFBFFFFFF39
:10AF8000120000001600000034000000B7FFFFFFB1
:10AF900002000000F1FFFFFF47FFFFFF0C00000071
:10AFA000A4FFFFFFBDFFFFFFDFFFFFFF00FFFFFF6D
:10AFB0006B00000002000000DCFFFFFFBCFFFFFF92
:10AFC00090FFFFFF16000000A2FFFFFF9BFFFFFFA7
:10AFD00091FFFFFF020000002300000004000000BA
:10AFE00082FFFFFF81FFFFFFE8FFFFFF84FFFFFFFE
:10AFF00015000000090000000E000000B8FFFFFF70
:10B000001800000082FFFFFFEFFFFFFFE2FFFFFFDE
:10B0100011000000E7FFFFFF45FFFFFF0A000000EF
:10B02000A4FFFFFF6BFFFFFF15FFFFFFB8FFFFFF50
:10B030009EFFFFFF1C0000004F000000D8FFFFFF35
:10B040009BFFFFFF1B000000C4FFFFFF87FFFFFF08
:10B05000B8FFFFFF0E000000A8FFFFFF36FFFFFF55
:10B06000FCFFFFFFD6FFFFFFBFFFFFFF31FFFFFF2A
:10B07000D0FFFFFFE3FFFFFFB9FEFFFFFFFEFFFF73
:10B08000F2FFFFFF64FFFFFFC0FFFFFF0B000000A8
:10B09000B1FFFFFFD6FFFFFFFDFFFFFF3BFFFFFFFD
:10B0A000EBFFFFFF1D000000B7FFFFFF30000000B7
:10B0B00063FFFFFFCDFFFFFF1300000080FFFFFFD6
:10B0C0000B00000075FFFFFFEBFFFFFFFEFFFFFF20
:10B0D0002F0000001C0000001A0000001F000000EC
:10B0E000BCFFFFFF33FFFFFFAAFFFFFFABFFFFFF28
:10B0F000D8FFFFFFF7FFFFFF27000000D2FFFFFF91
:10B10000D4FFFFFFF1FFFFFFAAFFFFFFB1FFFFFF2B
:10B11000E1FFFFFF87FFFFFFBBFFFFFF45000000D0
:10B12000ADFFFFFFADFFFFFF05000000DFFFFFFFEA
:10B13000CAFFFFFF7AFFFFFF5AFFFFFF3700000043
:10B14000EEFFFFFFCEFFFFFFEDFFFFFF0800000057
:10B1500013000000F7FFFFFFB0FFFFFF8CFFFFFFB2
:10B160009FFFFFFF190000003100000024FFFFFFD8
:10B1700025FFFFFF0A0000001600000027FFFFFF69
:10B1800082FFFFFFD1FFFFFFB1FFFFFFFBFFFFFFCC
:10B19000FAFFFFFF44FFFFFF99FFFFFF79FFFFFF6B
:10B1A00003000000ADFFFFFF69FFFFFFAFFFFFFFE0
:10B1B00010000000DFFFFFFFAFFFFFFFE9FFFFFF11
:10B1C000AEFFFFFF90FFFFFF8EFEFFFFF0FFFFFFD0
:10B1D000220000007AFFFFFF7FFFFFFFEFFFFFFF6E
:10B1E000BCFFFFFF2D0000007192293B43AAA93B41
:10B1F000A6D5503BDEEB273BFA59D63B2D772E3BAD
:10B20000938E523B89D3453B76243F3BF0AC003BC9
:10B210007348113B29C8443BC266463BA553243BB7
:10B2200074B01A3BA836483BD5F5803B4BC0173B62
:10B23000B2A7263B674D013B12384E3BE92A1A3B29
:10B2400098D8963BA2D57D3B7DD5353B59274D3BC4
:10B250006FACC63B4183BD3A0632903B1070683BF1
:10B260006141663B34CC173BE160A73B8006243B41
:10B27000363CD03A588C053B76D1B53BD1AB0B3B35
:10B28000C8AC713B1258453BF8E1D03B3DB3153B90
:10B290000C52C83AFB581B3B643C673BA0610A3B1D
:10B2A00029B82C3BC1D9703B0ADB0C3B2992F83AF8
:10B2B00027F60F3BA1B6F93A9FA43B3BB760423B50
:10B2C000FB6A223B3EC1183BC3FA093B61CB833B7F
:10B2D000374D683B23A5153B2F8E8D3B52811C3B80
:10B2E00027D4813B5D1D2B3B46BE5F3B6BE1803B22
:10B2F000663C0E3BD08F273B5883593BAD77863B4E
:10B300003FF5283BE92B263B7B275B3BC7A1973BBF
:10B31000098E903B3613CA3BB0520A3B1E06773B60
:10B320004D29B23B5D63003BABA1233BCB9A4A3B2B
:10B33000CE3C3E3B4DC5553B7D571C3B62554A3B81
:10B34000E6BEDF3A122A753B0FD0153BA30DA63B94
:10B350001B64913A7E918A3B63E8573BC4A4903BBF
:10B36000755C7B3B6AB9113B9C5D9C3B6655D13B50
:10B370005319173B73C3103BAB85063B5BC3763B4E
:10B38000896A823BDC0D823B9D507F3B0E0C013B6A
:10B390000EFFEC3B79842F3BBA5A263B7FA8893BB2
:10B3A0009E1AB03BE88A8A3BC9D6CF3BE9FADD3A20
:10B3B0000054863BFAD17E3BE7CF533B82A3803BD0
:10B3C000EA532F3BD3D5AF3B394A313B43AD4B3BDF
:10B3D00017C5163BEA12893BFB53553B3A0D803BA0
:10B3E00053BF433B0EE4013B069B823BE367003BBC
:10B3F0009164203B35725D3B617A823BF07B1B3B65
:10B40000D63E5C3BB964433BA4A8533B98ED203B3C
:10B41000BB12963B6CBD8F3BC6541F3BCC02883B96
:10B420002B882C3BAA7D2D3BFC881B3BF155953B83
:10B43000AF103D3B760C3F3BD9B2763B7EB5C23B6D
:10B440003093893B1618723BF2DD8B3B2D101E3B6F
:10B4500088539C3BAA4B803B8AD5403BD600463B59
:10B460006DEE103BBFCE4D3B373D813BE7DBCE3A27
:10B470006E740F3B20097A3B9D6FC73A3049053BFC
:10B4800003A3503B61C12B3BEB40373B3DC6853BA3
:10B490001893143B0E1DA73B1DE92B3B20C0563BC8
:10B4A00055A8643B97422D3B452C703BFE0BA93BB6
:10B4B000F2DA253BF70C613B8EB2883B4239413BC7
:10B4C000EA7C4F3B73C3593BA761463B475C1D3C3D
:10B4D0003A2C6D3BD9CBA43BABFC663BE7D9983B00
:10B4E0006CC87B3B6E1E1C3B8E864A3BEF5B583B19
:10B4F0007179453B49C0953B2FDB883BB3F3A23BB9
:10B50000CE42923BA545363B0786443BD543313B73
:10B51000380FAA3BC55B293B73FB4E3B9DAE233BDB
:10B520005E71283B0B32363BBD07A63B82F82E3BB3
:10B53000939A463BE14D253B4743213B62EA293B39
:10B54000C1D67D3B5B3C273B0FA4F43BF9DC0D3BB4
:10B550008C76C93BB7BBB43B729F383B1E25263B5C
:10B5600019825B3B1EE7B83B5BA07E3B2DDDF73AC3
:10B5700086B4173B0F5E8E3B5BE9843B4B900F3BE1
:10B58000662B203B6B19803BD5EB603B58AC313BC5
:10B59000DB64733B3C75043B747C393B59EFBF3A29
:10B5A000136E0B3CAB229E3BDD0D403B9B47403B6B
:10B5B000D619443B9439533B43A30A3B79A1923BB0
:10B5C0007A9F343B2F622D3B9EB50C3BD73E403BD0
:10B5D000C11DA23B78D02E3B14A6163B3D11B93BB2
:10B5E0006E62813BB177513B00000000000000001B
:10B5F000000000000000000000000000000000004B
:10B60000000000000000000000000000000000003A
:10B61000000000000000000000000000000000002A
:10B62000000000000000000000000000000000001A
:10B63000000000000000000000000000000000000A
:10B6400000000000000000000000000000000000FA
:10B6500000000000000000000000000000000000EA
:10B6600000000000000000000000000000000000DA
:10B6700000000000000000000000000000000000CA
:10B6800000000000000000000000000000000000BA
:10B6900000000000000000000000000000000000AA
:10B6A000000000000000000000000000000000009A
:10B6B000000000000000000000000000000000008A
:10B6C000000000000000000000000000000000007A
:10B6D000000000000000000000000000000000006A
:10B6E0000000000000000000F326CFED00070D7FF2
:10B6F000F838E7EEDDE6F00C3E2805000B51D029C6
:10B70000DEF428B7CEF5EB17E8E9FCC8152AF72DCB
:10B7100000E348B5BD0804110EFA3D141FE924E208
:10B720003D0902F50001B844480614161B2BBF2141
:10B73000F4180F5A11850DF4813F7FAB1AF1EAE539
:10B740003A010B135518C8DE27ED08123D00D8DE6C
:10B75000D0EBC4B0180FBD34C67050CFFF42FD37D8
:10B760001938E41EE5E8FDDAFEEB0B1902FE1EF7C0
:10B7700002EDFB3C120A00FCEEEB2504E8C9C2CE48
:10B78000F20F0CAC368107E5F9FBCCB8F7EBE2041D
:10B79000CC060C1B1212FC1B190A0CD9FCF301007D
:10B7A000F6F3EF81E9182F28CA0BDCDDE21CE1007B
:10B7B0000829E4E8ED44C5261CF8FFE0090C13E372
:10B7C000C1FE34B4DA0EFBD400E9C5E8B6110A4074
:10B7D0000B3943A02E81C91D295EEC0CEDC10CC6AE
:10B7E0001D0EE1FF2A02ECFDA73CB1D1C3031639BF
:10B7F0001F00142F2C26B7BEB612FCC754D2D11C82
:10B8000010B98138F60CF83EF61198ECF8F4220ADB
:10B810001DE149D4DB19970728D500F73DCAA3D409
:10B8200007C9157005D70FFE0DFAA6566E617F1B6E
:10B83000060BC5C70546DD0A132C1736EAC70FFEEF
:10B84000BF11F700001BED19FC190915EB1DD50CF4
:10B8500081C0D8312F4234EBCC10E930CEEEB0D5D8
:10B860005F35033F2426102B3459422400FCEDF5AC
:10B87000E2E0CC4030EAF42941BDD37F2FE52C2310
:10B88000E71A00A44E1201FF16FBFC65E8CE211E4C
:10B89000F4CEE3EFC900E51E3625D8D1FFCD51AA7D
:10B8A000BDD317618128BEE1C99F58072719BE196A
:10B8B00007F1BEF4C11517B7222AE4F2EF08001A07
:10B8C0007FE20AAAC036E630D8CD9C2A071B1B01AE
:10B8D0000DF7F11B26A850F8D5A6435FFD44182E9E
:10B8E00021C70206CC101500D1A92743DC1534EA84
:10B8F00007141781DFF46CE216D25F68BBD2A30293
:10B90000E1D80A13240AD5FFDF35E6EDAB65CBC0DD
:10B91000000B3510FAFC3EF2D5CDEE19C47F1DFEAA
:10B9200047EC6C3FD4DF0257F1811922EBF1C84F8D
:10B93000F410F91D2324F8FEB600FE2AC4685E71D7
:10B94000BDE7827322B73DF9031725B63EAA33201F
:10B9500011FE17D9E71504E9E0E80EE5DAF41E1246
:10B96000130900FEF2E2ED1CF014E3FAEC2CF13BBB
:10B97000CB1D120730EC81A4097FA0FCECEA291151
:10B9800000370D20F539E00AF30EF900FC0546FA00
:10B990002FC5F3F71E33EDDC241E46E51D361C8E45
:10B9A00026FF370EE425E5FD0F014C27DA36E7DEEA
:10B9B000D8C82BEF00153D4B7FC7EDDEE32A2AEFF9
:10B9C0005509FD45F5E5B934FDDD0D8B96192905C1
:10B9D0000E7F32F0CDC6DD044E490013E5000ED9CE
:10B9E000074FAA482DC6F457D7F802A949FEFEC052
:10B9F00043F564E5B431FD0307F5DBFDF901D6211C
:10BA00002B10F3D4E9EA00F413EF22E4267F589FC9
:10BA10000B17A8F523E91517D351195D6604F8E053
:10BA200007D310F9FF1920EB45E8C97113ECE100C9
:10BA3000130906450DED3C350B0B0334E2CF38817D
:10BA400004D116CF176368047FDD08F0FC11E1F61E
:10BA5000AEE8E8EE1243E20200FBCD485A1E2797FB
:10BA6000EB6DA61D005EDB4AD3D5FF027C5CFE4178
:10BA70002EE28BD714DC0B1EED0E6015BCD6290808
:10BA8000FB00DDFF29812BD3402130A9BF3F313896
:10BA900027C554A71193DD12D6C8BDA416F00FD543
:10BAA000B7BE04171CDFF4FCBDE300E3FFFD1DE09F
:10BAB000341D01083E4DB8FAEB5D813D03D61BB63F
:10BAC000F2F70D0BDE26E91620DB29A928F8FCF099
:10BAD000FBD2E900E84CA5890E0E02FE5285F00764
:10BAE00041D8E5097FFEE032ECE9E15DE71F24EC97
:10BAF000101B05F8A705DF41EB3201E200FD3126FE
:10BB0000C736E8E22B47C5FA7F145D36C67927446D
:10BB1000AAD506DB0F1D0103FC06FDCAFBF42207B4
:10BB2000EFCF1CFE0F00000DFB81F318E314DD08BE
:10BB3000FCDBFBFFDCFD3B25E621FB815E3BBCD84B
:10BB4000DCF9D2C31CDFA9D6E0A5BBFCDADD00EC32
:10BB500026B5053C246BE7C0F2C04E99BE5AE5B647
:10BB600047AAD5AD27100AC603F50EF5E745D4015F
:10BB7000EDEFDA49FE150A00F999FE40F2E8FF07F9
:10BB8000F4F8FBE5F1EA1E81B0CDF12E17B41927C8
:10BB90001B1C12D638ED19FBFF4E42BED6F0DA4020
:10BBA0000008D1FA69DDDCA71020D8396125CDEA7B
:10BBB0000F53E62B7FC72B5F1AED1DF624180EDD01
:10BBC000CC2015CBDFCFF10C2700FC600DA7140DA6
:10BBD000369E3C39AA137FCE0A450D403232BE5400
:10BBE000A1A70CDA152D7B33BAF703ED2AC0C25D8D
:10BBF000FABF0028CA0CCFBF24B92D94E3F32EE777
:10BC00000E25BECDB2F57FE2F0D2F345DFD6141497
:10BC1000FFF3FEF1E314E9FC06EDD4001811DF0395
:10BC20000BF00FF6F6FCFB400AC83BBDF01EE67FAA
:10BC30000A5A043ADAF602142522E2F8221F0DE22B
:10BC4000F425F3250005071A1F08EB1D35DCFDF66A
:10BC50002B7FF912C945FD2C454C7FAF1AE412F534
:10BC600014F6BE1106EB2DF803C921F4460021E3BA
:10BC7000338EDC1D24A6B708D81536E682A0C5355C
:10BC80004B4193B2F3BD9C3CE71010C0F91FC4F4C4
:10BC9000FCCF2351290500F5FDD1F315FDDBC4C30D
:10BCA000F1074E7F20FEED3E466701DB2DC52F11CB
:10BCB000407FFE0B0B5C12C77806C77816E9C00000
:10BCC000F5A5501146CD28F2C9F41813D128EDFA84
:10BCD000C0BBECE7FBD5F6A75C2EC4A40D42B1F6C1
:10BCE000FF0B42FB7F29FED700FD61073FAC023A04
:10BCF000EE62ACAA141ECD163531D7EECE9892E77F
:10BD0000202014E329F20A81092588D329D5DD1ED4
:10BD10000800D53AE5F2C4231BB4AD0A2DF125077E
:10BD2000C6EC6E18BE0004E8F2266DD42F13551A27
:10BD30000408F7090E19B2194C120006039EDE5BC7
:10BD400045473C365630EAF27132CA812A443A07F6
:10BD50001BEAE9DF1EFEFD01FFDC0501E8F410230C
:10BD600004FF0300010A0A24F614E21A20080A0B51
:10BD7000E40DDBF87F02DFE7E659DB88C8DFD4118A
:10BD80000823480F5DDF1D071C14B3DF00F503D344
:10BD9000C9C418E01969434493CD54F817477FCDBF
:10BDA0005AEFDED2EA4927EF34D9147F347F51FFAE
:10BDB00013F57550D2002A05D89DD6B7ADC7EB0351
:10BDC0004E8FE70DC7EFE218DA32C7F751C90536D3
:10BDD00054F99BE6D420CA54FFCC5BF4620A00CF2E
:10BDE0004DAD18AD9757037F1C29550E0E440EF22A
:10BDF0001613950AAA2BE0BB09F3F12BF96F055D29
:10BE000032FAF297D21F3100FBA9377FC941FAE518
:10BE100098E728953D7F4473CE2236EFCAC103547C
:10BE200035CC33113DFA55F636200758A84E564406
:10BE30000018E62F493C60A6C3100B993281E5B883
:10BE40005AAAD1C50ABBF18187D447361D1FC1EC60
:10BE5000F9FE39173B16C2E812001309A81FF4BEF9
:10BE600037C90D58F6192134DBDC1E3A052BED05D8
:10BE700015E698FE0BFC5209F201D4B6EC15BEE5AE
:10BE8000042F00FE36E01E0A43FADBD036EDB15334
:10BE900051EFAB7FF6D6CAD587EA8E17319C298140
:10BEA000563911B0D0B824A435FD4F00DB63818929
:10BEB0006A1AA326E1041157531D444DF3C8346593
:10BEC000AF6CB343BD0BFC1B28F881BE9FECF6F9A9
:10BED00028F528BB000CD160EB02F30FF8B4511029
:10BEE000C6145F751D0C35DDDBCED109DCB88524A9
:10BEF0007459C00EF778281C067F9AF9D600EE27F1
:10BF0000D3556CE514E80CB4DDCE8178B2D3DE6590
:10BF1000E79FAFDC6D951BF51CDFAA3EB6F9F7E78E
:10BF2000312B26C5381B000AFD7F73E2B09A440B03
:10BF3000D45EE05FCA6E301732AD9CEDDE69C91485
:10BF400031004B0EFE35D2DC15FB1DF49DF13700A0
:10BF5000D9071BA930CDE0EC4100811C89E55905CA
:10BF6000FF35D9E4513EF1251939F4FDFDF47EE4A5
:10BF7000E23205FFEFD7F3DD00EBF82209D4EEDE65
:10BF80002E9A470CB4728610D4F60DDC7FC02A2599
:10BF90003AF106BD2BEBEFF1FAC138DF1B11D5EDFD
:10BFA0000800D63020381FF811B3E6F1F163E781BD
:10BFB000B0C4E931027ED80513E8DB350FF67FF710
:10BFC00024BE2208F7DBDF64190E0001C8F4211C2F
:10BFD00024E6F6E9FCE7AB11CD0803E6652907DBAB
:10BFE00019607FB3FA0BF956D4AEE0C432F9F56BA1
:10BFF000AE2E5A00F909E919C3455FED95F5FC39F4
:10C000004F12E0E7CF8ED954F33F36CC13C4FE175E
:10C01000F012E3EA2DB7F71028A10605000C26253B
:10C0200000FA330FA2EBEC2357F9AEBE71FECC172A
:10C030004E81492A5C1CE10C0FF232ADDB4AE8E18B
:10C04000BE099FDF5500FC13581BD836F729E7C2FD
:10C05000CFF4D17FC3CE38CDE02BB64A018EBC14CD
:10C06000050EE7F4240A050F142E7F6A0DCC00128A
:10C07000073324D6CD6CF30DCAE91F4FE1E53C042C
:10C08000D5FA5FF703F847F1FFFFF92BCA470DCA4E
:10C09000E5111DFE29FAC00006F2F31FD6CA07D229
:10C0A000CEE8E2242330ACD92D7FD9440D35D561BB
:10C0B000E9CB0208F41BE8F13111CABFF68A0BD2B2
:10C0C0000001FAD321BA36C2FC250FF100EE4F81F0
:10C0D000CEFE0BCCC0CDE40CBECC0832EF19F52659
:10C0E000E2F23421E4F20AF4EC000FE21230DCFA5E
:10C0F00020D90701112E09F88122F2F0D640E2245E
:10C10000CD7F36FCD3ED150FF0AC9F3D3C111AD816
:10C110003AEB00F5071D1EE50BC4D2EACA22C89807
:10C12000E2C34750F1293D1CF6B20DD5D506EFF814
:10C13000C1FB0144DD1E09D7E6FFF9000344165395
:10C140001F09181641C42509DBF64050812B2C0E1F
:10C150000D52F4CDF7CA321C2F01D24226FD012127
:10C1600081ECFB350000010E4AF94AEFF21C27066C
:10C170005ED9384C2B0822BE9FFA3A1D3D3015A9D6
:10C18000D7E5E3880AD4ABDCD5790A0E150004C6DE
:10C19000B13CD6B45907FAA4EE8A7F24F5B102AEB9
:10C1A0003CBEF6B5424223BAEEE7937BE2ECA6052D
:10C1B00037BC61840809004420EFBC4DFB28AE4326
:10C1C0005346097F8606E541B4D4B24504DC4F0BE3
:10C1D000D1FDDE42E53331CF0EC20612E1F9F100A6
:10C1E000252B080CE141F0EDBCBBF3099A2DED2D98
:10C1F0007FF2E2E4E885F70D331D1FFCF2F8F01A38
:10C200001F81C70CB8F2093400EDE6FFC2EFFF2A28
:10C210001DBF3D460C41BB1B12D93CB2CBDDF60223
:10C22000DB1B15EEF3C009810EECEE000453110F79
:10C230000E00FB2305520A34EFA23C052C113413E7
:10C240001EF914C7F2BCDDCF28811030CF35EFE6E0
:10C2500077D1351412DD0113520E00E52DFEECCC22
:10C260004A2337F3F72E355E00D0250ED803F2F5BA
:10C2700045D45B3AF3F2FEE7130A1FCD0B0FE7F646
:10C28000110C2000E001F8FB3E03001C2C1412905E
:10C290008116D5B5114D39020BEC28A335F2FFE616
:10C2A00000F90B1014B00A030FCF190D00E2DD3BAB
:10C2B0003DDA0959181A42EC29A24581FA03330ADA
:10C2C0004CDEDA190DE219DEBEEE0BE0F9DF091CD7
:10C2D000E6B40F090C00FF1D174ADE0219D3E5F280
:10C2E000D3257FE615401E162B62DFF722C803E434
:10C2F000E6FD0A1008F913EEDB09102E05FB000F0E
:10C300000917F22BE1FD09FF1819D415012DE88159
:10C31000E6F90BEBEFF121E03AB2FDFB39EBFFD28E
:10C320007F14B96AFEC60900FD22021BD93A4638BD
:10C33000EEC6055692A90A4C02C0FC0A3732E8C480
:10C340000E05F5050E052814D4F9E20CF5E406F403
:10C3500000FFFDD41230F308F1440CFF0100FE8110
:10C3600015502D2DF300EEC7F2DAF3E2F70AFEBB0B
:10C37000022D0F29D1B9E5011E00F327EE661E0834
:10C38000DEE7190F1F5F45DE7FEB2DF01620168CC0
:10C3900006E128030BE2E628E52628B7F3DD141CA6
:10C3A00013E300F927FAF6E03BEF9ACCC518CDE588
:10C3B000FBDBD581E708ECD405499D4DF9EEF8EE9D
:10C3C000FA980A3AEDFD3926BD08DC000C0FCEC202
:10C3D000092FADE94819FE39473338B5202230819D
:10C3E00052A90C7FFE0416F3080B1A2113BCD412B9
:10C3F0000CB407FA00F4E0E5050612369A08084185
:10C40000DE381334EA38FA1CE1DDCA92BD071CBBE2
:10C4100017120BB5D4D1FD13F94CD0213100F11412
:10C42000D73237112D2EF1E302FC7FF2FC42F940A6
:10C4300013C2BEE12B7FDE18FFF4620D0215C52C7E
:10C4400032F0DD12FFF400014509E737132CF24CFE
:10C45000F94AFE3557FBA50E33340DDF0B283BD4CC
:10C46000CE41EDC20305240B07D2E4FF97FBF00099
:10C47000F1CC0809184AC104D7B80AF7EE81384050
:10C480004EEB3B9967D5E4A2AFEBE20B0203A31F8F
:10C490008109ED0EE4F4FFF90015013E060AC51707
:10C4A000FBC306F6D815181925E3BEE40207F97B8D
:10C4B000FCCEFDE91E50F6EFF3E4C4FC0F420EFA89
:10C4C0000900F545D13015F4EDDA86EFE997D9B4D6
:10C4D00005810C623E29F2B6F0D8D030F2F3D604D2
:10C4E00059E97FEFDD39D3CBE8FC00EDEAEA11D45E
:10C4F000FFF20806DCFBBAC9CDC3D33C2DFF400ACE
:10C50000BDCAF0B5D3E6E514FF4B126BD722F68116
:10C5100089E7CA00AFD4FE945712FAD4ABE8E98E8B
:10C52000D8FEFF372ABF39AB9F3424A420F904DF9B
:10C530001E03F61FDE0FDC2D81F9F80600EA20FC51
:10C54000E62AE8F00F0E1EFD1FCEF7DA1E062C318C
:10C5500012F1241CEEE3E8130807F9D503BECDC998
:10C5600016DA1C15CF00F945062A204FFC19AE0635
:10C570000FEB30E9DFB7067F44D52478C7C4FA1340
:10C5800014044FFC3D15F0FFF106B5AEFFF20001BB
:10C59000CC14DB15251A0F03FC08E4114A81FA00BC
:10C5A0005CD328B3A9A249F1A8C6010FFC1B1B66E6
:10C5B000A9DEFC8132223A00EA0FFEF02433C26287
:10C5C000DB09BFC5CC259C26FE4EED0DE9F542DB0F
:10C5D000FCCDF5D5DF202A09FAE5D029054D0E005E
:10C5E000000F0AC93BFFD7E1A1D1ED260C29F37F4B
:10C5F0001121EF06F20B21F713D30FFC1DDBDFD364
:10C600000C4441170FED3D070200E3034A810FF090
:10C61000FE1BFEF9953A3CFF50460D0116EBE5A3D3
:10C62000FB43EB9B30141127F5E92D0BDCE81106D9
:10C630001CD500FADADD8138CFD727B5379F1FD454
:10C64000EE3B418D322605CAE624B1C0AAD31607B7
:10C6500006FC2318E0F2EC16C8240200041EF2F5D2
:10C66000E02A1620CE2B03B6F24221EF81DD42BE36
:10C67000330414CFF360A5F7EDFDDC14BBEB1BE630
:10C6800029290811000E022408F02EB30833D4C75C
:10C69000317FF2E832F2F226231553C5BEF7D8D423
:10C6A0002C1C923817851113AAD54CC8EC003DB448
:10C6B00081DFE90E1EF24200D1D148BC69FF7EAC99
:10C6C000DFADD8DCE61C3A08113ED0B2EDECE52C2B
:10C6D00019DE20EE00F70016EEF6D9433D272015AF
:10C6E000D5051E811E3E098A3703C702F1D423D91E
:10C6F000387F557EB0F98FD19F494BF79E5BF6008E
:10C70000EE61B353E60897EEF3A019DDEACE6013AD
:10C71000AD2B18FDF6F437A1EF49E40740CEAC0B82
:10C72000FB150E040B01161B00FBF3ED2207CF00D7
:10C73000F6F3F2C82F24020B092B0C0981F78112A2
:10C74000B0E01D88F6F71E0EF22FBD0DE140DCD7DC
:10C750002D0002040D2615EE0B13DBF2E3D41AF7BD
:10C76000BB0F4917C059BCCE0F4E6448FC00D20A1B
:10C7700042EBA0FBED25A7E8113F0010E521FE13D9
:10C78000093011D881D0D42470160952F1DA2B4126
:10C79000C21E810D12F10009031519D4F0DF3B0C04
:10C7A000B7F3F50004F92530D20D21F607FE012379
:10C7B000DD1D0DFDF9BFE1E5281602E737DF023187
:10C7C000D20A1C041801DB20D911110E00053BB15F
:10C7D000FAE83533B9E43B37D41EE1C6EC3C5BF7ED
:10C7E000928109F30CF2E904F6FF0DFE03ECF7F574
:10C7F00002F708FD1D000DFFFFF2D5161FE6DFF35F
:10C8000002181EF63C1A2FCE0A81C38FC681F10B87
:10C81000E42C1E0FD5B7A5AACDE56A34293A000449
:10C8200044C039ECADBFB8F17C6AC0CDF0EED6861D
:10C830000499C74EA22A307FF31514F6E5D6FE40C0
:10C840005DE2060C37F69A00E1BB0BF708C4114B0A
:10C850001014C56DFEEF5BB4D9313AC34C481D814D
:10C8600006FE2BE61215D71EEBE6F306163708FE7A
:10C8700000FD49EB232FF52CD57B220E1AE0523414
:10C8800041CC4D1B111C1D12E8DD290DEC161019B1
:10C89000FB07291A04F3E9FFE700FCDAE606120AAF
:10C8A00001F8DFEB03EB0835A101810E1E103AF40D
:10C8B000D30EF100F7F616FBF3081EEFDC0E141191
:10C8C00002FD000320FC331F0DDE33E71D099781B5
:10C8D000CAF5DC07D9283B17FA03150DF8D506066B
:10C8E00005F4F60127FDF7311C11FE00FEFAF80BE6
:10C8F000EDFC1E0B1E09F5160A0BC61C8122222117
:10C90000251CC7C92124E42446262FE72D02E7CFA2
:10C910003F6456FC00E6DA05D3E3DA19E53587EF24
:10C92000E60A4AD0FECFBFD9CB81EA59410CFEEED0
:10C93000FDC8F881FF01EB13FC1F01031500FDE0AA
:10C940000FC3D6CE28B23014DB2002BEE419B7E7FD
:10C950001ACFF2DBCE66B3F1FE0147E57F0818FF80
:10C96000FE1705E803D800060423E6EE06D6213BB1
:10C97000B506CCBF38D9CD05480DF41ACB1A21FA2B
:10C98000E82BF8E7F8C2F0698115ECEF65121500A5
:10C99000063655241DEA38D1A92221133DFF3C3922
:10C9A00093EB05B891222DB12DE021FE0706FA0781
:10C9B00028DDE7141EE1F81400F711EBD84526DE58
:10C9C0000827090BD4C60540E281014ED3FA154968
:10C9D00081C4FE59D71A2904CEE8F33C0394DF033F
:10C9E000F500FFD4ED284AFDB1DFDD1A0906ED4957
:10C9F000282809302E0ACEEF1D98BA23070FEB0E18
:10CA0000EB04A7B3EC2B2A0E120B00F122FD31FC34
:10CA1000DC99AB1909F99C81B7B59CECEEB00F0419
:10CA2000FCA97F241ED6FE110F6A0291150932F06F
:10CA30000725090015C0294DEE2327D606B0D3E7F8
:10CA40000B6CDE96FBC93088EE2DA0B42FA2D11E50
:10CA500017FB12F645CB17D2CE42C5EC00EFB10E54
:10CA60007FCC2DDF15A223195311EFC390E000C135
:10CA70001EC9F404B20B89BA1678236C00FD5FE07E
:10CA8000BF2226E61200FBEECFB71DDE670EB3B65F
:10CA9000AF60A5E41C81E12DB4C3302A4E810EF3B2
:10CAA000EA04EAFA00235230F8FE5B0CF5100004A9
:10CAB0002608401F2DE6D72C2316BFDDEB160CFBF6
:10CAC0006A1D2EE6FFD5A7C7073106FB4208FB3CCF
:10CAD000EEF706FECEE7E700F813CE81D54440E33B
:10CAE00003092CC60A1E34FEF2C1412F0C0D36CAB2
:10CAF000DBD7FED63AEDFB16231C1C0205141704E7
:10CB000000FF28D8421F04EB454B0D0406FA0337FB
:10CB10000601302881D4FB1B4CCD09FF0439F8F9FC
:10CB2000FCF5D80DCF9601F919000BFF2856CF3A26
:10CB30001FBA10EB0001811FDC61122F432F590C2B
:10CB40004381FE1DE20053FC9F1F98E4DF3845EB54
:10CB5000B6D000FCEBEB35D834CAF761907646C806
:10CB6000120DDC4362D6AFD2C823D4F70B0016E314
:10CB70000FF11607E90C07FCD72A0800F63911A2B5
:10CB8000CF2109EC34140525E72C81DC0B01151DA0
:10CB9000F1FC04B1D443E415D90B07134E2813124A
:10CBA000106A21BD0006EE1BCD0CDCC7233E2440DD
:10CBB0008B367F72EE13A1FDCF05B54082C920A14F
:10CBC000132808CDD6D439DC4E40D002C5000E64FF
:10CBD000E75721ECF5FF080909DF7FA06C3A0F9FAA
:10CBE000953D101FC3DC6D4D290CD4DDBE32DDE058
:10CBF000061B133DF44100F2DCD17FDB09091DBDAA
:10CC000000C8BE4E9FF9179DF608460E1AF91B0C78
:10CC1000F9EFD916F5F0F105A4F0033B0715100064
:10CC200006F32F62FAE1DBF4F1F527F442BD3B296C
:10CC3000B6E7F781E9243EB004D4DE2A3C09DCFEE5
:10CC400025C7DBE8E8163E0E00062A2C44364A814A
:10CC5000CAD70C03E0BBE1760C16E80400EDD51C46
:10CC60007FD0770BFB1CF7C2EB45DC20F300CC0E2A
:10CC7000ED00F7F5FCD3C7050D47C9E70F0D54D1FB
:10CC8000DA1EBC1BC1401E040752185305FA4C069D
:10CC90007FCF2B17CDF915F9F5F200F52F2618F4F3
:10CCA000BC0325AB1302230D4B472F28E12AF04983
:10CCB000F322602C240E1002080311D6C60C0DF8C6
:10CCC00008101700FB33C11BE7E826CBE5FC17244F
:10CCD00020A0CF8120E2109493579229C71A33E8FD
:10CCE00035F05720D2453F172404F60600FF0EC842
:10CCF000DEF6DCC99A7F2846B6A353DDCB4E250469
:10CD00002543BF81D23D07F2F8DD03DF0B38FCFA83
:10CD1000163F1DF60000E636D7240DFB06FA0CE29E
:10CD2000FD1C31D61218B9301452EE24FADFD90E98
:10CD3000E301FAF3F4EB13F5FF0F8100DD2200F3BA
:10CD4000FFC482FDE1162004FB1720E5FCCE06544B
:10CD50000B381DE1202401F725202C042A7FCC2B41
:10CD6000324833FAC9FAF600FA40FF4833E814F8BB
:10CD7000CA061C10DE4BF2EBFCE4220DF2F7432B4B
:10CD8000EE09FEF8DEFA411ED30B0B13E9F700049F
:10CD900000FB05C2E83CD5F7CB31CC0FD656D7DF28
:10CDA000097F2B1D3B1FF0D3B3255BA50770F57BD7
:10CDB000EC00BD14EBFF4FEA050009391F113F3F9E
:10CDC0002B2A42F8E57F102C03F64D2E2734AF13A3
:10CDD0003A63A0F581F952EB26FBA7FC04C4C357C4
:10CDE00005ED00FDC8F756F7A4D000853A77B5F5F4
:10CDF00065CED1511A1D7CE58121C80E19E0F6E3FC
:10CE0000F0F7DBD3F8FD4A463BF14100FC481C50EB
:10CE10001DF43F1FD53737012D3AF81D15F436E9BB
:10CE2000022713FE58DEFBFD18FE81136BDF17FC93
:10CE30002011E519000FFF27603735D14F4E1FF441
:10CE4000F7F3ECD8CB6327023D45B7037FD2FEEA68
:10CE5000F6470506E0D7150D56F3A009D700F242B4
:10CE6000CEF00B74DA3BA9AE18B7086004B042C329
:10CE7000520B1C102B577F0FB8EDE43302F4752FC3
:10CE800034B0ED9BF9400003501689085B2D7838CB
:10CE9000A04F357391B047583FA2962ADB4F5F49A8
:10CEA00013CDFAEC09050D772A1EE4CDD906F5005D
:10CEB000FCEFD7F6E0EFAFF64E1DF27FD93C113A0A
:10CEC0005E13262D002140E0287FFE10F80FD208C7
:10CED0001EC1F8F318F70E0A00071BE03AD6E3D795
:10CEE000DACAF0371BB332DBD745261D3FFEF2ED21
:10CEF000A4D2060D0503071801FEF7E80BC5CCE523
:10CF00000000F3EDECF4EFF9EE1ED6EFEC7FB8067F
:10CF1000E69407D3041BE6AD6443F8D4EE02EEE1D9
:10CF200049F1C81B131C96BA16ED001081BDCCB494
:10CF3000C50AFD600C131F0BC9A59AA74FE2F22684
:10CF4000EC27CD17E930E5E126812800FFFC1CF530
:10CF5000CF1F2D00FD070BF401E1EE1B3DB6DB54A6
:10CF6000F409562C1E2B120329DEAA3281FD12F180
:10CF70002F0946FFDDE31BE133EAEEF000EBDB4D6A
:10CF80003BD85D1D57ED4A609D3545F00C1EFE3ABD
:10CF9000B17912EBE4D5CBF40528FB13070E25F984
:10CFA00012D6FBF8FE00FC0BEB812DE7EF1A1C0AF2
:10CFB0000408F7EA4316FF1D01D30E0D1F32F1914D
:10CFC000FF261314ACFD44C817DB4F0308BD00F95E
:10CFD000CFF82327F214E523BF1714F3B742FE81DD
:10CFE000E5E6EACE0951811EEBE0F319247D3AFA19
:10CFF00060D50CB708DBE100F0CED182D964CE2F2A
:10D0000012E9104B0A0973FF3B71DB4DBD10C43EA2
:10D01000C6E607F93E38CACACE4D08DFDE313CE528
:10D0200000F136F5444328E6000DF1F0814813265F
:10D03000F4DE4408D5F9CCB581FBF0EBF838AE57F7
:10D04000E5ECF753F11B39EDCC0019FA402512B489
:10D0500065702016DCFBC76D9B342DDBAA2FDBA48B
:10D06000A77CC782D6191F16D6E705310ED7C0395F
:10D07000EC22002D0CE9C9200AD8D6180765E1B8C2
:10D08000B7BF33ADD9447FBCF10AE3D0D30A14074C
:10D09000FA7F15111106E1831DDDE800FBCA1AB104
:10D0A000CDCFFCEA1F2C43D0DA5501C625EF4ADD6F
:10D0B0001ADCF500DE15E7FA08FDDE199F142BE6F1
:10D0C000ECEEF1CA00FCF9281E402FE603810A1895
:10D0D000293BE02BD2004D50C32C101847CFB90983
:10D0E000F1011C17E13F24422FCE0CFA1400FADAAA
:10D0F000B9CB3C13E622E92F992B81EE5553F83238
:10D10000EFF4370584345809FEC84AF722F727267A
:10D110002123D922C3CE00FD1A262DD035E4000AE2
:10D12000C90A4A9BF9A8C90FF9127FFB2A1027D018
:10D1300005E3EC7F16E8F69DFDF6E9EAF618ED004A
:10D14000FD01DD1D325307E4E5E9090348D331E56C
:10D150002F4162170F1A2E2E13E3374603DA0E3AC9
:10D1600081CAEBAAAC03D2D000D6E6EDFE26FF1FA3
:10D1700024604B0B4E143D1F5F033F52E56281223A
:10D180000BD72DE00FFBD62EF42CDC07D33C36FA60
:10D19000BB0017EF3CE910F904FC260EFBF22E351C
:10D1A000C1EABAD5C4F8F8FD2C26CAD9F4BE03F3F7
:10D1B0003EF8D221460D055BFD1D00F4DF4AE50671
:10D1C000071230DD670D8BEB7F939D192BF437EA47
:10D1D0003E9FCDF345A01B2DF08116FCE31951ECC9
:10D1E000B9EE3000EFD45A05EE08D0C50402CDFEEA
:10D1F0003CFBD026A7EDEDF25202B91E3A020EBB5F
:10D200000B09ABF4C50817FFB632E5DE00FAF103EF
:10D21000CE3026140022FBC5587C23E954CDA92129
:10D220009C7F56CE56EFEF0E09FC32F3F318F6F959
:10D230000501060D14000438FDDBCC3ADF2B111874
:10D24000C0FF81D5F0DB3F4214E32B181AC70C0155
:10D25000FE0DEFF24E1E2123F22B8113FAF300E5AF
:10D260001428BB0820270CC219FA032625F1143A0A
:10D270000DEE40E6518923DE0DFA491AEA811A4380
:10D28000BBB1C20C31083700F6EA3969CF2100E1A1
:10D290003B028BFD7007C705954200E12F11F6FE9A
:10D2A000B20EC30CF709B7E2E0CB01F2D21E2502A1
:10D2B0000000121157C408C110E2DB107F31E303F4
:10D2C0000104BF2F311BF02881C31603F30A103469
:10D2D00036C82C1EE61343EC0B000B3EF0CC140EAC
:10D2E000085D4831EAD25D0397110616540B114BC5
:10D2F000F1468EF0FAF61910ECF634D5C71C093B4E
:10D3000017EE00FEDC2A30E143E80F3304D90C06A7
:10D31000B7DAC87A405281E6AF18EE62F0B7060578
:10D3200015EAE9125BF3DD4D2A0B1F00DAF83A74B7
:10D33000E520290C590AE3EB03870181DB48FE57FE
:10D34000EA2A5581C6F9140DF0061E0AF92504DEF5
:10D35000E8C2FB22000C0609D7C710FDDDE4C805B2
:10D36000F432E8740D41FAFE0BD4492F7F1AC80B32
:10D37000E94B04F8E5F23DFB4E250C09E40000E51D
:10D38000E2E30FE02FE4B3FCF443003CAAFCEA48DC
:10D39000E8592A85D8C648F83BF115B7FB02B8BC56
:10D3A0000E12D5DBF1C700051905D90CD2E320B266
:10D3B00000CB8102D95DEBA049D169F9E8C05D08D5
:10D3C000D7DF13F81D330A2BD2E9143432F10B00E6
:10D3D000FEEC2DED080D812BE5F739E8E90E450E41
:10D3E000FC230FAA2B153F55080716F61B1408330C
:10D3F000E1F8F13214CF3AEE0005F92F51C6E30DF2
:10D400001FC9FF3CF8D40ECE01E22D137FFF20E1AF
:10D4100030040AFE0FFFD4F5F512D6D642FCD70C25
:10D420000500F11DB03B4CFB38422ECF567102AACD
:10D430008112D048A87617FE0E4AB01FF0080113DB
:10D44000F913E2DC35DB23CE01F700F7F1210FED14
:10D45000FB09FFE13BFED1091E81AE213EB73EE450
:10D46000514E81D224D8C7FDF342FEE82E03CCF101
:10D47000D114FF00E4D0D7A6ED1C241D3626545845
:10D4800007D2D4EBEAC6440D4B2AF9F3C7F804F2ED
:10D4900012FB3900C6CEEF192EFDF6F500FDC5E5ED
:10D4A000EA252505E6081413DAFC40E517D9D61A53
:10D4B000814D04F0FD149C00FD1EF7970904D8145B
:10D4C000FD2B0F1A0F00FBFDCFD4EA02E7FBEA00A9
:10D4D000EBB837E549E8E43F1281D2A3D5210F4CE0
:10D4E000F82530F1E9166CB30DED7FB70AD100F9DC
:10D4F000F82D6007FD16ED170448B6BAB0B1CCFBA5
:10D500000CF54216811813C8FE0A090AF7F20C44FA
:10D51000CC090AD6300F2300E32010B3E5E2E7EC94
:10D52000C2EDF8EEEA1449DD35D2E128168D2EFA67
:10D53000F830FFF91DFC3AF93EB0EF4181B3FC0928
:10D5400000EFFBD6570AC6E5C6E60339B8C2B4C831
:10D55000F9F032296410E0E7CFF7120906470E060A
:10D560000214D60209815AD7010015EB23FD2D03C1
:10D570002BD8DA1EDF03C82ECB0FED411714E99329
:10D58000363FD63E46C0621F0325E3CAC3E00E0401
:10D59000554300FDCA01FA54FFD4FD24E43ED9816D
:10D5A0000D304F274FEDE664AA3BB4411E2FE20831
:10D5B000FA2E0AF80536EDC8F1001D00FDFF59F3FB
:10D5C0004E123609DC13CA8C5A0CC4DD35B1191859
:10D5D00081FEBCE8EBF7F7E00B25D6022E15F239F9
:10D5E0002D01FDEB00237F5004660110CA32200F8D
:10D5F000AD695851D6EDECEF1E5214DC36F4F2AFA3
:10D600000FE91337E5B82809CF7F57EADE00ED8F21
:10D61000E7EE402C20F03164D756D70959344BD867
:10D62000E2C80915498135E510F1F2FDA4ECEB10D3
:10D630001F25DF3CE1E9001E12E72AF8394BE8D547
:10D64000F912DEFB0DC3ED0207F0411681EB20015C
:10D65000DCE8FA03133AEC24C2EA3DF915EA0B00C0
:10D6600011DCFA010E0B03121CF529DEB438BECC16
:10D670000743D820DF22250DC1D4BDF50F13F412C6
:10D6800005C611F54526EA25000233F3CCCADED5DE
:10D6900014B90915C84C440A00812F39C53BC7C4C9
:10D6A0004DBCFDFAED0409F914FF06E32A19C51370
:10D6B000F300E511F7ED1921C41B0CFEF8202546F7
:10D6C000451E7FE4EDE41314CF1700D522FF40F18F
:10D6D0007FD703DE29DFCCFC0A2000FEF2DD112516
:10D6E00004410845CF2736D4F444F898D2D7063FF2
:10D6F000DC09AB0FC0DE04FC2715FB2924EAD6E8C1
:10D70000B4043700F1B343FBBE091D22360F0159A3
:10D7100084F7A7858D1D067F3632DFBEE0C8242E34
:10D72000E0F1D2CBE702EF07CA1C372500E0130770
:10D73000F01A0D4539D85B0781FFB7B4FDFC00A98D
:10D74000F33ECD312FD7D6FE0CFF21C5184C25BD99
:10D7500015C6C0070500F321FF3D14010B182CD29C
:10D760000E17C5350E0C7F1144E624BBAB490CF1F6
:10D770000017601A22FC0AB71123EE2C260200EFD4
:10D78000CA0F2A1F19D927EB1BEB7F43FA0BE32A99
:10D790004908C608813B642541389A1710C1F753E0
:10D7A00086D602EA433E410015F9F73A2A07370BBD
:10D7B000AA771F055ECAE34BDCE3CEEFB4E9EF5373
:10D7C0001CC8B90B0EF549E1312FC5F6351106F825
:10D7D000002BEEE0FF22158197EBF5EF5A37DB0DBA
:10D7E0003F91F3F18C40BEB809583641EFE5B18165
:10D7F000054891EC334115111D0010EA1F6C0FF51F
:10D80000E88522F952FCFFDDC10F390A527CEE2374
:10D81000E3EC5D1FB6F26BFC2FE0875CBC02E574A5
:10D82000EC0D0012BC63D0F3D19D32611BFE4C6F36
:10D83000DFCF442346FA7F9B612EE303FB0BF626E2
:10D8400012110FFE37D1DF331708FC00FEDF16BFC1
:10D85000DB2AEF3803EE3E35D42837D11BCE0381C7
:10D860002A48650FB041E625FD39DDEE112E140B77
:10D87000E17FE9B30000E8073FF70FFC3D4713ECF9
:10D880001C4E3B4E179B07DA22F9E5B41F3226CA1D
:10D89000FC6BE57F24433C152C0B36E7D1001300CD
:10D8A0001930F4F10832F4F20B532FF9E4D0F2C13D
:10D8B000FF0C13E042110CEEEF22691F3AB6115231
:10D8C000EF0424072D8100E44AE7A0230013F0347D
:10D8D000B4C154D63B6211BF09D5672171235500ED
:10D8E00011F82E012D170F532E1F3CC03C10CE00F7
:10D8F000FD84456656E0E74E5627E5CE21F8B4F99B
:10D90000F17FD33A47C21D32D5B57DF718FCA2206E
:10D9100023A61B06ED131CEE00F0E3347FABEA25D3
:10D920003C6F55A2E57FAA7E3A0D6BB5C8B60ED600
:10D9300024E426003BD6E9C8E83FE001FAA0080647
:10D9400028000E53C49FA50B299CEB3A261F32E8F2
:10D9500010570C17ED7581F6E41BD7BAD5F90718E7
:10D960000ECF6035FEE8B3D7FE2700DDB71F9B075B
:10D970001E013BDA3CA13935AE281D0D5AF081E27B
:10D980000AE9E319001CF3FDFDFDF6F1F809FE813B
:10D99000E1EFFA00FE1B09ECFC1B15121311F9094B
:10D9A000D7E4F1132EF41FF5FFF488F9F0ED1E30E3
:10D9B000EEE6FD1EAAC2E8391C111D1200FC00256E
:10D9C0001539FBDBDBDFF5F5291711C8BEEA7FC38C
:10D9D0003E1CEBFD3FCD0AEDF604FAF5F816FDF11D
:10D9E0000BEF06F518000F0204ED26DD082F3012AC
:10D9F000011340F4D54781410236092B3DA71100A0
:10DA0000E6FD050B810B05D00B0C39031DD500FD80
:10DA10003312D3D9F1140326D70412FF183EF608A7
:10DA20002E0F28192B085D0A1B452113ECE21A2240
:10DA3000F12CEFE9D3FBEC00F8C6F7D14222FAB79C
:10DA4000C6F1E4D1FF430A3C7F1C600DED2FDD7F62
:10DA500068FDF4FCED0F131D76FA30013FE2DE0F96
:10DA600000F7BB096BC64FD29A433500349D59D697
:10DA7000B51C0EC6E51E77D147F807DAF206110F7E
:10DA80002EE919CB2BD0D70FF300FBFB2948C5F9A2
:10DA9000E4BBEAF2F3635B52E2E07FFD1FE9DC35B1
:10DAA00029C5BF08F9F9FFF32B0ED02410131F4628
:10DAB0000CFA0007C2E2E5EBE8D6E1FAD1F1F62F65
:10DAC0000F7F0E2412FAD029ECFFA75E98EBF4D753
:10DAD00002A91AA726BDDF7AB0F2E000FD73CEF8E6
:10DAE000CAC39C090B570331D9ED81F0CEDF0E7309
:10DAF000A90F98B3AF7955D3BDC9100E81D9FACC0F
:10DB000098265B140028E83567B01E54C5CD4A132B
:10DB1000BE1350DA2F1C162A06FAF1F612DDF700B2
:10DB2000177FF1EF30E51036C7DD51FCD100FF1B48
:10DB30002D090301FBECE9FB03D7F72FDCFFFC64A5
:10DB40003103D19E22A9FF39B708F0130A1594F7C3
:10DB50000917FFD7F3DA00F711AA8140340242EE29
:10DB600013E9D841CA30F8392FCEE1F523B410C3F8
:10DB7000570A0B2F0FA7EE38AFE8345A1E211000BA
:10DB8000FF5A0876F21BFE00CDB4DBDA81D7C1DC88
:10DB9000F3ECCAE0C7221FF028FD1FFB0AFC245C3F
:10DBA000155A2B1E0F0C0E070009E3FFCAE8DACC4A
:10DBB0001B22C00016122E81E41AFEF3E5E776DD83
:10DBC000D61781EAE4DF0CF533DF233CABB5BAFAB4
:10DBD000EA00F842AF9D3C1DDEE206B6AB1489FABE
:10DBE000B505585BE4FC46FA330FFA060019E30B5F
:10DBF00081FB3633F3F4D5330A0200FFF94259E5CD
:10DC0000DD01293716115415F14101743E0588399B
:10DC1000DEF808280400F9F1F719F74AF5CEFCEE12
:10DC200034F625001D123BEB07C9B2CBAAF2CD4C4E
:10DC3000B71CE9937F3CF159E379DB2B25F8FC3CD9
:10DC400029223AF30F28EDFAF190FE2F00C881F354
:10DC5000CFCB45D6DF4B4D174FED62B1B715DC1179
:10DC6000B315F51EA6EFF05518521465FAFE5BE8E1
:10DC7000298BF8F606000597EED7D146984C02910D
:10DC80008EAFDC7FEABE5B5C25433CF468B8D1F420
:10DC9000F7C269FD3F3BE7E136A611A62CF7000568
:10DCA000B5337F232857D3581625022542B8E2F909
:10DCB0003FD3D20A0AB84C3144F2D1AF1C81CED93D
:10DCC000D1150AFD27E9D600F9D5E11C36C5211189
:10DCD0002E0621C3F0F8B2A11938B816AF193B3798
:10DCE0006E240BEFFA23FDFFE30512F700453F24F6
:10DCF00000FE19CC1AE9F7DD812100F7E7450EBBDC
:10DD00000E0723B6B999E81832070B0F01F80F0474
:10DD1000F820E6EC037F090CE50001F3341FD1C8BD
:10DD2000F5E7C5111AF26EAB143B162AF6AC3AC9E8
:10DD30001F47DD0012F220FA54E537F30A208B0763
:10DD4000EEF400FD81371CCC37B0E8DEFFB7C01120
:10DD5000081BE0E414E60B1B4417CAF112121F481B
:10DD6000D5A2FAEB1B0FCD0D02EED40006CEFCDEE1
:10DD7000F6EAF6FED9EA1DFEED3447F3C025C2816E
:10DD8000DBE29F6E2DBE1735392D381EC11BF608FC
:10DD9000A888F31B00FBA5B21F2E302A62478FC351
:10DDA000ECF17F0FB4E70B28BA77F133C119D9FE34
:10DDB00009050914F80B10221CBE111A0100DFA47A
:10DDC0003B0BD7D123B216D8B24E81C5ED33567472
:10DDD0003DE5DD4DE1380FFF18EB0F09F50B4AF279
:10DDE000F2F92DB01B2300DAF7E981FEF6FA442D93
:10DDF000FC4AFF1BB5D8045A42F1C6D3C90AC41E57
:10DE0000FE7618E3DAF6167FE5401E56FDF31500A0
:10DE1000FDD1503D110A18C3FA9F03A7EA2BDDE19B
:10DE2000D805D02C9F46A4D1D887E4E21D0A09E783
:10DE30009626C532DC030FC300EFD611DDB9F2A17F
:10DE4000143807CF2D9E4B7F89849E0507B90B118F
:10DE500059A5E4FBDC46F7F3F408F131FDEEF904D3
:10DE6000D4000905F9363ADBE542198F2081D9F84B
:10DE700073C54DE51B3AFCEDF4D20FE4E4323BE907
:10DE8000DBDC29CFAD1BF0DA192000100CFDB22D20
:10DE900035C3D3EE88CE7FDE1A664B0B2346EF3BAD
:10DEA000113F06EC20E4237FF8CEB8D2F53B140DE9
:10DEB000FD27FD00FF30FA051A2D37E50D24F8097E
:10DEC000C8D30C21FDE21111F181D9293417B4F91D
:10DED000D6CFA1BBA6F0D328B1F11C2C00FFBBDC30
:10DEE000434A4507E12E544B0A27CC0543C5B6B932
:10DEF000DF45021F1B10D4E7FAED1F08150ACCE816
:10DF000016AF05FA1200FF16E8011F0B3CFF26E4CE
:10DF1000BFA5FC407F1EE2C912E8AA04CE46F9BEA6
:10DF20006FD846EB73E5A96981F744273E0500F2F7
:10DF30003805794BF5E3EB430C148DA9B6D8BAFF3D
:10DF400023E624CF0D1C652EF61826F02281F61E3E
:10DF50001DD119CC2CFB210014B8FF4BEDD2EDA143
:10DF6000E12DA32B4C1ADA0434CD4E08C4E107FA94
:10DF7000F3FCF30FF001223C192E0BEDE6F8F8FD4F
:10DF800000FC251BF915CC1AD9E5E824ED81D0FA5F
:10DF90000603E3FC0CE60FCADB2403FA002D14474A
:10DFA00006DAFBF4F781F3D51100F6152DD9EE331F
:10DFB000CE4D33FE1ECD2DE20A42FE4B434A3106C2
:10DFC00093613B1DD31B010857DCB560B207395282
:10DFD000FCEA00FD811DB84FE108D24C3632268F95
:10DFE00076FB450048EE40EC32326463373937390E
:10DFF000333430633334616636313338343061382A
:10E00000636566373062633037663436396165324E
:10E010003134333932353636306366333331326634
:10E02000333634373565326400000000A100A400A7
:10E03000A500A200A30000000100020008001000DB
:10E04000200000000100000084E001000300000047
:10E0500054E00100000000200000002000000060EB
:10E0600000010C0300000020000000200000000858
:10E070000000020300000020000000205400000007
:10E08000000001031C200020942000200000000359
:10E090004275696C7420776974682052656E657387
:10E0A000617320416476616E63656420466C6578B7
:10E0B00069626C6520536F66747761726520506188
:10E0C000636B6167652076657273696F6E20362EAB
:10E0D000352E3000362E352E3000000000000506AB
:04E0E000F8B500BFD0
:04E0E400F8B500BFCC
:04E0E800C100000073
:04E0EC009900000097
:04000003000010C524
:00000001FF
